patient_key,patient_national_id,patient_full_name,gender,birth_date,insurance_type,city,blood_type,phone,created_at
1,82423884986,Turan Gül,E,1971-10-22,SGK,İzmir,O-,+905354679591,2026-05-13 01:48:12
2,36916697850,Yusuf Bahçeli,E,1991-05-09,SGK,Kayseri,AB-,+905315476583,2026-05-13 01:48:12
3,80482814814,Hande Kılıç,K,1985-11-03,Özel,İstanbul,AB-,+905329897858,2026-05-13 01:48:12
4,53039117188,Yusuf Güneş,E,1943-03-11,Özel,Mersin,B+,+905328973915,2026-05-13 01:48:12
5,44657871316,Sude Erol,K,1998-05-03,SGK,Diyarbakır,B-,+905394860684,2026-05-13 01:48:12
6,20518347336,Fatih Yıldız,E,1966-07-26,Özel,Bursa,O-,+905398930103,2026-05-13 01:48:12
7,75667010686,Kemal Kaplan,E,1965-03-19,SGK,Bursa,O-,+905334214348,2026-05-13 01:48:12
8,83178108006,Gizem Koç,K,1931-01-13,SGK,Konya,O-,+905327818496,2026-05-13 01:48:12
9,70647468754,Eda Kılıç,K,1999-01-23,SGK,Eskişehir,AB-,+905302022698,2026-05-13 01:48:12
10,98208121900,Selim Turan,E,2018-10-20,SGK,Diyarbakır,A+,+905315130808,2026-05-13 01:48:12
11,95435346212,Sevgi Karakaya,K,1980-09-21,SGK,İstanbul,O-,+905352217071,2026-05-13 01:48:12
12,94251354272,Orhan Doğan,E,1972-05-18,SGK,İstanbul,AB+,+905349874152,2026-05-13 01:48:12
13,28244935322,Volkan Alpaslan,E,1962-12-30,SGK,Adana,A+,+905389196204,2026-05-13 01:48:12
14,15242786858,Bahar Şahin,K,2023-05-26,Özel,Antalya,B+,+905321604451,2026-05-13 01:48:12
15,60533158630,Ali Özkan,E,1937-02-23,SGK,İzmir,O+,+905333726327,2026-05-13 01:48:12
16,44216073366,Kaan Tekin,E,1945-11-15,SGK,Bursa,A+,+905344818418,2026-05-13 01:48:12
17,24586850132,Duygu Koç,K,1952-02-12,Özel,İstanbul,A-,+905395453786,2026-05-13 01:48:12
18,91693406064,Derya Acar,K,1964-08-11,Özel,Gaziantep,A-,+905337110622,2026-05-13 01:48:12
19,94656482396,Selin Özkan,K,1977-06-01,Özel,Gaziantep,A+,+905326049101,2026-05-13 01:48:12
20,67773872142,Sude Acar,K,1998-03-27,SGK,Bursa,B-,+905336207974,2026-05-13 01:48:12
21,89176936740,Ali Öztürk,E,1985-06-12,SGK,Gaziantep,B-,+905302788238,2026-05-13 01:48:12
22,41727889578,Eda Turgut,K,1931-09-30,SGK,Gaziantep,O-,+905399468772,2026-05-13 01:48:12
23,44873471468,Hazal Özdemir,K,1997-12-01,SGK,İzmir,B+,+905382351868,2026-05-13 01:48:12
24,26658760370,Fatma Doğan,K,1947-07-19,Özel,Konya,A+,+905307381734,2026-05-13 01:48:12
25,98937346728,Funda Tekin,K,2015-06-06,SGK,Konya,B+,+905363768991,2026-05-13 01:48:12
26,11627204610,Sevgi Karakaya,K,1993-11-27,Özel,Adana,O+,+905357360682,2026-05-13 01:48:12
27,90531003304,Sinan Demir,E,1941-02-24,SGK,Konya,A-,+905333117636,2026-05-13 01:48:12
28,39912419020,Berna Güneş,K,1941-06-01,SGK,Eskişehir,B-,+905367654757,2026-05-13 01:48:12
29,29058651804,Kemal Özkan,E,1989-10-10,Özel,Gaziantep,AB-,+905372770648,2026-05-13 01:48:12
30,94987769470,Uğur Kaya,E,2001-03-30,Özel,Bursa,O-,+905348563202,2026-05-13 01:48:12
31,62735454916,Ayşe Köse,K,1981-08-02,SGK,Bursa,A-,+905309667566,2026-05-13 01:48:12
32,47770143698,Müge Turgut,K,1980-06-08,Özel,Konya,AB-,+905397191135,2026-05-13 01:48:12
33,54431351804,Ebru Polat,K,1938-02-08,Özel,Eskişehir,O-,+905334630331,2026-05-13 01:48:12
34,53524082458,Elif Çelik,K,2024-08-03,SGK,Kayseri,O-,+905343118618,2026-05-13 01:48:12
35,87752047156,Barış Kurt,E,1947-09-05,Özel,İzmir,B+,+905311899411,2026-05-13 01:48:12
36,96999386706,Okan Alpaslan,E,1950-07-17,SGK,Diyarbakır,A+,+905366123430,2026-05-13 01:48:12
37,22328120628,Hakan Özdemir,E,1970-09-16,Özel,Bursa,AB+,+905341547605,2026-05-13 01:48:12
38,59361832478,Zeynep Yıldız,K,1958-04-13,Özel,Diyarbakır,AB+,+905326160869,2026-05-13 01:48:12
39,74887719034,Serkan Özkan,E,1936-11-29,SGK,İstanbul,A-,+905395200476,2026-05-13 01:48:12
40,12787429684,Cem Karakaya,E,1975-03-29,Özel,Gaziantep,AB-,+905376837817,2026-05-13 01:48:12
41,77468071538,Emre Bulut,E,2004-10-19,Özel,Kayseri,O-,+905381019311,2026-05-13 01:48:12
42,69770348262,Can Çetin,E,1945-05-21,SGK,İstanbul,B-,+905373037191,2026-05-13 01:48:12
43,96131712752,Rüya Yılmaz,K,1950-08-27,SGK,Konya,O-,+905347970771,2026-05-13 01:48:12
44,73982146516,Rüya Bahçeli,K,1943-12-29,Özel,Eskişehir,AB+,+905305745250,2026-05-13 01:48:12
45,85588675338,Gökhan Erol,E,1952-07-25,Özel,Gaziantep,A+,+905364918527,2026-05-13 01:48:12
46,37028951724,Funda Erdoğan,K,2012-05-06,SGK,Kayseri,B+,+905327878299,2026-05-13 01:48:12
47,71586578030,Berna Bulut,K,1982-06-25,Özel,Eskişehir,A-,+905344816586,2026-05-13 01:48:12
48,34005045506,Kemal Avcı,E,1982-08-16,SGK,İzmir,B+,+905364020853,2026-05-13 01:48:12
49,89237474082,Şeyma Öztürk,K,1945-12-17,Özel,Ankara,O-,+905383650391,2026-05-13 01:48:12
50,84367136930,Hande Özdemir,K,1980-05-20,Özel,Kayseri,O+,+905341368085,2026-05-13 01:48:12
51,84395339464,Barış Aslan,E,1966-06-11,Özel,Kayseri,A+,+905322630140,2026-05-13 01:48:12
52,62145623278,Didem Yalçın,K,1931-11-08,Özel,Adana,B+,+905389418719,2026-05-13 01:48:12
53,27123685150,Banu Bulut,K,1959-12-30,Özel,Konya,AB-,+905383073474,2026-05-13 01:48:12
54,47098593106,Ezgi Kaplan,K,1975-05-21,SGK,Ankara,B+,+905347850067,2026-05-13 01:48:12
55,21382675846,Murat Köse,E,1967-02-24,Özel,Konya,O+,+905362661307,2026-05-13 01:48:12
56,87351585080,Batuhan Doğan,E,1984-03-12,SGK,Kayseri,B-,+905372538024,2026-05-13 01:48:12
57,39318393368,Kaan Öztürk,E,2003-07-13,Özel,İzmir,B+,+905305651899,2026-05-13 01:48:12
58,30539502478,Yusuf Demir,E,2012-08-17,Özel,Konya,O-,+905312066326,2026-05-13 01:48:12
59,49084700710,Gökhan Ertürk,E,1946-05-28,SGK,Eskişehir,O-,+905319225346,2026-05-13 01:48:12
60,31249985674,Eren Taş,E,1943-12-15,SGK,Diyarbakır,O+,+905379481739,2026-05-13 01:48:12
61,77365766186,Enes Doğan,E,1997-06-07,SGK,İzmir,O-,+905347279729,2026-05-13 01:48:12
62,71528098886,İbrahim Akın,E,2004-10-15,Özel,Eskişehir,A+,+905358095702,2026-05-13 01:48:12
63,93273158592,Ebru Kaplan,K,1999-07-25,Özel,Mersin,A+,+905338199311,2026-05-13 01:48:12
64,55502296116,Burak Koç,E,2008-03-28,Özel,Gaziantep,O+,+905384609330,2026-05-13 01:48:12
65,55991022968,Ceren Güneş,K,2023-12-26,Özel,Konya,O-,+905378113787,2026-05-13 01:48:12
66,25614978484,Sude Ertürk,K,2013-07-11,SGK,Bursa,AB+,+905301128967,2026-05-13 01:48:12
67,61076226886,Volkan Kurt,E,1973-07-31,Özel,Gaziantep,A+,+905352209226,2026-05-13 01:48:12
68,69696641614,Serkan Göktaş,E,2016-02-16,SGK,Eskişehir,AB-,+905398719145,2026-05-13 01:48:12
69,79681645398,Elif Öztürk,K,2003-04-05,Özel,Mersin,B-,+905382913049,2026-05-13 01:48:12
70,22432921296,Fatma Öztürk,K,1939-09-04,Özel,Kayseri,AB-,+905378531380,2026-05-13 01:48:12
71,87449058106,Gökhan Göktaş,E,1994-04-24,SGK,Adana,A-,+905307186390,2026-05-13 01:48:12
72,90793597818,İrem Yalçın,K,2006-09-26,SGK,Eskişehir,A-,+905316761929,2026-05-13 01:48:12
73,88892554672,Okan Avcı,E,1979-06-01,SGK,Kayseri,AB-,+905391878547,2026-05-13 01:48:12
74,74492519258,Elif Turgut,K,1950-06-13,Özel,Diyarbakır,A-,+905363163449,2026-05-13 01:48:12
75,91685054266,Duygu Aydın,K,1949-09-07,SGK,İzmir,B+,+905334800761,2026-05-13 01:48:12
76,98059296222,Elif Ertürk,K,2002-10-02,Özel,Antalya,B-,+905307893063,2026-05-13 01:48:12
77,93473597726,Hazal Yıldız,K,1935-10-31,SGK,Gaziantep,B+,+905389849306,2026-05-13 01:48:12
78,85818141220,Volkan Aslan,E,1992-02-28,Özel,Bursa,O-,+905362538698,2026-05-13 01:48:12
79,78536153064,Onur Aslan,E,2004-06-15,Özel,İzmir,A+,+905353450300,2026-05-13 01:48:12
80,89010432872,Büşra Turan,K,1940-08-16,Özel,Adana,B-,+905362865405,2026-05-13 01:48:12
81,79711798032,Fatih Öztürk,E,1972-01-11,Özel,Gaziantep,A+,+905325886733,2026-05-13 01:48:12
82,31851888844,Barış Tekin,E,1977-09-15,SGK,Antalya,AB+,+905307490791,2026-05-13 01:48:12
83,41952058510,Zeynep Korkmaz,K,1954-05-29,SGK,Kayseri,B+,+905379028420,2026-05-13 01:48:12
84,53030548660,Serkan Şahin,E,1942-09-14,Özel,Kayseri,B-,+905341614394,2026-05-13 01:48:12
85,51566765292,Eda Bulut,K,1974-11-07,SGK,Ankara,O+,+905385474830,2026-05-13 01:48:12
86,94511544788,Sinem Kaya,K,1977-02-17,Özel,Konya,A+,+905376897979,2026-05-13 01:48:12
87,26582029734,Bahar Aslan,K,2024-01-14,SGK,Gaziantep,A+,+905357075878,2026-05-13 01:48:12
88,81928565420,Ezgi Güneş,K,2005-04-30,SGK,Mersin,O+,+905329372568,2026-05-13 01:48:12
89,49473121720,Berna Avcı,K,1994-03-30,Özel,Eskişehir,A-,+905356828829,2026-05-13 01:48:12
90,68313237070,Ceren Kaya,K,1971-11-07,SGK,Diyarbakır,A-,+905373177199,2026-05-13 01:48:12
91,96691251784,Gamze Turan,K,1973-11-18,SGK,İzmir,O+,+905324052834,2026-05-13 01:48:12
92,52253584172,Osman Bahçeli,E,1990-12-25,SGK,Diyarbakır,A-,+905326080553,2026-05-13 01:48:12
93,69001094302,Emre Uysal,E,1946-07-02,Özel,Kayseri,AB+,+905309355692,2026-05-13 01:48:12
94,57102767768,Esra Gül,K,2003-12-05,Özel,Gaziantep,B+,+905356794356,2026-05-13 01:48:12
95,81473210400,Eren Öztürk,E,1932-07-02,Özel,İzmir,AB-,+905365165284,2026-05-13 01:48:12
96,97747016876,Emre Köse,E,1983-01-24,Özel,İstanbul,A+,+905396920597,2026-05-13 01:48:12
97,58016245618,Sinem Turan,K,1978-04-17,SGK,Antalya,AB+,+905394265774,2026-05-13 01:48:12
98,94991216540,Nil Avcı,K,1949-08-01,SGK,Bursa,O+,+905353420404,2026-05-13 01:48:12
99,67872982582,Ali Aydın,E,1950-02-19,Özel,Diyarbakır,AB-,+905366020319,2026-05-13 01:48:12
100,65169409774,Melis Demir,K,2001-04-17,SGK,İzmir,O+,+905399060593,2026-05-13 01:48:12
101,23075626326,Ali Karakaya,E,1965-07-04,SGK,Eskişehir,B+,+905372044906,2026-05-13 01:48:12
102,75278585412,Melis Çetin,K,1984-01-08,Özel,Bursa,AB+,+905346007984,2026-05-13 01:48:12
103,85844198670,Turan Arslan,E,1947-11-19,SGK,İstanbul,AB+,+905325872986,2026-05-13 01:48:12
104,83384842190,Hazal Özdemir,K,1972-01-12,SGK,Kayseri,B-,+905331851702,2026-05-13 01:48:12
105,67120826798,Kemal Tekin,E,1983-12-18,SGK,Kayseri,A+,+905355788474,2026-05-13 01:48:12
106,36206724044,Orhan Şahin,E,2022-11-24,SGK,Kayseri,O-,+905348622712,2026-05-13 01:48:12
107,25274205456,Bahar Çelik,K,1966-02-04,SGK,Gaziantep,AB-,+905327802999,2026-05-13 01:48:12
108,37530463708,Elif Kaya,K,1949-12-10,SGK,Adana,AB-,+905391191859,2026-05-13 01:48:12
109,52684145904,Yusuf Polat,E,2003-09-12,Özel,Eskişehir,AB-,+905328633275,2026-05-13 01:48:12
110,49187851968,Pınar Doğan,K,1990-08-29,Özel,İzmir,AB-,+905333514105,2026-05-13 01:48:12
111,81870728652,Hakan Yalçın,E,1988-07-31,Özel,Eskişehir,A+,+905376170227,2026-05-13 01:48:12
112,20651801788,Aslı Doğan,K,2013-02-10,Özel,Antalya,O+,+905328052503,2026-05-13 01:48:12
113,92512868292,Funda Akın,K,1983-05-13,Özel,Konya,O+,+905306005700,2026-05-13 01:48:12
114,62431069056,Okan Polat,E,2006-03-23,SGK,Konya,A+,+905391563316,2026-05-13 01:48:12
115,48302843956,Mert Avcı,E,1998-01-12,Özel,Kayseri,B-,+905343403511,2026-05-13 01:48:12
116,99268705680,Bahar Aslan,K,1949-05-22,Özel,İzmir,AB+,+905367849452,2026-05-13 01:48:12
117,43427086622,Orhan Turan,E,1985-10-27,SGK,Bursa,AB-,+905335278117,2026-05-13 01:48:12
118,93046990190,Ezgi Akın,K,1991-01-23,SGK,Antalya,AB+,+905374504577,2026-05-13 01:48:12
119,83936385410,Can Alpaslan,E,1972-06-15,Özel,Adana,AB-,+905356174467,2026-05-13 01:48:12
120,63556093254,Elif Turan,K,2008-07-18,SGK,Adana,B+,+905398005797,2026-05-13 01:48:12
121,47854777290,Tuğba Erdoğan,K,1979-02-17,SGK,İzmir,A+,+905329192588,2026-05-13 01:48:12
122,72312038736,Fatih Yılmaz,E,1970-06-22,SGK,Kayseri,O-,+905399106820,2026-05-13 01:48:12
123,70084840854,Orhan Turgut,E,1938-10-06,SGK,Ankara,B+,+905322795437,2026-05-13 01:48:12
124,55461567920,Tarkan Çetin,E,2000-12-11,Özel,Ankara,O+,+905311531577,2026-05-13 01:48:12
125,10217659168,Rüya Turan,K,1931-04-23,Özel,Eskişehir,O-,+905334546989,2026-05-13 01:48:12
126,99025039232,Mustafa Koç,E,1937-10-22,Özel,İzmir,B-,+905316021033,2026-05-13 01:48:12
127,28501631578,Funda Aydın,K,1970-07-14,Özel,İstanbul,AB+,+905366475691,2026-05-13 01:48:12
128,96629619402,Tuğba Korkmaz,K,1938-04-06,SGK,İzmir,O+,+905315495824,2026-05-13 01:48:12
129,21047541240,Derya Güneş,K,2012-09-26,SGK,Gaziantep,A-,+905389597330,2026-05-13 01:48:12
130,29956046696,Kerem Turgut,E,1936-07-31,SGK,İzmir,O+,+905339742683,2026-05-13 01:48:12
131,57212646496,Cem Özkan,E,1987-11-11,SGK,Eskişehir,O-,+905345137094,2026-05-13 01:48:12
132,50659657520,Elif Aydın,K,1963-06-15,SGK,Adana,AB-,+905393283789,2026-05-13 01:48:12
133,75479356422,Derya Kaya,K,1947-11-09,SGK,Diyarbakır,B+,+905314352088,2026-05-13 01:48:12
134,51672434204,Sude Avcı,K,1964-11-01,Özel,Diyarbakır,O-,+905318534089,2026-05-13 01:48:12
135,68911352960,Pınar Şahin,K,2013-11-25,Özel,İstanbul,A-,+905362777454,2026-05-13 01:48:12
136,99937567960,Yasin Çetin,E,1985-11-18,Özel,Ankara,AB+,+905309099554,2026-05-13 01:48:12
137,64573875724,Yusuf Bahçeli,E,2011-12-02,SGK,İstanbul,A-,+905316037595,2026-05-13 01:48:12
138,48282586744,Elif Kılıç,K,1995-06-26,Özel,Kayseri,O+,+905324127053,2026-05-13 01:48:12
139,89660334144,Tarkan Çelik,E,1964-08-12,Özel,Antalya,B-,+905327136988,2026-05-13 01:48:12
140,95969691598,Volkan Köse,E,1975-07-02,SGK,Diyarbakır,A-,+905325990296,2026-05-13 01:48:12
141,51252866982,Selin Öztürk,K,1995-10-10,SGK,Kayseri,B+,+905329164971,2026-05-13 01:48:12
142,35790507286,Banu Aydın,K,1995-07-31,Özel,Gaziantep,O-,+905389304216,2026-05-13 01:48:12
143,29034043814,Müge Kılıç,K,1993-07-28,Özel,Ankara,A-,+905379569902,2026-05-13 01:48:12
144,88361340744,Pınar Şahin,K,2005-10-01,Özel,Bursa,AB-,+905314975295,2026-05-13 01:48:12
145,43095849888,Tarkan Aydın,E,1998-12-17,SGK,Mersin,A-,+905395485272,2026-05-13 01:48:12
146,32325367292,Eda Koç,K,1981-06-26,SGK,Konya,A-,+905367294347,2026-05-13 01:48:12
147,67759017574,Nil Koç,K,1934-08-14,Özel,Gaziantep,B-,+905364654579,2026-05-13 01:48:12
148,68929750062,Derya Kurt,K,2012-05-05,SGK,Konya,O-,+905313650523,2026-05-13 01:48:12
149,52415415276,Pelin Aydın,K,2016-05-20,SGK,Kayseri,A-,+905338201300,2026-05-13 01:48:12
150,22938700562,Hakan Turan,E,1932-10-09,Özel,Ankara,B-,+905329014480,2026-05-13 01:48:12
151,65426221828,Kemal Kaplan,E,1970-06-16,SGK,Antalya,B-,+905328383643,2026-05-13 01:48:12
152,41121965694,Şeyma Avcı,K,2004-01-08,SGK,Bursa,AB+,+905342413458,2026-05-13 01:48:12
153,93640376154,Sude Çetin,K,2005-08-16,Özel,Antalya,B+,+905307058222,2026-05-13 01:48:12
154,37109104308,Ezgi Erol,K,2024-10-22,Özel,Kayseri,O+,+905385806467,2026-05-13 01:48:12
155,99241418378,Merve Erol,K,1955-08-13,Özel,Diyarbakır,A-,+905357555386,2026-05-13 01:48:12
156,41617990490,Esra Aslan,K,1969-02-13,SGK,Eskişehir,B+,+905311212482,2026-05-13 01:48:12
157,98425241016,Turan Korkmaz,E,1994-12-26,Özel,Adana,A-,+905382071594,2026-05-13 01:48:12
158,17925241944,Nil Güneş,K,1987-01-18,SGK,İstanbul,A+,+905381043092,2026-05-13 01:48:12
159,72208635384,Sinan Güneş,E,1966-12-02,SGK,Diyarbakır,AB-,+905342306728,2026-05-13 01:48:12
160,90617445196,Burak Yıldız,E,1989-11-06,SGK,Diyarbakır,AB+,+905335892153,2026-05-13 01:48:12
161,83832060336,Ezgi Yalçın,K,1969-05-23,Özel,İstanbul,O+,+905306620658,2026-05-13 01:48:12
162,46702410396,Hakan Çetin,E,1943-10-15,SGK,Eskişehir,A-,+905358691649,2026-05-13 01:48:12
163,16234456506,Mert Göktaş,E,2000-01-15,SGK,İzmir,A-,+905314400953,2026-05-13 01:48:12
164,85618537452,Emre Avcı,E,1963-03-14,SGK,Kayseri,AB+,+905313644347,2026-05-13 01:48:12
165,23568044248,Eren Bahçeli,E,2013-09-24,SGK,Ankara,O-,+905385191831,2026-05-13 01:48:12
166,13236519932,Yusuf Yılmaz,E,2006-05-02,SGK,Kayseri,O-,+905314317700,2026-05-13 01:48:12
167,17029667008,Kaan Alpaslan,E,1977-02-14,Özel,İzmir,AB+,+905354602338,2026-05-13 01:48:12
168,44768701434,Fatma Şahin,K,1977-01-31,Özel,Kayseri,A+,+905385180005,2026-05-13 01:48:12
169,85985642018,Melis Erol,K,2001-04-28,SGK,Konya,AB-,+905341982997,2026-05-13 01:48:12
170,44803965234,Kemal Öztürk,E,1997-05-21,SGK,Eskişehir,AB-,+905351473227,2026-05-13 01:48:12
171,52701039322,Turan Erol,E,2011-05-14,SGK,İzmir,AB-,+905354380011,2026-05-13 01:48:12
172,39218515600,Eda Demir,K,1979-12-11,Özel,İzmir,O+,+905353289279,2026-05-13 01:48:12
173,63926442286,Gizem Turgut,K,1967-07-25,SGK,İzmir,AB-,+905361543292,2026-05-13 01:48:12
174,61355215716,Turan Bahçeli,E,2020-01-07,SGK,Adana,A-,+905316880098,2026-05-13 01:48:12
175,72676586164,Tolga Avcı,E,1934-07-23,SGK,Konya,A-,+905333728923,2026-05-13 01:48:12
176,51152621834,Ayşe Arslan,K,1957-11-21,Özel,Eskişehir,A+,+905399098979,2026-05-13 01:48:12
177,30153368818,Kadir Acar,E,1998-12-13,Özel,İstanbul,O+,+905332609202,2026-05-13 01:48:12
178,16149731002,Fatih Güneş,E,1999-04-03,Özel,Adana,O+,+905372937918,2026-05-13 01:48:12
179,96256527002,Berna Akın,K,1993-12-30,SGK,Diyarbakır,A+,+905335505722,2026-05-13 01:48:12
180,96938068694,İbrahim Korkmaz,E,1938-09-13,SGK,Konya,AB+,+905394953417,2026-05-13 01:48:12
181,99921722382,Didem Ertürk,K,1956-04-22,SGK,Kayseri,O+,+905362314805,2026-05-13 01:48:12
182,61168685416,Kadir Özdemir,E,1961-05-07,Özel,Gaziantep,A-,+905399767135,2026-05-13 01:48:12
183,21914856422,Hüseyin Karakaya,E,1974-07-26,Özel,İstanbul,B+,+905398936405,2026-05-13 01:48:12
184,70653074574,Fatma Uysal,K,2016-12-05,SGK,Eskişehir,A-,+905349248001,2026-05-13 01:48:12
185,64691373638,Murat Avcı,E,1965-08-22,SGK,Mersin,B+,+905351942977,2026-05-13 01:48:12
186,38902330390,Nil Gül,K,2024-11-10,Özel,Antalya,O-,+905335596579,2026-05-13 01:48:12
187,67972798588,Mehmet Öztürk,E,1999-05-27,SGK,İstanbul,O+,+905315782670,2026-05-13 01:48:12
188,43346800750,Barış Doğan,E,1940-02-15,Özel,Bursa,AB+,+905391141997,2026-05-13 01:48:12
189,67437489648,Hande Erdoğan,K,1989-08-25,Özel,Adana,A-,+905355742531,2026-05-13 01:48:12
190,64443283048,Kaan Koç,E,1934-07-11,SGK,Kayseri,B+,+905366361758,2026-05-13 01:48:12
191,76609935364,Banu Özdemir,K,1969-09-12,SGK,Adana,B+,+905359511330,2026-05-13 01:48:12
192,34825135326,Elif Turan,K,1980-10-10,Özel,Adana,AB+,+905357235796,2026-05-13 01:48:12
193,27381684650,Sinan Aslan,E,2022-03-04,SGK,Gaziantep,O-,+905336749046,2026-05-13 01:48:12
194,85250074360,Gizem Akın,K,1954-07-23,Özel,Ankara,B+,+905329213740,2026-05-13 01:48:12
195,86008350538,Gamze Acar,K,1944-02-06,SGK,Kayseri,B-,+905301069186,2026-05-13 01:48:12
196,26894210462,Cansu Aydın,K,1945-08-20,SGK,Antalya,O+,+905399793234,2026-05-13 01:48:12
197,42603323070,Müge Korkmaz,K,1985-03-11,SGK,Gaziantep,AB+,+905351626854,2026-05-13 01:48:12
198,11676184734,Kemal Demir,E,1983-05-24,Özel,Gaziantep,A-,+905306051895,2026-05-13 01:48:12
199,99141173926,Onur Kaplan,E,1999-08-20,Özel,Eskişehir,O+,+905337004931,2026-05-13 01:48:12
200,83753001142,Ali Turgut,E,1938-09-04,SGK,Mersin,A-,+905322511336,2026-05-13 01:48:12
201,54701204564,Tuğba Polat,K,1949-10-07,SGK,İstanbul,A+,+905312593809,2026-05-13 01:48:12
202,89415521690,Kaan Korkmaz,E,1975-12-26,SGK,Gaziantep,B+,+905369023619,2026-05-13 01:48:12
203,26979729674,Fatih Kılıç,E,1941-04-29,Özel,Konya,A-,+905329104731,2026-05-13 01:48:12
204,55089935880,Didem Göktaş,K,1967-07-02,Özel,Kayseri,B-,+905318261982,2026-05-13 01:48:12
205,99002877260,Funda Bahçeli,K,2010-12-01,SGK,Adana,A+,+905336551494,2026-05-13 01:48:12
206,27797177524,Gamze Öztürk,K,1992-06-13,SGK,Gaziantep,O+,+905302722069,2026-05-13 01:48:12
207,58837550304,İbrahim Taş,E,1949-07-31,Özel,Eskişehir,AB-,+905398937865,2026-05-13 01:48:12
208,15548851052,Kemal Yıldız,E,1945-03-03,SGK,Adana,B-,+905362794516,2026-05-13 01:48:12
209,83516091700,Mert Doğan,E,1971-08-29,Özel,İstanbul,A+,+905329368955,2026-05-13 01:48:12
210,32169958632,Nil Kaya,K,1970-05-25,Özel,Gaziantep,AB-,+905335590177,2026-05-13 01:48:12
211,79848583372,Büşra Aydın,K,1998-05-28,Özel,Eskişehir,B+,+905353225862,2026-05-13 01:48:12
212,89968460842,Kerem Turgut,E,1996-02-29,SGK,Bursa,AB+,+905301949670,2026-05-13 01:48:12
213,14380571920,Berna Bahçeli,K,1936-07-30,SGK,Bursa,AB+,+905337524435,2026-05-13 01:48:12
214,68004397366,Funda Tekin,K,1937-05-15,Özel,Eskişehir,B-,+905354296204,2026-05-13 01:48:12
215,32816064808,Gizem Göktaş,K,2002-07-19,SGK,Antalya,O-,+905341094709,2026-05-13 01:48:12
216,19479851532,Hüseyin Arslan,E,1984-08-20,Özel,İzmir,O+,+905319474848,2026-05-13 01:48:12
217,45554398722,Kerem Yıldız,E,1933-06-15,Özel,Kayseri,AB-,+905302924714,2026-05-13 01:48:12
218,40561648464,Tarkan Uysal,E,2009-11-03,SGK,Konya,O-,+905389535166,2026-05-13 01:48:12
219,91128801358,Pelin Arslan,K,1966-01-24,SGK,Bursa,O+,+905362743602,2026-05-13 01:48:12
220,60110248136,Mehmet Polat,E,1983-01-02,Özel,Konya,O+,+905367510106,2026-05-13 01:48:12
221,28091901594,Ayşe Erdoğan,K,1956-12-16,Özel,Adana,O-,+905342451316,2026-05-13 01:48:12
222,38326842400,Ayşe Turan,K,1960-06-16,SGK,Mersin,B+,+905351187069,2026-05-13 01:48:12
223,78814353650,Ahmet Karakaya,E,1932-08-24,Özel,İzmir,B-,+905323700366,2026-05-13 01:48:12
224,18781414138,Yusuf Kaya,E,1992-11-25,SGK,Kayseri,B-,+905353151093,2026-05-13 01:48:12
225,45775949246,Şeyma Göktaş,K,1978-12-04,SGK,İstanbul,AB-,+905363829301,2026-05-13 01:48:12
226,62577754700,Uğur Koç,E,1984-06-17,SGK,Adana,B+,+905392375290,2026-05-13 01:48:12
227,18099693072,Zeynep Göktaş,K,1972-08-10,SGK,Antalya,O+,+905373493647,2026-05-13 01:48:12
228,98165803932,Büşra Polat,K,1965-08-23,SGK,İzmir,B+,+905328486336,2026-05-13 01:48:12
229,47314530366,Ebru Şahin,K,1964-11-10,SGK,Konya,A+,+905368879825,2026-05-13 01:48:12
230,54989266582,Elif Çetin,K,1962-04-04,Özel,Gaziantep,B-,+905385220919,2026-05-13 01:48:12
231,89082723144,Ebru Köse,K,1982-01-25,SGK,İzmir,AB-,+905324135756,2026-05-13 01:48:12
232,27773926092,Onur Bulut,E,2003-07-25,SGK,İzmir,A+,+905393703298,2026-05-13 01:48:12
233,38699041370,Emre Özdemir,E,1974-09-10,SGK,Gaziantep,B+,+905324680314,2026-05-13 01:48:12
234,89913662116,Ceren Bulut,K,2009-08-28,SGK,Diyarbakır,A-,+905363509220,2026-05-13 01:48:12
235,18811729850,Şeyma Taş,K,1931-06-01,SGK,Gaziantep,AB-,+905369758448,2026-05-13 01:48:12
236,75991624788,Tuğba Turan,K,1931-04-02,SGK,Adana,B-,+905347855954,2026-05-13 01:48:12
237,28063565106,Barış Çetin,E,2000-01-01,Özel,Diyarbakır,AB-,+905388106183,2026-05-13 01:48:12
238,98725887464,Sude Tekin,K,1941-11-18,SGK,Kayseri,A-,+905363316405,2026-05-13 01:48:12
239,48658902642,Ceren Kaplan,K,1960-03-28,SGK,Diyarbakır,O+,+905328913286,2026-05-13 01:48:12
240,61906698432,Volkan Yıldız,E,1971-04-15,SGK,Konya,A+,+905329294125,2026-05-13 01:48:12
241,98392053032,Pelin Şahin,K,1957-12-23,Özel,Kayseri,O+,+905366924499,2026-05-13 01:48:12
242,21848955406,Osman Yılmaz,E,2001-09-23,Özel,Adana,B+,+905361078038,2026-05-13 01:48:12
243,94518489402,Enes Göktaş,E,1977-07-29,Özel,Antalya,O-,+905375081447,2026-05-13 01:48:12
244,51633565824,Sinan Alpaslan,E,1967-12-31,Özel,Ankara,O+,+905335819919,2026-05-13 01:48:12
245,85539423728,Enes Kaya,E,1983-01-11,SGK,Bursa,B-,+905344469169,2026-05-13 01:48:12
246,21790807532,Fatma Kaplan,K,1974-07-24,Özel,İzmir,AB+,+905349234347,2026-05-13 01:48:12
247,18678085632,Barış Aydın,E,1936-02-14,Özel,Eskişehir,O-,+905373019442,2026-05-13 01:48:12
248,79155942800,Ahmet Doğan,E,1999-09-15,Özel,Antalya,B+,+905396756203,2026-05-13 01:48:12
249,65647292966,Sude Tekin,K,1964-03-23,Özel,Mersin,O+,+905344956154,2026-05-13 01:48:12
250,80267288540,Hüseyin Bahçeli,E,1951-01-06,SGK,Gaziantep,A-,+905381800429,2026-05-13 01:48:12
251,81754558856,Hakan Özdemir,E,1951-11-19,SGK,Ankara,AB-,+905307908201,2026-05-13 01:48:12
252,68771694750,Deniz Korkmaz,E,1986-02-17,SGK,Kayseri,O+,+905358076906,2026-05-13 01:48:12
253,45544964708,Emre Bulut,E,1948-07-17,SGK,Gaziantep,B+,+905388554590,2026-05-13 01:48:12
254,51326111796,Recep Öztürk,E,1989-10-22,SGK,Ankara,AB+,+905382396723,2026-05-13 01:48:12
255,43472282024,Tolga Özkan,E,2014-11-29,Özel,Mersin,AB+,+905378838205,2026-05-13 01:48:12
256,89688457870,Orhan Kaya,E,2005-09-29,SGK,Gaziantep,AB+,+905347136825,2026-05-13 01:48:12
257,92547807754,Aslı Yılmaz,K,1994-12-16,SGK,İstanbul,AB-,+905394879150,2026-05-13 01:48:12
258,73266341620,Rüya Acar,K,1973-07-04,Özel,Kayseri,AB+,+905345776085,2026-05-13 01:48:12
259,34179749712,Mustafa Kaya,E,2008-02-26,SGK,İstanbul,B+,+905309975319,2026-05-13 01:48:12
260,80312073510,Bahar Aydın,K,1964-08-31,Özel,Eskişehir,A+,+905358779334,2026-05-13 01:48:12
261,56187234646,Hüseyin Aslan,E,1957-01-06,SGK,Bursa,A+,+905368431651,2026-05-13 01:48:12
262,47645208804,Elif Çetin,K,1992-06-21,SGK,Antalya,A+,+905344334029,2026-05-13 01:48:12
263,60249163034,Okan Acar,E,1941-05-25,SGK,Antalya,A-,+905373600333,2026-05-13 01:48:12
264,60052812778,Turan Akın,E,1990-06-18,SGK,Eskişehir,B-,+905358360481,2026-05-13 01:48:12
265,50778487398,Ebru Aydın,K,1972-11-16,SGK,Adana,B+,+905358858359,2026-05-13 01:48:12
266,58570862078,Gökhan Kurt,E,1978-07-01,Özel,Eskişehir,A-,+905336380354,2026-05-13 01:48:12
267,92945651102,Osman Köse,E,1988-04-21,SGK,İstanbul,B-,+905323997061,2026-05-13 01:48:12
268,19678994092,Pelin Kaplan,K,1971-04-08,SGK,Kayseri,O-,+905304502044,2026-05-13 01:48:12
269,96509480146,Eda Güneş,K,1958-01-23,Özel,Ankara,B-,+905382629390,2026-05-13 01:48:12
270,49288619580,Can Çetin,E,1967-06-08,Özel,İzmir,B+,+905362746548,2026-05-13 01:48:12
271,85585566592,Ceren Erol,K,1971-08-08,Özel,Mersin,AB+,+905337292514,2026-05-13 01:48:12
272,10490824086,Hazal Gül,K,2001-01-24,SGK,Eskişehir,AB+,+905351364088,2026-05-13 01:48:12
273,62245933420,Ali Polat,E,1957-07-25,Özel,Eskişehir,A-,+905364647992,2026-05-13 01:48:12
274,29409610528,Gizem Köse,K,1994-10-13,Özel,Eskişehir,A+,+905314803691,2026-05-13 01:48:12
275,15892583258,Murat Çetin,E,2013-09-27,Özel,Ankara,B-,+905399467953,2026-05-13 01:48:12
276,35179086470,Gamze Bahçeli,K,2009-10-03,Özel,Konya,B-,+905323262755,2026-05-13 01:48:12
277,99833146542,Seda Çelik,K,1972-03-29,Özel,Gaziantep,AB-,+905317938755,2026-05-13 01:48:12
278,14259792784,Eren Korkmaz,E,2019-02-01,SGK,Eskişehir,A-,+905353617098,2026-05-13 01:48:12
279,34051477078,Okan Uysal,E,1991-01-26,SGK,Adana,O-,+905339778944,2026-05-13 01:48:12
280,90420439450,Tolga Yalçın,E,2026-04-09,SGK,Kayseri,AB-,+905365551832,2026-05-13 01:48:12
281,46815798176,Deniz Erdoğan,E,1991-09-22,Özel,İstanbul,B-,+905381360516,2026-05-13 01:48:12
282,30555438430,Müge Gül,K,1940-01-03,SGK,Mersin,AB+,+905361494355,2026-05-13 01:48:12
283,31689363964,Kaan Gül,E,1998-07-09,SGK,Mersin,B+,+905358535808,2026-05-13 01:48:12
284,42482629232,Selim Erol,E,1990-08-15,SGK,Antalya,B+,+905314089276,2026-05-13 01:48:12
285,57423122062,Gözde Tekin,K,1940-07-02,SGK,Diyarbakır,B-,+905344874049,2026-05-13 01:48:12
286,82897526726,Kerem Akın,E,1985-02-04,Özel,Gaziantep,A+,+905331540722,2026-05-13 01:48:12
287,41279757394,Tuğba Çelik,K,1966-04-22,Özel,Eskişehir,AB-,+905397381619,2026-05-13 01:48:12
288,87038860820,Osman Kaplan,E,1965-06-25,Özel,Adana,O-,+905304185160,2026-05-13 01:48:12
289,36490827728,Banu Polat,K,2010-03-17,Özel,Gaziantep,O+,+905323270069,2026-05-13 01:48:12
290,89371452144,Ayşe Kaya,K,2011-06-24,SGK,Mersin,O+,+905352431206,2026-05-13 01:48:12
291,12592222050,Rüya Erdoğan,K,1980-09-27,SGK,Ankara,B+,+905344031576,2026-05-13 01:48:12
292,17778097354,Tarkan Özdemir,E,1992-09-23,SGK,Ankara,A+,+905368413438,2026-05-13 01:48:12
293,40220502038,Şeyma Turgut,K,1963-07-10,SGK,Ankara,A+,+905346555122,2026-05-13 01:48:12
294,59998279592,Gizem Kılıç,K,1957-12-11,Özel,Gaziantep,A-,+905357183568,2026-05-13 01:48:12
295,31458683378,Deniz Turan,E,1986-07-26,Özel,Konya,AB+,+905382470854,2026-05-13 01:48:12
296,62997877218,Berna Çetin,K,1952-05-16,SGK,İstanbul,A-,+905344247321,2026-05-13 01:48:12
297,76055830374,Selin Doğan,K,1982-04-09,SGK,Mersin,AB-,+905346037929,2026-05-13 01:48:12
298,79902355730,Kaan Bulut,E,1935-04-26,Özel,İzmir,O-,+905329078154,2026-05-13 01:48:12
299,94958803950,Gözde Aslan,K,1964-11-13,Özel,Adana,A+,+905313504920,2026-05-13 01:48:12
300,72914504608,Pınar Kılıç,K,2018-11-05,SGK,Bursa,AB+,+905376077267,2026-05-13 01:48:12
301,41780782366,Batuhan Şahin,E,1992-08-18,SGK,İzmir,A-,+905346491819,2026-05-13 01:48:12
302,78104091538,Ali Polat,E,1989-03-22,SGK,İstanbul,AB+,+905386242557,2026-05-13 01:48:12
303,54857142208,Pelin Çelik,K,2007-06-30,Özel,Ankara,B-,+905389624506,2026-05-13 01:48:12
304,59321495828,Bahar Bahçeli,K,1986-04-29,SGK,Ankara,O+,+905371846511,2026-05-13 01:48:12
305,39979545304,Uğur Gül,E,1968-08-13,SGK,Diyarbakır,B+,+905318813071,2026-05-13 01:48:12
306,57733294572,Elif Polat,K,1967-06-08,SGK,Konya,O-,+905356448586,2026-05-13 01:48:12
307,67724599234,Sinan Alpaslan,E,1978-03-20,Özel,Adana,O-,+905352189907,2026-05-13 01:48:12
308,48276153938,Esra Uysal,K,1976-07-27,Özel,İzmir,A-,+905354962012,2026-05-13 01:48:12
309,85817246124,Selim Taş,E,1968-07-12,SGK,Konya,A+,+905366492998,2026-05-13 01:48:12
310,12278469908,Recep Yalçın,E,1983-05-31,Özel,Diyarbakır,AB+,+905356028724,2026-05-13 01:48:12
311,19862405892,Merve Yalçın,K,1959-05-19,SGK,Ankara,AB+,+905387027124,2026-05-13 01:48:12
312,75666683232,Uğur Yalçın,E,1983-08-03,Özel,Gaziantep,B+,+905367044627,2026-05-13 01:48:12
313,20276212686,Recep Yılmaz,E,1931-05-23,Özel,Diyarbakır,B+,+905398142130,2026-05-13 01:48:12
314,75326909764,Rüya Avcı,K,1952-05-14,SGK,Gaziantep,AB-,+905385517272,2026-05-13 01:48:12
315,61971284738,Barış Turan,E,1973-07-05,Özel,Konya,A-,+905315114298,2026-05-13 01:48:12
316,17787956550,Kaan Erol,E,1934-12-15,Özel,İstanbul,AB+,+905343810320,2026-05-13 01:48:12
317,39049047196,Sinan Yalçın,E,2005-12-22,Özel,Diyarbakır,AB+,+905343223631,2026-05-13 01:48:12
318,39275243768,Aslı Alpaslan,K,1992-04-27,Özel,İzmir,B+,+905352416021,2026-05-13 01:48:12
319,82395041080,Funda Öztürk,K,1995-09-13,Özel,Eskişehir,B-,+905348990421,2026-05-13 01:48:12
320,38604765896,Melis Özdemir,K,1989-03-25,Özel,Gaziantep,AB+,+905386936250,2026-05-13 01:48:12
321,59673938516,Bahar Kaplan,K,1984-12-04,SGK,Kayseri,A+,+905381177469,2026-05-13 01:48:12
322,91753443084,Onur Kaplan,E,2024-04-14,SGK,Diyarbakır,A-,+905394637715,2026-05-13 01:48:12
323,79212447118,Kadir Aydın,E,1960-12-23,SGK,Adana,B+,+905366425820,2026-05-13 01:48:12
324,75044271730,Eda Erdoğan,K,1953-07-05,SGK,Kayseri,O-,+905363993762,2026-05-13 01:48:12
325,49174101120,Orhan Acar,E,1981-09-27,SGK,İzmir,A+,+905309350043,2026-05-13 01:48:12
326,66908776638,Bahar Bahçeli,K,1936-04-08,Özel,İstanbul,O+,+905384789081,2026-05-13 01:48:12
327,65460158500,Barış Erol,E,2011-12-17,Özel,Mersin,A+,+905333963163,2026-05-13 01:48:12
328,25717320388,Murat Erdoğan,E,2018-09-06,Özel,Mersin,AB+,+905362056840,2026-05-13 01:48:12
329,60506138706,Ayşe Şahin,K,1932-08-12,SGK,Ankara,A+,+905324908850,2026-05-13 01:48:12
330,13202041788,Ayşe Turan,K,1963-07-16,SGK,Ankara,O-,+905312783941,2026-05-13 01:48:12
331,66519825350,Can Acar,E,1942-02-14,SGK,Ankara,AB+,+905352060687,2026-05-13 01:48:12
332,92739021968,Ceren Güneş,K,1985-05-05,SGK,İstanbul,A+,+905372354300,2026-05-13 01:48:12
333,77232487640,Selim Kurt,E,2002-07-06,SGK,Eskişehir,O-,+905304019906,2026-05-13 01:48:12
334,18331819598,Ebru Tekin,K,1942-08-28,Özel,Kayseri,B-,+905338788252,2026-05-13 01:48:12
335,37722005488,Can Alpaslan,E,1999-11-24,SGK,İstanbul,A-,+905398602555,2026-05-13 01:48:12
336,88113799578,Emre Demir,E,1966-06-02,SGK,Ankara,AB-,+905354859820,2026-05-13 01:48:12
337,46317970636,Okan Tekin,E,1994-02-11,SGK,İzmir,O-,+905367266039,2026-05-13 01:48:12
338,62090421790,Bahar Çelik,K,1984-11-19,SGK,Diyarbakır,B+,+905335951988,2026-05-13 01:48:12
339,97397740602,İbrahim Tekin,E,1983-01-08,SGK,Diyarbakır,B-,+905358285484,2026-05-13 01:48:12
340,17806867126,Onur Şahin,E,1983-04-02,SGK,Eskişehir,O+,+905381208423,2026-05-13 01:48:12
341,41074279992,Kerem Kurt,E,2011-09-19,Özel,İzmir,AB-,+905327800818,2026-05-13 01:48:12
342,68046498960,Mustafa Erdoğan,E,1934-05-29,Özel,Eskişehir,A+,+905316632022,2026-05-13 01:48:12
343,67905528114,Yusuf Erdoğan,E,1966-01-29,Özel,Bursa,A-,+905326619187,2026-05-13 01:48:12
344,64864015532,Oğuz Arslan,E,1973-08-17,Özel,Eskişehir,AB+,+905318888040,2026-05-13 01:48:12
345,81162411262,Zeynep Çelik,K,2003-09-02,Özel,Mersin,A+,+905324426849,2026-05-13 01:48:12
346,85670431026,Pınar Aydın,K,1952-08-20,Özel,Diyarbakır,AB-,+905357907041,2026-05-13 01:48:12
347,97749242464,Sevgi Çetin,K,1996-12-17,Özel,Antalya,AB+,+905303488704,2026-05-13 01:48:12
348,94222231038,Tarkan Kılıç,E,1942-03-10,SGK,Antalya,B+,+905375368907,2026-05-13 01:48:12
349,35782841008,Eren Korkmaz,E,1975-03-01,Özel,İzmir,A+,+905376372365,2026-05-13 01:48:12
350,39751702802,Melis Kurt,K,2007-10-21,SGK,Konya,AB-,+905394697107,2026-05-13 01:48:12
351,49834301822,Eda Taş,K,1938-06-05,Özel,Gaziantep,B-,+905319586369,2026-05-13 01:48:12
352,90562656548,Sinem Taş,K,2014-11-16,SGK,Mersin,A-,+905348475525,2026-05-13 01:48:12
353,52662991202,Gözde Avcı,K,1992-08-18,SGK,Diyarbakır,O+,+905352109238,2026-05-13 01:48:12
354,72879232684,Onur Koç,E,1993-04-22,SGK,Konya,O-,+905346098837,2026-05-13 01:48:12
355,54714627398,Ahmet Bahçeli,E,2017-09-03,Özel,Diyarbakır,O-,+905317069317,2026-05-13 01:48:12
356,68904290200,Melis Alpaslan,K,2003-11-13,Özel,Adana,AB-,+905321887318,2026-05-13 01:48:12
357,58183219276,Eda Kurt,K,1962-12-04,SGK,Kayseri,AB-,+905345554325,2026-05-13 01:48:12
358,38457652190,Fatma Yılmaz,K,1992-01-21,Özel,Mersin,A-,+905339818990,2026-05-13 01:48:12
359,30754527980,Zeynep Alpaslan,K,1980-02-15,SGK,Eskişehir,A-,+905341482504,2026-05-13 01:48:12
360,52321611090,Hüseyin Yıldız,E,1935-10-06,SGK,Ankara,A+,+905304294223,2026-05-13 01:48:12
361,11401193932,Selin Özdemir,K,1954-06-05,Özel,Ankara,B+,+905351490886,2026-05-13 01:48:12
362,99389119076,Ebru Kılıç,K,1968-02-05,SGK,Mersin,A+,+905343881880,2026-05-13 01:48:12
363,69271256660,Yasin Turan,E,2000-10-17,SGK,Ankara,O-,+905316272748,2026-05-13 01:48:12
364,58015716430,Turan Güneş,E,1966-12-06,Özel,Mersin,O+,+905374789527,2026-05-13 01:48:12
365,85207167848,Pelin Göktaş,K,1988-03-13,SGK,Gaziantep,A-,+905327623837,2026-05-13 01:48:12
366,63961367438,Batuhan Çelik,E,1935-07-21,Özel,Kayseri,O+,+905395579723,2026-05-13 01:48:12
367,88427114746,Sinem Gül,K,1970-03-06,SGK,Eskişehir,A+,+905302671067,2026-05-13 01:48:12
368,79524991118,Ayşe Kaya,K,1973-09-03,Özel,Adana,O-,+905374387852,2026-05-13 01:48:12
369,98006167568,Pınar Bulut,K,1945-09-20,SGK,İzmir,AB+,+905301551295,2026-05-13 01:48:12
370,56719788944,Hande Aydın,K,1973-02-22,Özel,Gaziantep,AB+,+905381935113,2026-05-13 01:48:12
371,55009025578,Şeyma Korkmaz,K,1942-04-30,Özel,Ankara,O+,+905357384961,2026-05-13 01:48:12
372,13334911454,Gözde Korkmaz,K,2003-05-04,Özel,İstanbul,O-,+905386471332,2026-05-13 01:48:12
373,89056965952,Bahar Demir,K,2011-03-24,SGK,Konya,AB-,+905336636598,2026-05-13 01:48:12
374,47183440438,Ezgi Acar,K,1948-01-19,Özel,Eskişehir,A-,+905392542796,2026-05-13 01:48:12
375,97635148474,Zeynep Karakaya,K,1972-12-04,Özel,Gaziantep,AB+,+905337951039,2026-05-13 01:48:12
376,39737489628,Mehmet Çetin,E,1936-06-27,Özel,Bursa,AB-,+905309762229,2026-05-13 01:48:12
377,56651364466,Okan Bahçeli,E,1981-05-27,SGK,Gaziantep,B-,+905394961601,2026-05-13 01:48:12
378,44778660394,Can Demir,E,2004-04-29,SGK,Kayseri,B+,+905345660240,2026-05-13 01:48:12
379,25941651654,Ayşe Aslan,K,1937-03-03,Özel,Diyarbakır,A-,+905332877913,2026-05-13 01:48:12
380,25596363278,Merve Öztürk,K,2001-12-24,Özel,Adana,A+,+905377851404,2026-05-13 01:48:12
381,96734257520,Selin Arslan,K,1959-06-18,SGK,Eskişehir,A+,+905391584005,2026-05-13 01:48:12
382,55183760678,Rüya Erdoğan,K,1931-01-04,SGK,Bursa,AB+,+905342514149,2026-05-13 01:48:12
383,70417765670,Gökhan Arslan,E,1934-03-23,Özel,Mersin,A-,+905325378351,2026-05-13 01:48:12
384,67002720688,Sinem Turgut,K,1998-12-05,SGK,Ankara,B+,+905392379624,2026-05-13 01:48:12
385,67724295440,Kadir Tekin,E,1994-11-07,SGK,Gaziantep,B-,+905327601736,2026-05-13 01:48:12
386,41734206962,Enes Uysal,E,1982-02-26,SGK,İzmir,A-,+905317172675,2026-05-13 01:48:12
387,23334476204,İrem Köse,K,1983-07-11,Özel,Eskişehir,B-,+905335747402,2026-05-13 01:48:12
388,14439735938,Onur Bahçeli,E,1976-03-31,Özel,İzmir,AB-,+905308866528,2026-05-13 01:48:12
389,51180053744,Tolga Acar,E,1940-06-04,Özel,İstanbul,AB+,+905391763562,2026-05-13 01:48:12
390,38092428792,Gamze Güneş,K,1931-09-17,SGK,Antalya,O+,+905322504043,2026-05-13 01:48:12
391,12745644968,Selin Arslan,K,1930-12-30,Özel,Gaziantep,B+,+905386251441,2026-05-13 01:48:12
392,80320320750,Fatma Turgut,K,1993-10-02,Özel,İstanbul,O-,+905319303225,2026-05-13 01:48:12
393,22151342280,İrem Köse,K,1963-12-26,SGK,Diyarbakır,A+,+905394563416,2026-05-13 01:48:12
394,81504165976,Zeynep Öztürk,K,1956-11-29,Özel,Ankara,O-,+905321484433,2026-05-13 01:48:12
395,15097592390,Bahar Taş,K,1934-06-19,Özel,İstanbul,A-,+905346421907,2026-05-13 01:48:12
396,33610326666,Mert Özdemir,E,2004-03-13,SGK,Gaziantep,AB+,+905349235014,2026-05-13 01:48:12
397,93776749990,Elif Güneş,K,1965-10-09,SGK,Gaziantep,O+,+905354126532,2026-05-13 01:48:12
398,83278814708,Yasin Bulut,E,1960-09-11,SGK,İzmir,AB+,+905343493203,2026-05-13 01:48:12
399,18108186632,Banu Karakaya,K,2017-11-13,SGK,Mersin,A+,+905342371865,2026-05-13 01:48:12
400,70164597784,Gizem Kaya,K,1981-11-20,Özel,İzmir,A-,+905324541139,2026-05-13 01:48:12
401,10610277600,Uğur Erol,E,1936-07-09,Özel,Diyarbakır,AB-,+905376080140,2026-05-13 01:48:12
402,30310303744,Merve Aydın,K,1970-01-10,Özel,Ankara,AB+,+905364203013,2026-05-13 01:48:12
403,11227770782,Sinan Acar,E,1983-12-15,SGK,İstanbul,AB-,+905397572195,2026-05-13 01:48:12
404,89984076720,Uğur Tekin,E,1966-07-05,SGK,Eskişehir,A+,+905374890733,2026-05-13 01:48:12
405,91467179576,Seda Arslan,K,1977-05-03,Özel,Eskişehir,B-,+905325832019,2026-05-13 01:48:12
406,93959724660,Hazal Yıldız,K,1933-06-03,Özel,İzmir,B-,+905358924295,2026-05-13 01:48:12
407,33297167446,Sinan Aydın,E,1991-04-20,SGK,Adana,AB-,+905307019442,2026-05-13 01:48:12
408,25619318308,Yasin Şahin,E,1979-11-14,SGK,İzmir,A-,+905305487758,2026-05-13 01:48:12
409,29918081222,İrem Alpaslan,K,1963-01-29,Özel,Eskişehir,AB+,+905353634568,2026-05-13 01:48:12
410,65213760370,Elif Bahçeli,K,1944-11-20,Özel,İzmir,A-,+905349472875,2026-05-13 01:48:12
411,42863266636,Gözde Güneş,K,1932-08-22,SGK,Konya,B+,+905351499339,2026-05-13 01:48:12
412,66260602996,İbrahim Bulut,E,2009-12-13,Özel,Kayseri,AB+,+905367744488,2026-05-13 01:48:12
413,99267389980,Aslı Koç,K,1967-11-19,SGK,Adana,A-,+905364310073,2026-05-13 01:48:12
414,98431884870,Funda Aydın,K,2003-05-03,Özel,Bursa,AB+,+905305340101,2026-05-13 01:48:12
415,58510174988,Fatih Güneş,E,1975-11-22,Özel,Diyarbakır,B-,+905339947098,2026-05-13 01:48:12
416,36831589384,Banu Karakaya,K,1948-09-23,Özel,Eskişehir,O+,+905313458755,2026-05-13 01:48:12
417,72737158606,İbrahim Aslan,E,1973-10-23,Özel,Kayseri,O+,+905349368933,2026-05-13 01:48:12
418,38277288128,Gözde Kılıç,K,1975-09-14,SGK,Mersin,AB-,+905303631333,2026-05-13 01:48:12
419,69408215454,Selin Alpaslan,K,1950-12-15,Özel,İzmir,B+,+905371469389,2026-05-13 01:48:12
420,42701851086,Murat Kurt,E,1971-12-07,Özel,Antalya,O+,+905398589583,2026-05-13 01:48:12
421,87725199660,Recep Ertürk,E,1961-10-23,Özel,Kayseri,O-,+905351768727,2026-05-13 01:48:12
422,58181398980,Emre Demir,E,1941-08-19,SGK,Mersin,A+,+905338983198,2026-05-13 01:48:12
423,43971895602,Mehmet Koç,E,1975-05-03,SGK,İzmir,O+,+905358331935,2026-05-13 01:48:12
424,21182422428,Funda Özdemir,K,1955-12-08,SGK,İstanbul,AB-,+905363838554,2026-05-13 01:48:12
425,71526546174,Fatih Özkan,E,2018-07-13,SGK,Konya,O+,+905394967662,2026-05-13 01:48:12
426,88617063076,Eda Arslan,K,2005-01-07,Özel,Adana,O+,+905383106737,2026-05-13 01:48:12
427,35823868766,Yasin Doğan,E,2011-07-01,Özel,İstanbul,A+,+905343808198,2026-05-13 01:48:12
428,75398402828,Sinem Özdemir,K,1981-03-29,Özel,İzmir,AB+,+905363063211,2026-05-13 01:48:12
429,65474355346,Tarkan Ertürk,E,1970-11-27,Özel,Kayseri,A+,+905303243545,2026-05-13 01:48:12
430,78768118084,Ahmet Kaya,E,1933-06-04,Özel,Antalya,O+,+905373070570,2026-05-13 01:48:12
431,27537030478,Gizem Yılmaz,K,1967-11-12,SGK,Diyarbakır,AB+,+905332509387,2026-05-13 01:48:12
432,14793036160,Turan Güneş,E,1941-08-30,SGK,Mersin,B-,+905373860131,2026-05-13 01:48:12
433,22493843094,Selim Aydın,E,1937-05-31,SGK,Kayseri,O-,+905385243311,2026-05-13 01:48:12
434,76418775892,Eda Arslan,K,1932-01-20,Özel,Gaziantep,O-,+905305662942,2026-05-13 01:48:12
435,61903613346,Mert Çelik,E,1999-04-12,SGK,Konya,O+,+905311467627,2026-05-13 01:48:12
436,27350583182,Berna Öztürk,K,1940-10-01,SGK,Diyarbakır,A-,+905318490291,2026-05-13 01:48:12
437,61207049650,Ali Erdoğan,E,2024-07-31,SGK,Gaziantep,O+,+905305947882,2026-05-13 01:48:12
438,17676991556,Tuğba Taş,K,1969-04-30,SGK,Antalya,B-,+905379677392,2026-05-13 01:48:12
439,29392845686,Ahmet Taş,E,1970-09-29,SGK,İzmir,A+,+905325079421,2026-05-13 01:48:12
440,78549822780,Murat Yalçın,E,1997-12-15,SGK,Mersin,B+,+905351135590,2026-05-13 01:48:12
441,16533315344,Yasin Turgut,E,1967-05-25,Özel,Diyarbakır,AB-,+905376555698,2026-05-13 01:48:12
442,27073033780,Duygu Kılıç,K,1982-09-10,SGK,Bursa,O+,+905357306753,2026-05-13 01:48:12
443,25081247380,Batuhan Yılmaz,E,1960-11-10,Özel,Bursa,B-,+905301498041,2026-05-13 01:48:12
444,35832302466,Oğuz Özdemir,E,1959-06-02,Özel,Kayseri,A-,+905327357268,2026-05-13 01:48:12
445,45528961112,Murat Polat,E,2004-02-06,Özel,Gaziantep,AB-,+905339934785,2026-05-13 01:48:12
446,48425304280,Esra Şahin,K,1941-09-05,SGK,Konya,A-,+905332365794,2026-05-13 01:48:12
447,88725587730,Nil Güneş,K,1971-10-21,SGK,Bursa,B-,+905391614121,2026-05-13 01:48:12
448,44669254886,Esra Gül,K,2023-12-14,SGK,Antalya,B-,+905379704367,2026-05-13 01:48:12
449,66776657572,Nil Uysal,K,2008-02-12,Özel,Adana,A-,+905374922352,2026-05-13 01:48:12
450,98143111592,Deniz Ertürk,E,2019-11-25,Özel,Adana,AB+,+905336523752,2026-05-13 01:48:12
451,94044566974,Kadir Aydın,E,1959-09-15,SGK,Gaziantep,B-,+905383504521,2026-05-13 01:48:12
452,99877515304,Sinan Yıldız,E,1967-10-13,Özel,Konya,A+,+905338359842,2026-05-13 01:48:12
453,50755366692,Barış Aydın,E,1937-08-11,SGK,Diyarbakır,A+,+905346470706,2026-05-13 01:48:12
454,76361863752,Hüseyin Bulut,E,1993-06-20,SGK,İzmir,A-,+905342564332,2026-05-13 01:48:12
455,12316433496,Kadir Köse,E,1987-09-24,SGK,Mersin,A+,+905307184958,2026-05-13 01:48:12
456,31286716330,Gözde Gül,K,2001-12-06,SGK,İzmir,AB+,+905368965487,2026-05-13 01:48:12
457,12716938546,Bahar Çelik,K,1931-09-05,SGK,Diyarbakır,A+,+905378762741,2026-05-13 01:48:12
458,56926329664,İrem Korkmaz,K,1960-06-10,SGK,Gaziantep,A+,+905322602797,2026-05-13 01:48:12
459,51376815118,Cem Erol,E,1943-11-29,SGK,İzmir,AB+,+905368565450,2026-05-13 01:48:12
460,27656360050,Serkan Demir,E,2003-11-28,SGK,Konya,A-,+905379132910,2026-05-13 01:48:12
461,84220912480,Gökhan Aydın,E,1996-02-17,SGK,Kayseri,AB+,+905311188082,2026-05-13 01:48:12
462,40837081674,Ebru Kaya,K,1976-04-17,SGK,İstanbul,O+,+905391078278,2026-05-13 01:48:12
463,41060053100,Batuhan Öztürk,E,2004-06-07,SGK,İstanbul,O+,+905323802587,2026-05-13 01:48:12
464,49386613336,Derya Turgut,K,1998-02-14,SGK,Kayseri,AB-,+905307746781,2026-05-13 01:48:12
465,41495013670,Sude Polat,K,1993-03-22,Özel,Adana,A-,+905383876606,2026-05-13 01:48:12
466,35715099728,Büşra Bulut,K,1970-01-14,SGK,Bursa,A+,+905381222997,2026-05-13 01:48:12
467,49102574316,Esra Acar,K,2001-06-19,Özel,Eskişehir,O-,+905304994050,2026-05-13 01:48:12
468,18640355350,Cem Arslan,E,2006-06-08,Özel,Diyarbakır,O+,+905334731991,2026-05-13 01:48:12
469,27130232156,Gökhan Yılmaz,E,1991-01-30,Özel,Ankara,O+,+905339513171,2026-05-13 01:48:12
470,46293449720,Ceren Çelik,K,1953-12-25,Özel,Antalya,O+,+905372342445,2026-05-13 01:48:12
471,78962706612,Sinan Avcı,E,1935-12-12,Özel,Mersin,B+,+905393563536,2026-05-13 01:48:12
472,84689715288,İrem Özkan,K,1984-02-24,Özel,İstanbul,AB-,+905331070138,2026-05-13 01:48:12
473,66749160122,Gözde Gül,K,1972-02-20,Özel,Adana,AB-,+905338319864,2026-05-13 01:48:12
474,73370502412,Eda Erdoğan,K,1969-02-27,SGK,Diyarbakır,B+,+905345150931,2026-05-13 01:48:12
475,79183626406,İbrahim Erdoğan,E,1973-08-14,SGK,Eskişehir,O+,+905366167027,2026-05-13 01:48:12
476,34364027076,Barış Korkmaz,E,2012-08-18,SGK,Eskişehir,O+,+905365837546,2026-05-13 01:48:12
477,33728179314,Batuhan Kaya,E,2007-02-10,SGK,Gaziantep,O-,+905335351203,2026-05-13 01:48:12
478,26141509356,İbrahim Kurt,E,1969-03-23,SGK,Adana,A+,+905302024357,2026-05-13 01:48:12
479,16984775940,Hakan Çetin,E,1978-05-30,Özel,Bursa,AB-,+905356288577,2026-05-13 01:48:12
480,65107620940,Şeyma Aslan,K,1991-12-22,Özel,Konya,O-,+905337181227,2026-05-13 01:48:12
481,15057397614,Ahmet Arslan,E,1965-04-02,Özel,Konya,A-,+905358179243,2026-05-13 01:48:12
482,38980271424,Sinem Çelik,K,1942-09-17,SGK,Ankara,O-,+905328487448,2026-05-13 01:48:12
483,21602564332,Hakan Kılıç,E,1968-09-12,SGK,Mersin,O-,+905313277614,2026-05-13 01:48:12
484,25668633414,Tuğba Karakaya,K,2006-03-17,SGK,Eskişehir,B-,+905316708243,2026-05-13 01:48:12
485,79040983628,Büşra Arslan,K,1949-11-08,SGK,Kayseri,B-,+905329719981,2026-05-13 01:48:12
486,85243772952,Aslı Erol,K,2006-07-12,Özel,Mersin,A-,+905356182338,2026-05-13 01:48:12
487,56052330206,Sude Köse,K,1936-10-25,Özel,İstanbul,O+,+905343670819,2026-05-13 01:48:12
488,76184438618,Melis Korkmaz,K,2015-07-21,SGK,Konya,B+,+905306101515,2026-05-13 01:48:12
489,33330591276,Melis Kurt,K,1976-05-31,Özel,Ankara,AB-,+905321945085,2026-05-13 01:48:12
490,95962630112,Fatih Alpaslan,E,1992-12-10,SGK,Kayseri,O+,+905393893851,2026-05-13 01:48:12
491,85011117824,Funda Koç,K,1992-12-24,Özel,Gaziantep,O-,+905314038296,2026-05-13 01:48:12
492,25182606864,Seda Aydın,K,1934-08-16,SGK,Mersin,A-,+905372072595,2026-05-13 01:48:12
493,30875102950,Burak Taş,E,2003-03-31,SGK,İstanbul,A-,+905385307726,2026-05-13 01:48:12
494,36034084884,Ezgi Erol,K,1971-09-05,SGK,Antalya,B-,+905359768884,2026-05-13 01:48:12
495,42432983926,Okan Şahin,E,1985-06-29,Özel,Mersin,AB+,+905362247548,2026-05-13 01:48:12
496,81462831418,Ceren Gül,K,1937-06-17,Özel,Diyarbakır,B+,+905337243511,2026-05-13 01:48:12
497,70931418182,Eren Acar,E,1977-04-10,Özel,Antalya,AB-,+905352492738,2026-05-13 01:48:12
498,11636112876,Oğuz Koç,E,1980-07-16,Özel,Mersin,AB-,+905372602904,2026-05-13 01:48:12
499,12562588940,Sinem Kaplan,K,1947-09-12,SGK,Adana,A+,+905393140306,2026-05-13 01:48:12
500,50539672704,Hüseyin Erdoğan,E,1934-09-17,SGK,Adana,O+,+905385812035,2026-05-13 01:48:12
501,75111312922,Merve Özkan,K,2016-08-03,Özel,Gaziantep,B+,+905371179426,2026-05-13 01:48:12
502,26093068598,Nil Erol,K,1991-05-29,SGK,Diyarbakır,O-,+905391710615,2026-05-13 01:48:12
503,62850676224,Burak Göktaş,E,1986-11-22,Özel,Adana,AB+,+905332977453,2026-05-13 01:48:12
504,19634807930,Berna Doğan,K,1958-11-13,Özel,Antalya,AB+,+905308723456,2026-05-13 01:48:12
505,36501673146,Ahmet Korkmaz,E,1962-02-24,SGK,Konya,A+,+905363077734,2026-05-13 01:48:12
506,75456284168,Tuğba Turan,K,1938-10-02,SGK,Antalya,O+,+905323346703,2026-05-13 01:48:12
507,44026650276,Pelin Alpaslan,K,1974-06-08,Özel,Gaziantep,O-,+905342993004,2026-05-13 01:48:12
508,96211022542,Eren Gül,E,1965-05-28,Özel,Kayseri,AB-,+905331873083,2026-05-13 01:48:12
509,54716392850,Uğur Turan,E,2000-03-16,SGK,Kayseri,O+,+905345149917,2026-05-13 01:48:12
510,33923126076,Elif Ertürk,K,2002-02-28,SGK,Diyarbakır,B-,+905361296308,2026-05-13 01:48:12
511,94335670816,Tolga Tekin,E,1988-12-09,Özel,Antalya,AB+,+905315517199,2026-05-13 01:48:12
512,12000534768,Esra Arslan,K,2004-10-05,Özel,Konya,AB-,+905325232271,2026-05-13 01:48:12
513,18255598968,Selin Kaplan,K,1969-12-23,SGK,Ankara,A-,+905337443279,2026-05-13 01:48:12
514,43711895480,Ali Yalçın,E,1966-01-30,SGK,İstanbul,B+,+905383578194,2026-05-13 01:48:12
515,95571617696,Rüya Özdemir,K,1974-05-02,Özel,Eskişehir,B+,+905325599450,2026-05-13 01:48:12
516,46788127812,Barış Aslan,E,1965-10-26,SGK,Bursa,B+,+905365554916,2026-05-13 01:48:12
517,18788443452,Barış Doğan,E,1973-03-14,Özel,İstanbul,B-,+905324756912,2026-05-13 01:48:12
518,34033810596,Hüseyin Koç,E,1978-11-29,Özel,Eskişehir,B+,+905315429825,2026-05-13 01:48:12
519,15342408940,Derya Aslan,K,1995-06-14,Özel,Konya,B-,+905344458774,2026-05-13 01:48:12
520,72736527144,Sude Yalçın,K,1976-02-09,SGK,Diyarbakır,O-,+905324168543,2026-05-13 01:48:12
521,32693121670,Ayşe Özkan,K,1996-03-23,SGK,Eskişehir,A+,+905383303365,2026-05-13 01:48:12
522,20023142914,Funda Demir,K,2026-03-20,SGK,Eskişehir,A-,+905386677240,2026-05-13 01:48:12
523,82457230810,Sinan Karakaya,E,1969-08-08,Özel,İstanbul,A-,+905311355809,2026-05-13 01:48:12
524,30303662520,Yasin Tekin,E,1982-05-29,SGK,Konya,B+,+905362885904,2026-05-13 01:48:12
525,61951510918,Kemal Kurt,E,1994-08-16,SGK,Kayseri,O+,+905354042807,2026-05-13 01:48:12
526,61475410244,Şeyma Kurt,K,1955-12-02,SGK,Konya,O-,+905327553173,2026-05-13 01:48:12
527,52152265592,Barış Acar,E,1974-05-24,Özel,İzmir,B-,+905366594616,2026-05-13 01:48:12
528,98788361932,Rüya Köse,K,1973-07-22,SGK,Bursa,AB-,+905332463815,2026-05-13 01:48:12
529,97210552450,Mehmet Güneş,E,1963-08-05,SGK,Bursa,B-,+905365068431,2026-05-13 01:48:12
530,70650191762,Yusuf Bahçeli,E,1933-02-22,SGK,Antalya,B+,+905303464349,2026-05-13 01:48:12
531,72272847638,Mustafa Yılmaz,E,1975-06-18,SGK,Ankara,B+,+905305811186,2026-05-13 01:48:12
532,92066784956,Kadir Kaya,E,1968-01-18,Özel,Adana,A-,+905363630678,2026-05-13 01:48:12
533,13628917704,Hakan Gül,E,1995-11-01,SGK,Antalya,O+,+905321917238,2026-05-13 01:48:12
534,25950342864,Elif Kaplan,K,2001-07-12,SGK,Bursa,B-,+905306186174,2026-05-13 01:48:12
535,19700514052,Cem Akın,E,1935-12-21,Özel,Bursa,AB-,+905369392233,2026-05-13 01:48:12
536,66818209684,Büşra Kaplan,K,1963-04-25,SGK,İzmir,O-,+905343704873,2026-05-13 01:48:12
537,32889857246,Oğuz Doğan,E,1996-06-28,SGK,Eskişehir,O+,+905361671305,2026-05-13 01:48:12
538,22971024816,Tarkan Taş,E,1935-03-31,SGK,Konya,AB-,+905372578970,2026-05-13 01:48:12
539,59551127476,Ceren Göktaş,K,1951-09-30,SGK,Diyarbakır,O-,+905323079808,2026-05-13 01:48:12
540,79275895574,Banu Gül,K,2012-08-27,SGK,Kayseri,A+,+905375409512,2026-05-13 01:48:12
541,31462961394,Enes Yılmaz,E,1975-06-06,Özel,Konya,O-,+905316854207,2026-05-13 01:48:12
542,26636515510,İbrahim Kaya,E,1945-01-25,SGK,Adana,O-,+905372918079,2026-05-13 01:48:12
543,45909605604,Sinan Bahçeli,E,1954-04-16,Özel,Kayseri,O+,+905331384915,2026-05-13 01:48:12
544,31461476844,Gizem Akın,K,2000-02-09,Özel,Gaziantep,AB-,+905302550906,2026-05-13 01:48:12
545,77782659696,Can Korkmaz,E,1942-07-13,Özel,Eskişehir,B+,+905332305413,2026-05-13 01:48:12
546,82751648090,Aslı Bahçeli,K,1934-03-10,SGK,İstanbul,B-,+905372634873,2026-05-13 01:48:12
547,73533905500,Pınar Kılıç,K,2016-08-29,Özel,Kayseri,O-,+905319374022,2026-05-13 01:48:12
548,96851276510,Ebru Korkmaz,K,2002-08-10,Özel,Adana,O+,+905367401570,2026-05-13 01:48:12
549,20961798136,İbrahim Kaplan,E,1973-07-20,SGK,Gaziantep,B-,+905305863789,2026-05-13 01:48:12
550,23715766030,Rüya Erdoğan,K,1935-01-20,Özel,Adana,AB+,+905385758092,2026-05-13 01:48:12
551,70002589506,Esra Yılmaz,K,1995-01-11,SGK,Bursa,O+,+905387565971,2026-05-13 01:48:12
552,36582631240,Büşra Erdoğan,K,1969-07-22,Özel,Mersin,B+,+905365365936,2026-05-13 01:48:12
553,16092098184,İbrahim Akın,E,1990-03-08,SGK,İzmir,B-,+905377008279,2026-05-13 01:48:12
554,46404120944,Pelin Erol,K,1956-09-20,Özel,Ankara,B+,+905393058301,2026-05-13 01:48:12
555,27536170618,Gizem Akın,K,2024-01-27,SGK,Antalya,O-,+905367295723,2026-05-13 01:48:12
556,39901557986,Murat Yılmaz,E,1990-02-21,SGK,Ankara,B-,+905385269818,2026-05-13 01:48:12
557,33513052372,Osman Ertürk,E,2021-12-27,Özel,Bursa,A-,+905349079485,2026-05-13 01:48:12
558,78634234658,İrem Köse,K,1999-02-19,Özel,Gaziantep,O-,+905339184459,2026-05-13 01:48:12
559,29663955106,Derya Uysal,K,1962-04-26,Özel,Diyarbakır,O+,+905385245703,2026-05-13 01:48:12
560,22562531310,Gamze Demir,K,1979-03-01,SGK,İstanbul,AB-,+905353051914,2026-05-13 01:48:12
561,63816493886,Sude Polat,K,1990-12-23,Özel,Diyarbakır,O+,+905392255341,2026-05-13 01:48:12
562,40770461144,Derya Çelik,K,1970-11-28,Özel,Bursa,A+,+905397423283,2026-05-13 01:48:12
563,84260880534,Barış Yılmaz,E,1987-09-16,Özel,Eskişehir,AB+,+905317963867,2026-05-13 01:48:12
564,28579064742,Ebru Gül,K,1970-03-12,SGK,İstanbul,B-,+905352723751,2026-05-13 01:48:12
565,66321358060,Recep Kaplan,E,1933-04-17,Özel,Ankara,A+,+905341722698,2026-05-13 01:48:12
566,74229712532,Volkan Bulut,E,1935-07-19,SGK,Kayseri,A-,+905368495720,2026-05-13 01:48:12
567,67314415876,Müge Koç,K,1952-06-10,SGK,Ankara,O-,+905332308903,2026-05-13 01:48:12
568,86371539844,Ahmet Doğan,E,1979-12-06,SGK,Mersin,A-,+905373583673,2026-05-13 01:48:12
569,89836314642,Batuhan Erdoğan,E,1998-07-23,SGK,Konya,A-,+905313471111,2026-05-13 01:48:12
570,34078754176,Mehmet Polat,E,1957-11-13,Özel,İzmir,O+,+905364557877,2026-05-13 01:48:12
571,55106634314,Eda Avcı,K,1970-12-24,SGK,Mersin,O+,+905389281506,2026-05-13 01:48:12
572,41009431822,Okan Alpaslan,E,2000-06-30,SGK,Gaziantep,A-,+905367575126,2026-05-13 01:48:12
573,33549401212,Müge Doğan,K,1967-06-30,SGK,Eskişehir,B-,+905376122489,2026-05-13 01:48:12
574,35720765038,Zeynep Kılıç,K,2000-04-04,Özel,Diyarbakır,AB-,+905321163307,2026-05-13 01:48:12
575,81009438834,Turan Öztürk,E,2004-03-26,Özel,Eskişehir,AB-,+905316110378,2026-05-13 01:48:12
576,57457054568,Ebru Erol,K,1935-06-09,SGK,Ankara,AB+,+905399126125,2026-05-13 01:48:12
577,35703965356,Onur Yıldız,E,1983-11-02,SGK,Kayseri,O-,+905315595680,2026-05-13 01:48:12
578,79644309800,Ebru Bulut,K,1963-07-05,Özel,Konya,AB-,+905318272245,2026-05-13 01:48:12
579,37284982418,Ahmet Köse,E,1987-12-15,Özel,İstanbul,B-,+905308614476,2026-05-13 01:48:12
580,50650042530,Fatih Köse,E,1934-08-30,SGK,Ankara,AB+,+905383601089,2026-05-13 01:48:12
581,24307536628,Uğur Yalçın,E,1962-03-24,SGK,Diyarbakır,AB+,+905346067099,2026-05-13 01:48:12
582,33426834430,Derya Yalçın,K,2011-08-08,SGK,Gaziantep,A-,+905327307661,2026-05-13 01:48:12
583,67567667022,Derya Ertürk,K,1959-10-11,SGK,Diyarbakır,AB+,+905313358634,2026-05-13 01:48:12
584,99406260736,Büşra Uysal,K,1932-08-21,Özel,Ankara,A+,+905371911778,2026-05-13 01:48:12
585,24975019850,Kaan Taş,E,1988-05-19,SGK,İzmir,O-,+905339661473,2026-05-13 01:48:12
586,50793110264,Hüseyin Özkan,E,1986-08-21,Özel,Bursa,A-,+905315147429,2026-05-13 01:48:12
587,70146723842,Yasin Avcı,E,1993-06-11,SGK,Gaziantep,B+,+905393066894,2026-05-13 01:48:12
588,38837744194,Hüseyin Öztürk,E,1944-11-06,Özel,Gaziantep,A-,+905347563066,2026-05-13 01:48:12
589,14719609478,Hande Bahçeli,K,2012-04-22,Özel,Konya,O-,+905353337125,2026-05-13 01:48:12
590,98358681200,Emre Korkmaz,E,1978-06-13,Özel,Konya,B+,+905396692359,2026-05-13 01:48:12
591,86792988412,Gamze Göktaş,K,1997-07-16,SGK,Diyarbakır,O+,+905396840068,2026-05-13 01:48:12
592,41177533168,Mehmet Kılıç,E,1954-10-30,SGK,İstanbul,AB+,+905362079947,2026-05-13 01:48:12
593,69025176220,Mustafa Avcı,E,1941-08-02,Özel,Adana,O-,+905334283602,2026-05-13 01:48:12
594,36831901360,Tuğba Çelik,K,2022-05-11,Özel,Diyarbakır,A-,+905357845563,2026-05-13 01:48:12
595,43978559842,Osman Köse,E,1935-04-10,SGK,Kayseri,O+,+905378172456,2026-05-13 01:48:12
596,51173098554,Recep Çetin,E,2017-01-05,Özel,Ankara,B+,+905367004652,2026-05-13 01:48:12
597,48984690862,Orhan Karakaya,E,1986-07-20,SGK,Kayseri,A+,+905375413298,2026-05-13 01:48:12
598,45023850300,Gözde Özdemir,K,1964-07-29,Özel,Antalya,A-,+905391593277,2026-05-13 01:48:12
599,34010783578,Enes Turan,E,1981-01-17,Özel,İstanbul,B-,+905301928728,2026-05-13 01:48:12
600,16626682186,Enes Turan,E,1961-07-02,Özel,Bursa,AB-,+905356902041,2026-05-13 01:48:12
601,29036890096,Okan Yıldız,E,1953-04-14,SGK,İzmir,O-,+905311950506,2026-05-13 01:48:12
602,69342967174,Didem Arslan,K,1988-01-06,SGK,Konya,AB-,+905384453773,2026-05-13 01:48:12
603,94384588100,Cansu Güneş,K,2012-05-17,SGK,Adana,A-,+905399157211,2026-05-13 01:48:12
604,58315203760,Osman Yıldız,E,1976-03-16,Özel,İstanbul,AB+,+905309370278,2026-05-13 01:48:12
605,14967066740,Cansu Akın,K,2019-11-01,Özel,Mersin,A+,+905328232405,2026-05-13 01:48:12
606,19549305972,Orhan Korkmaz,E,1977-04-14,Özel,Eskişehir,AB+,+905317511414,2026-05-13 01:48:12
607,94267320452,Seda Karakaya,K,1952-03-31,SGK,Antalya,O+,+905335963118,2026-05-13 01:48:12
608,59014954298,Ezgi Koç,K,1989-09-30,Özel,İstanbul,AB-,+905308825556,2026-05-13 01:48:12
609,24985172446,Onur Aslan,E,1952-01-02,SGK,Bursa,B+,+905373134439,2026-05-13 01:48:12
610,12879508358,Oğuz Alpaslan,E,2018-01-02,SGK,Mersin,A+,+905306927978,2026-05-13 01:48:12
611,97181335984,Elif Göktaş,K,1963-05-31,Özel,Kayseri,O+,+905362197778,2026-05-13 01:48:12
612,65657490260,Mehmet Arslan,E,1981-02-26,Özel,Ankara,B-,+905391428411,2026-05-13 01:48:12
613,12611398988,Sude Erdoğan,K,1966-10-12,Özel,Mersin,A+,+905383034109,2026-05-13 01:48:12
614,49435353770,Derya Koç,K,2004-05-24,Özel,Eskişehir,O+,+905338465986,2026-05-13 01:48:12
615,91579376344,Kerem Turgut,E,1964-03-10,Özel,Gaziantep,B+,+905385109477,2026-05-13 01:48:12
616,21668297304,Duygu Arslan,K,1931-09-24,Özel,Ankara,O+,+905303797952,2026-05-13 01:48:12
617,16021288648,Elif Aydın,K,1949-03-09,SGK,Eskişehir,AB+,+905365050605,2026-05-13 01:48:12
618,20157676408,Duygu Yalçın,K,1938-03-06,SGK,Ankara,B+,+905329545877,2026-05-13 01:48:12
619,67289413426,İrem Erdoğan,K,1988-07-29,Özel,Diyarbakır,O+,+905389811287,2026-05-13 01:48:12
620,32036849926,Funda Arslan,K,1996-12-19,Özel,Adana,AB+,+905322988957,2026-05-13 01:48:12
621,54913421346,Tuğba Kılıç,K,1974-02-16,SGK,Mersin,B-,+905301666811,2026-05-13 01:48:12
622,44967827478,Ayşe Güneş,K,1937-05-17,Özel,Gaziantep,O-,+905318455879,2026-05-13 01:48:12
623,25131528568,Recep Koç,E,1991-06-04,SGK,İstanbul,O+,+905316281634,2026-05-13 01:48:12
624,10329633490,Pelin Turgut,K,1975-02-08,SGK,İzmir,B-,+905375741235,2026-05-13 01:48:12
625,27893206456,Ahmet Acar,E,1969-07-19,Özel,Konya,B+,+905336850278,2026-05-13 01:48:12
626,86958741356,Deniz Köse,E,1998-10-12,SGK,Bursa,O+,+905376459256,2026-05-13 01:48:12
627,25627796396,Serkan Arslan,E,2017-08-27,Özel,İstanbul,AB-,+905337861979,2026-05-13 01:48:12
628,86640473558,Gözde Gül,K,1988-12-07,SGK,Bursa,B+,+905377875496,2026-05-13 01:48:12
629,62980061518,Tarkan Uysal,E,1935-08-04,Özel,Mersin,B-,+905311825694,2026-05-13 01:48:12
630,73425563870,Emre Erol,E,1990-04-25,Özel,Ankara,O+,+905309834133,2026-05-13 01:48:12
631,50330416620,Emre Kurt,E,2000-03-31,SGK,Mersin,O+,+905312239672,2026-05-13 01:48:12
632,31963945640,Orhan Taş,E,1989-12-10,Özel,Bursa,A-,+905348699159,2026-05-13 01:48:12
633,71368474864,Funda Kurt,K,1978-05-05,Özel,Antalya,A-,+905377604270,2026-05-13 01:48:12
634,73757914586,Barış Demir,E,2006-03-26,SGK,Bursa,O-,+905383839639,2026-05-13 01:48:12
635,88930746410,Hüseyin Gül,E,1964-02-26,SGK,Eskişehir,O+,+905306392918,2026-05-13 01:48:12
636,88753577864,Sude Turgut,K,1967-04-03,Özel,Eskişehir,A-,+905318142094,2026-05-13 01:48:12
637,91237106740,Ahmet Kılıç,E,1991-09-07,Özel,Gaziantep,A+,+905328015348,2026-05-13 01:48:12
638,58595922498,Uğur Kurt,E,1983-07-04,Özel,Diyarbakır,AB+,+905359713746,2026-05-13 01:48:12
639,32870562272,Sude Bulut,K,1989-12-05,Özel,Eskişehir,A-,+905334343156,2026-05-13 01:48:12
640,89215835034,Elif Aslan,K,1951-12-20,Özel,Antalya,O+,+905366129639,2026-05-13 01:48:12
641,31342491232,Mustafa Yalçın,E,1941-06-17,Özel,Diyarbakır,AB+,+905366539168,2026-05-13 01:48:12
642,43192227022,Emre Yılmaz,E,2007-03-05,Özel,Gaziantep,O-,+905388376757,2026-05-13 01:48:12
643,48666754882,Nil Alpaslan,K,2005-07-08,SGK,Kayseri,AB+,+905333786969,2026-05-13 01:48:12
644,84186520576,Rüya Avcı,K,1935-06-05,Özel,Bursa,B-,+905358114847,2026-05-13 01:48:12
645,47583094538,Gizem Yılmaz,K,2015-01-05,SGK,Diyarbakır,AB+,+905381218011,2026-05-13 01:48:12
646,14409079734,Melis Gül,K,1974-06-17,SGK,İstanbul,AB-,+905382742939,2026-05-13 01:48:12
647,26107051844,Burak Aydın,E,2001-06-12,SGK,Antalya,AB-,+905391279750,2026-05-13 01:48:12
648,76013824124,Özge Yılmaz,K,2006-12-24,SGK,Eskişehir,O+,+905394333354,2026-05-13 01:48:12
649,95157919770,Murat Koç,E,2024-02-10,SGK,Antalya,A+,+905314114839,2026-05-13 01:48:12
650,81343240612,Hakan Güneş,E,1984-12-22,SGK,Gaziantep,B-,+905326293899,2026-05-13 01:48:12
651,54741759574,Pelin Kaya,K,1991-09-26,SGK,Diyarbakır,O+,+905321616245,2026-05-13 01:48:12
652,53588418316,Uğur Korkmaz,E,1993-12-31,Özel,Mersin,B+,+905302934382,2026-05-13 01:48:12
653,65969051562,Serkan Yalçın,E,1960-02-22,SGK,Antalya,AB-,+905368977497,2026-05-13 01:48:12
654,37820797902,Kerem Özkan,E,1976-10-21,Özel,Adana,AB-,+905375086740,2026-05-13 01:48:12
655,13816649660,Gamze Özkan,K,1984-08-24,SGK,Diyarbakır,B-,+905326042941,2026-05-13 01:48:12
656,24257627094,Kaan Aslan,E,1984-02-15,SGK,Ankara,B+,+905346159442,2026-05-13 01:48:12
657,42850725160,Uğur Akın,E,1968-10-24,Özel,Kayseri,O+,+905338923978,2026-05-13 01:48:12
658,35265469606,Kemal Erdoğan,E,1978-09-06,SGK,Bursa,B+,+905391451244,2026-05-13 01:48:12
659,90996132762,Ezgi Bulut,K,2001-12-10,SGK,Antalya,O+,+905362557770,2026-05-13 01:48:12
660,56704622642,Fatma Kurt,K,1964-03-20,Özel,Antalya,A-,+905372386477,2026-05-13 01:48:12
661,39867076668,Emre Arslan,E,1950-10-09,Özel,Diyarbakır,O-,+905342945459,2026-05-13 01:48:12
662,61268612046,Duygu Erol,K,2000-02-02,Özel,Gaziantep,A+,+905388633454,2026-05-13 01:48:12
663,87509546598,Didem Alpaslan,K,1966-05-01,Özel,İzmir,AB+,+905385483468,2026-05-13 01:48:12
664,64091508654,Ayşe Avcı,K,2005-08-13,Özel,Eskişehir,B+,+905313114845,2026-05-13 01:48:12
665,89389701500,Bahar Korkmaz,K,1985-07-06,Özel,Mersin,A-,+905317407436,2026-05-13 01:48:12
666,12416139434,Hande Gül,K,1940-08-23,Özel,Eskişehir,A+,+905385089486,2026-05-13 01:48:12
667,52480962422,Sude Acar,K,1995-01-28,Özel,Kayseri,B+,+905307951217,2026-05-13 01:48:12
668,61330531978,İrem Taş,K,1993-07-16,Özel,Mersin,O+,+905366515543,2026-05-13 01:48:12
669,65727738230,Kaan Bulut,E,1981-10-19,Özel,Kayseri,O-,+905302318832,2026-05-13 01:48:12
670,64457702948,Hakan Çetin,E,1970-11-15,Özel,Gaziantep,A+,+905398239885,2026-05-13 01:48:12
671,92691163300,Esra Erdoğan,K,1941-12-16,Özel,Eskişehir,O+,+905323669548,2026-05-13 01:48:12
672,55515888612,Sude Tekin,K,1995-09-03,SGK,Konya,B+,+905375803038,2026-05-13 01:48:12
673,95721696656,Banu Yılmaz,K,1970-04-29,Özel,İzmir,A-,+905394761327,2026-05-13 01:48:12
674,42971509670,Eren Uysal,E,1963-02-05,SGK,Antalya,B-,+905328680087,2026-05-13 01:48:12
675,34103977396,Pelin Arslan,K,1976-01-11,Özel,Mersin,A-,+905328741111,2026-05-13 01:48:12
676,20068761606,Okan Polat,E,1931-08-12,Özel,Eskişehir,A+,+905319961899,2026-05-13 01:48:12
677,70568761156,Eda Kurt,K,1999-07-22,Özel,Antalya,O+,+905313834568,2026-05-13 01:48:12
678,44151773406,Okan Turan,E,1993-11-25,SGK,Diyarbakır,AB+,+905375327209,2026-05-13 01:48:12
679,50359544274,Hüseyin Çetin,E,1980-09-12,SGK,İzmir,B+,+905375947259,2026-05-13 01:48:12
680,40394290472,Funda Özdemir,K,1973-08-22,Özel,Diyarbakır,B+,+905369002301,2026-05-13 01:48:12
681,68567287234,Selim Ertürk,E,1978-05-06,SGK,Bursa,AB+,+905316743965,2026-05-13 01:48:12
682,23577908326,Hüseyin Koç,E,1978-06-08,Özel,Kayseri,A-,+905307685573,2026-05-13 01:48:12
683,98107983364,Cem Turgut,E,2002-05-26,SGK,Eskişehir,O-,+905334830908,2026-05-13 01:48:12
684,94131284002,Kadir Koç,E,2000-07-18,SGK,Konya,A-,+905399007468,2026-05-13 01:48:12
685,81717318916,Zeynep Çelik,K,1992-12-11,SGK,Diyarbakır,O+,+905391161102,2026-05-13 01:48:12
686,80469472594,Pelin Yalçın,K,1973-12-19,Özel,Mersin,B-,+905345432538,2026-05-13 01:48:12
687,57127058780,Rüya Ertürk,K,1985-04-10,Özel,Ankara,O-,+905366111027,2026-05-13 01:48:12
688,43484587148,Can Kaplan,E,1960-07-05,SGK,Antalya,B+,+905333593718,2026-05-13 01:48:12
689,35879643454,Ceren Kılıç,K,1962-12-10,Özel,Adana,AB-,+905353432470,2026-05-13 01:48:12
690,79660606594,Hazal Özkan,K,1985-09-22,SGK,Eskişehir,B-,+905341326813,2026-05-13 01:48:12
691,15665883394,Banu Güneş,K,1975-12-25,Özel,Bursa,B+,+905312248676,2026-05-13 01:48:12
692,16734996038,Sevgi Turan,K,1997-12-23,SGK,Konya,AB+,+905387198322,2026-05-13 01:48:12
693,66229493832,Büşra Göktaş,K,2018-11-28,SGK,Mersin,AB+,+905395374141,2026-05-13 01:48:12
694,67325737516,Mustafa Arslan,E,2000-01-04,Özel,İzmir,A-,+905391388196,2026-05-13 01:48:12
695,18085096030,Gamze Köse,K,1932-11-27,SGK,Adana,AB-,+905389254549,2026-05-13 01:48:12
696,91828197904,Barış Akın,E,1984-04-06,SGK,Konya,O-,+905365645022,2026-05-13 01:48:12
697,67860694084,Zeynep Kaya,K,1978-05-04,SGK,Antalya,O+,+905304778731,2026-05-13 01:48:12
698,68739592302,Tuğba Yalçın,K,1953-12-07,SGK,İstanbul,A+,+905322692762,2026-05-13 01:48:12
699,63334264326,Zeynep Arslan,K,1953-11-13,Özel,Konya,A-,+905303303715,2026-05-13 01:48:12
700,70776336986,Gökhan Doğan,E,1958-02-13,SGK,Ankara,B+,+905389665368,2026-05-13 01:48:12
701,65633185760,Turan Taş,E,2004-09-22,Özel,Gaziantep,O+,+905301121728,2026-05-13 01:48:12
702,51643167070,Kerem Güneş,E,1951-06-17,SGK,İzmir,B-,+905351761173,2026-05-13 01:48:12
703,32700934514,Recep Çetin,E,1964-02-23,SGK,İzmir,B+,+905363892727,2026-05-13 01:48:12
704,17346549582,Selin Kılıç,K,2025-11-25,Özel,İstanbul,B+,+905308893719,2026-05-13 01:48:12
705,92210531610,Orhan Erdoğan,E,1956-09-12,SGK,Mersin,O-,+905377963833,2026-05-13 01:48:12
706,84258591732,Murat Turan,E,1963-07-26,SGK,Bursa,B+,+905333111127,2026-05-13 01:48:12
707,74913342496,İbrahim Kaplan,E,1993-06-05,SGK,Mersin,AB+,+905399722758,2026-05-13 01:48:12
708,39060320216,Hande Güneş,K,1964-01-13,Özel,Antalya,A+,+905327656588,2026-05-13 01:48:12
709,77379487114,Ebru Çelik,K,1969-08-23,Özel,İzmir,AB+,+905356658193,2026-05-13 01:48:12
710,25841560810,Rüya Polat,K,2000-09-21,SGK,Mersin,AB+,+905313017925,2026-05-13 01:48:12
711,78182683250,Cansu Avcı,K,1953-05-05,SGK,Mersin,B+,+905336938069,2026-05-13 01:48:12
712,92521293238,Pınar Yıldız,K,1970-10-09,Özel,İstanbul,O+,+905335671135,2026-05-13 01:48:12
713,87524014898,Özge Tekin,K,1983-07-05,SGK,İstanbul,O+,+905392120966,2026-05-13 01:48:12
714,46266933560,Sinan Kılıç,E,2018-03-03,SGK,Eskişehir,B+,+905363071506,2026-05-13 01:48:12
715,60184819782,Fatma Koç,K,1993-12-12,Özel,İzmir,A-,+905318623020,2026-05-13 01:48:12
716,51769274348,Didem Erdoğan,K,1987-07-10,Özel,Bursa,O-,+905397082569,2026-05-13 01:48:12
717,54485645102,Eda Kaplan,K,2011-01-10,Özel,Bursa,O+,+905399304320,2026-05-13 01:48:12
718,79860919166,Turan Turgut,E,1987-01-12,Özel,Gaziantep,A+,+905358077121,2026-05-13 01:48:12
719,90660392072,İrem Karakaya,K,1980-03-24,Özel,İstanbul,O-,+905347914627,2026-05-13 01:48:12
720,44705742384,Ebru Korkmaz,K,1962-08-07,Özel,Antalya,B+,+905357733046,2026-05-13 01:48:12
721,93541165970,Kaan Korkmaz,E,1984-10-30,Özel,Eskişehir,O-,+905335440600,2026-05-13 01:48:12
722,32501394838,Hazal Güneş,K,1972-12-13,SGK,Gaziantep,A-,+905383984802,2026-05-13 01:48:12
723,74258562672,İbrahim Taş,E,1998-07-04,Özel,Antalya,B-,+905392379281,2026-05-13 01:48:12
724,34073333758,Okan Turgut,E,1984-02-29,Özel,Bursa,A+,+905305979362,2026-05-13 01:48:12
725,99362896956,Gözde Turgut,K,1948-01-01,Özel,Gaziantep,AB-,+905355421758,2026-05-13 01:48:12
726,61253892118,Eren Erol,E,1934-08-28,SGK,Antalya,A-,+905379981848,2026-05-13 01:48:12
727,84907977900,Rüya Yıldız,K,1985-05-02,Özel,Mersin,A+,+905388524049,2026-05-13 01:48:12
728,61494097662,Fatma Göktaş,K,1985-10-23,Özel,Adana,AB+,+905338585176,2026-05-13 01:48:12
729,72895090572,Barış Ertürk,E,1966-04-07,SGK,Mersin,O+,+905392067513,2026-05-13 01:48:12
730,32071511628,Okan Taş,E,1968-10-27,SGK,Eskişehir,O-,+905367396996,2026-05-13 01:48:12
731,55264712428,Gizem Kaplan,K,1982-11-16,Özel,Konya,A-,+905316699558,2026-05-13 01:48:12
732,90512080072,Kadir Aslan,E,1999-04-30,SGK,Ankara,B+,+905397288704,2026-05-13 01:48:12
733,45129592760,Gizem Erol,K,1962-02-12,SGK,Konya,A+,+905383497284,2026-05-13 01:48:12
734,25298217398,Murat Kurt,E,1970-11-23,SGK,Konya,A-,+905377523750,2026-05-13 01:48:12
735,33736050704,Esra Güneş,K,1930-06-11,Özel,Mersin,A-,+905392657259,2026-05-13 01:48:12
736,55273466626,Pınar Çelik,K,1975-05-02,Özel,Antalya,O-,+905372750174,2026-05-13 01:48:12
737,18031499892,Müge Kurt,K,1998-04-19,Özel,İstanbul,AB+,+905381469143,2026-05-13 01:48:12
738,16882850312,Kerem Erol,E,2021-01-20,Özel,Eskişehir,B-,+905352224124,2026-05-13 01:48:12
739,10631403514,Barış Uysal,E,1948-01-18,SGK,İstanbul,B+,+905357743748,2026-05-13 01:48:12
740,79434606638,Tarkan Özdemir,E,1964-02-06,Özel,Diyarbakır,A+,+905375251774,2026-05-13 01:48:12
741,41112712818,Gökhan Aydın,E,1999-05-31,Özel,Mersin,AB+,+905365778264,2026-05-13 01:48:12
742,73187328076,Elif Alpaslan,K,1987-03-18,SGK,Gaziantep,B+,+905331638058,2026-05-13 01:48:12
743,67279083394,Okan Acar,E,1988-07-26,SGK,Antalya,AB+,+905303562057,2026-05-13 01:48:12
744,16624813292,İrem Çelik,K,1979-06-12,SGK,Konya,A-,+905371424625,2026-05-13 01:48:12
745,38501168844,Rüya Kılıç,K,2020-11-30,SGK,İzmir,A-,+905351644748,2026-05-13 01:48:12
746,16913098164,Tolga Yılmaz,E,2010-07-26,Özel,Kayseri,O+,+905365739034,2026-05-13 01:48:12
747,55772785310,Turan Uysal,E,2002-10-28,Özel,Antalya,A+,+905343689667,2026-05-13 01:48:12
748,86836253674,Fatma Şahin,K,1976-09-20,Özel,Gaziantep,O-,+905378447286,2026-05-13 01:48:12
749,38333393926,Derya Gül,K,1975-08-07,SGK,Kayseri,AB+,+905367288379,2026-05-13 01:48:12
750,28749603368,Fatma Turan,K,2002-06-11,Özel,Gaziantep,B+,+905369682223,2026-05-13 01:48:12
751,34926932626,Hakan Erdoğan,E,2001-03-08,SGK,Diyarbakır,A+,+905376305200,2026-05-13 01:48:12
752,10515532316,İbrahim Demir,E,2005-11-09,Özel,Diyarbakır,O-,+905396293212,2026-05-13 01:48:12
753,51822261872,Gizem Kurt,K,1947-02-22,SGK,Eskişehir,AB+,+905388878038,2026-05-13 01:48:12
754,20267672024,Hüseyin Avcı,E,1963-11-10,Özel,Konya,A+,+905374050662,2026-05-13 01:48:12
755,61229462192,Duygu Akın,K,1934-06-06,Özel,Adana,A-,+905336380429,2026-05-13 01:48:12
756,72543848012,Ayşe Uysal,K,1962-02-17,Özel,Eskişehir,AB+,+905305006465,2026-05-13 01:48:12
757,14715802996,Hande Bulut,K,2025-12-10,Özel,Konya,O+,+905364349443,2026-05-13 01:48:12
758,65866525418,Cem Erdoğan,E,1974-12-21,Özel,Konya,A-,+905342397644,2026-05-13 01:48:12
759,23125129364,Mehmet Aydın,E,1933-04-05,SGK,Eskişehir,AB-,+905301225606,2026-05-13 01:48:12
760,61910231250,Selim Polat,E,2024-05-12,SGK,Bursa,A+,+905364910362,2026-05-13 01:48:12
761,47379274946,Derya Çetin,K,1958-09-30,SGK,İstanbul,A-,+905329515853,2026-05-13 01:48:12
762,99311325384,Volkan Bahçeli,E,1998-07-11,SGK,Kayseri,AB+,+905369500251,2026-05-13 01:48:12
763,48044210160,Berna Korkmaz,K,1962-04-13,SGK,Ankara,O-,+905398215793,2026-05-13 01:48:12
764,69194575770,Eren Yalçın,E,1980-09-05,SGK,Bursa,B+,+905354192453,2026-05-13 01:48:12
765,85677722622,Gözde Polat,K,1990-03-03,Özel,Kayseri,B+,+905357399792,2026-05-13 01:48:12
766,32923106736,Aslı Acar,K,1998-02-01,Özel,Gaziantep,B+,+905309343685,2026-05-13 01:48:12
767,89766270544,Tuğba Çelik,K,1957-11-29,Özel,İzmir,B-,+905375854015,2026-05-13 01:48:12
768,14254969112,Onur Köse,E,1973-12-20,Özel,Eskişehir,B+,+905357263852,2026-05-13 01:48:12
769,85633535716,Zeynep Demir,K,1942-11-21,SGK,Eskişehir,B-,+905396554277,2026-05-13 01:48:12
770,43797058182,Seda Yıldız,K,1985-06-28,Özel,Mersin,O-,+905352364116,2026-05-13 01:48:12
771,73425073348,Zeynep Avcı,K,1979-11-13,Özel,Mersin,B+,+905399095897,2026-05-13 01:48:12
772,93399140334,Müge Arslan,K,1973-12-20,Özel,Gaziantep,A+,+905337308382,2026-05-13 01:48:12
773,50061572770,Sude Bahçeli,K,1973-02-22,Özel,Antalya,A-,+905398451420,2026-05-13 01:48:12
774,84292501056,Bahar Çelik,K,1942-09-12,SGK,Antalya,O+,+905353378218,2026-05-13 01:48:12
775,35904599060,Derya Gül,K,1959-03-08,SGK,Ankara,B+,+905372071693,2026-05-13 01:48:12
776,41555165158,Osman Kılıç,E,1973-04-12,SGK,Kayseri,O+,+905387985242,2026-05-13 01:48:12
777,31433080024,Hakan Avcı,E,1968-01-19,SGK,İstanbul,B-,+905371711267,2026-05-13 01:48:12
778,65660847068,Recep Ertürk,E,1967-10-14,SGK,İstanbul,B-,+905382140205,2026-05-13 01:48:12
779,80519582648,Oğuz Yalçın,E,1991-05-11,Özel,Adana,AB-,+905395721396,2026-05-13 01:48:12
780,55354614700,Can Taş,E,2009-10-18,Özel,Ankara,A+,+905334100967,2026-05-13 01:48:12
781,53945703994,Hakan Çelik,E,1934-01-04,SGK,İstanbul,AB+,+905339574824,2026-05-13 01:48:12
782,47657692714,Burak Bulut,E,1970-12-19,SGK,Diyarbakır,A-,+905332303155,2026-05-13 01:48:12
783,14047692104,Tarkan Aslan,E,2019-06-18,SGK,Eskişehir,AB-,+905338099541,2026-05-13 01:48:12
784,50142473118,Gözde Demir,K,1936-05-29,SGK,İzmir,A+,+905308994424,2026-05-13 01:48:12
785,94409712398,Okan Polat,E,2014-04-28,Özel,Gaziantep,O-,+905309345380,2026-05-13 01:48:12
786,11447340420,Ahmet Karakaya,E,1954-01-13,Özel,Kayseri,A+,+905371032691,2026-05-13 01:48:12
787,55195778210,Tuğba Aslan,K,1961-11-04,Özel,Antalya,AB-,+905383444368,2026-05-13 01:48:12
788,67542786588,Selim Gül,E,1957-07-09,Özel,Antalya,AB-,+905343309241,2026-05-13 01:48:12
789,15829582910,Pınar Kılıç,K,2001-05-24,SGK,Gaziantep,A-,+905362371426,2026-05-13 01:48:12
790,58235715534,Barış Yılmaz,E,1977-08-19,Özel,Diyarbakır,AB-,+905364675408,2026-05-13 01:48:12
791,33081721410,Oğuz Polat,E,1995-12-10,SGK,Bursa,A+,+905332620464,2026-05-13 01:48:12
792,42114716590,Deniz Alpaslan,E,1989-05-21,Özel,Antalya,O+,+905396036779,2026-05-13 01:48:12
793,89907075588,Murat Acar,E,2010-10-30,Özel,Gaziantep,AB-,+905382644281,2026-05-13 01:48:12
794,81748113160,Tolga Şahin,E,1966-11-23,Özel,İstanbul,AB-,+905338873203,2026-05-13 01:48:12
795,71029087150,Sude Uysal,K,1975-12-25,Özel,Mersin,A+,+905397512547,2026-05-13 01:48:12
796,37420495666,Osman Köse,E,2004-04-04,SGK,Konya,B-,+905339089070,2026-05-13 01:48:12
797,14235973756,Gizem Erdoğan,K,1931-03-16,SGK,İzmir,B+,+905313758732,2026-05-13 01:48:12
798,70858167002,Müge Güneş,K,1990-05-20,Özel,Ankara,A-,+905362123042,2026-05-13 01:48:12
799,93210219232,Melis Gül,K,1975-06-11,Özel,Mersin,AB+,+905387263217,2026-05-13 01:48:12
800,71803324266,Burak Yalçın,E,1978-05-08,SGK,Mersin,A+,+905352006532,2026-05-13 01:48:12
801,14253733738,Sevgi Çetin,K,1984-03-24,SGK,Mersin,A-,+905327507169,2026-05-13 01:48:12
802,27819236536,Yasin Bahçeli,E,1933-12-30,Özel,Gaziantep,A+,+905362001147,2026-05-13 01:48:12
803,66793279818,Ayşe Çelik,K,1939-06-23,Özel,Diyarbakır,AB+,+905325049023,2026-05-13 01:48:12
804,16181205486,Uğur Taş,E,1975-06-16,Özel,Mersin,AB-,+905356091832,2026-05-13 01:48:12
805,79899927538,Nil Köse,K,2010-11-20,Özel,Diyarbakır,A-,+905389673780,2026-05-13 01:48:12
806,93553935462,Bahar Kurt,K,1997-08-21,SGK,Adana,O+,+905365672826,2026-05-13 01:48:12
807,68853798284,Deniz Çelik,E,1998-06-22,SGK,Diyarbakır,AB-,+905334451640,2026-05-13 01:48:12
808,77497852436,Ezgi Öztürk,K,1982-03-11,SGK,İstanbul,A-,+905367594804,2026-05-13 01:48:12
809,99489634080,Müge Polat,K,1939-09-06,Özel,Konya,O+,+905392813267,2026-05-13 01:48:12
810,31500141870,Selin Aydın,K,1986-03-25,SGK,İstanbul,A+,+905364437529,2026-05-13 01:48:12
811,54633399956,Kaan Uysal,E,1930-08-05,Özel,İzmir,A+,+905354965501,2026-05-13 01:48:12
812,48902199484,Emre Erdoğan,E,1957-03-26,Özel,Bursa,B-,+905337818297,2026-05-13 01:48:12
813,51034699692,Burak Yıldız,E,1983-03-24,Özel,Eskişehir,O-,+905317854073,2026-05-13 01:48:12
814,70843768542,Tolga Uysal,E,1992-08-27,Özel,Konya,B-,+905397507893,2026-05-13 01:48:12
815,72633556490,Mustafa Taş,E,1999-01-16,SGK,İstanbul,B-,+905368880476,2026-05-13 01:48:12
816,65607676126,Ayşe Erdoğan,K,1979-01-17,SGK,Adana,O-,+905347150439,2026-05-13 01:48:12
817,99830650370,Oğuz Yalçın,E,2021-03-27,Özel,Adana,A-,+905391839952,2026-05-13 01:48:12
818,36423642886,Fatma Kurt,K,2023-07-01,Özel,Adana,O-,+905303951849,2026-05-13 01:48:12
819,49111428112,Okan Demir,E,1942-11-07,SGK,Mersin,B+,+905323562193,2026-05-13 01:48:12
820,58088062298,Eren Kılıç,E,2022-03-07,Özel,Diyarbakır,AB+,+905337160440,2026-05-13 01:48:12
821,23290162050,Serkan Kaya,E,1991-09-06,Özel,Mersin,O-,+905367776291,2026-05-13 01:48:12
822,72872031932,Berna Çetin,K,1933-12-12,Özel,Gaziantep,O+,+905317919142,2026-05-13 01:48:12
823,83036279244,Ayşe Arslan,K,1980-10-23,Özel,İstanbul,B-,+905333387655,2026-05-13 01:48:12
824,87537260312,Müge Gül,K,1931-06-21,Özel,Antalya,A+,+905315956293,2026-05-13 01:48:12
825,29458870744,Funda Acar,K,2016-02-04,SGK,İzmir,A+,+905349501309,2026-05-13 01:48:12
826,10838507664,Enes Koç,E,1993-11-17,SGK,Adana,AB-,+905396478510,2026-05-13 01:48:12
827,78089812654,Gökhan Köse,E,1993-06-22,SGK,İzmir,B-,+905343415105,2026-05-13 01:48:12
828,40040236908,Bahar Gül,K,2003-10-08,SGK,Bursa,A+,+905385280671,2026-05-13 01:48:12
829,81372711718,Ali Özdemir,E,1949-07-02,Özel,Adana,AB-,+905358867277,2026-05-13 01:48:12
830,59330674580,Selim Çetin,E,1950-09-01,Özel,Diyarbakır,AB+,+905361860445,2026-05-13 01:48:12
831,43372188556,Hüseyin Turgut,E,1977-10-11,SGK,Adana,A-,+905396556834,2026-05-13 01:48:12
832,25066626766,Tarkan Turan,E,1949-11-05,Özel,Bursa,O-,+905316167506,2026-05-13 01:48:12
833,76343925256,Sevgi Doğan,K,1971-11-03,SGK,Ankara,A-,+905312688791,2026-05-13 01:48:12
834,81200720202,Orhan Acar,E,1996-05-31,Özel,İstanbul,B+,+905352468345,2026-05-13 01:48:12
835,20903267188,Elif Şahin,K,1998-07-03,SGK,Diyarbakır,AB+,+905382202646,2026-05-13 01:48:12
836,52817934054,Serkan Taş,E,1979-06-08,Özel,Konya,AB-,+905328929924,2026-05-13 01:48:12
837,44533722022,Gamze Tekin,K,2023-02-28,SGK,İzmir,B+,+905318531631,2026-05-13 01:48:12
838,47661894364,Duygu Arslan,K,1940-04-26,Özel,Gaziantep,B-,+905353626153,2026-05-13 01:48:12
839,56277657218,Fatih Şahin,E,1936-05-16,SGK,Diyarbakır,B+,+905366281272,2026-05-13 01:48:12
840,27520238942,Volkan Tekin,E,1982-01-30,Özel,İstanbul,A+,+905328010698,2026-05-13 01:48:12
841,60178332594,Şeyma Güneş,K,1962-08-29,Özel,Gaziantep,B-,+905349906505,2026-05-13 01:48:12
842,94870450614,Serkan Yalçın,E,1965-04-11,Özel,Konya,B-,+905378000211,2026-05-13 01:48:12
843,50394640832,Gökhan Özdemir,E,2000-09-25,SGK,İstanbul,O+,+905337660222,2026-05-13 01:48:12
844,96084907946,Cem Erol,E,1990-12-18,SGK,Gaziantep,AB-,+905314939850,2026-05-13 01:48:12
845,25370124262,Ahmet Acar,E,1969-01-02,SGK,Gaziantep,B-,+905363715584,2026-05-13 01:48:12
846,58811210354,Elif Kurt,K,2018-02-11,Özel,Antalya,A-,+905318571416,2026-05-13 01:48:12
847,51515263862,Sinan Uysal,E,1937-05-04,SGK,Ankara,B+,+905392449957,2026-05-13 01:48:12
848,93750566124,Ceren Çetin,K,1935-10-20,SGK,Bursa,O-,+905333810569,2026-05-13 01:48:12
849,86553007352,Turan Turgut,E,2015-05-06,Özel,Gaziantep,A+,+905356682872,2026-05-13 01:48:12
850,29881927770,Merve Aydın,K,1972-11-20,SGK,Kayseri,AB-,+905311544925,2026-05-13 01:48:12
851,50104246248,Pınar Acar,K,1995-04-06,Özel,Ankara,O-,+905387103303,2026-05-13 01:48:12
852,14521289912,Gözde Demir,K,1949-03-16,SGK,Antalya,AB-,+905315432537,2026-05-13 01:48:12
853,23044881886,Barış Doğan,E,1932-05-25,SGK,Mersin,AB+,+905385986295,2026-05-13 01:48:12
854,71540211966,Didem Özkan,K,2011-04-23,Özel,Gaziantep,A-,+905377058725,2026-05-13 01:48:12
855,41522910712,Selim Turgut,E,2004-02-17,Özel,Gaziantep,A+,+905385002817,2026-05-13 01:48:12
856,40639638458,Turan Turgut,E,1995-07-16,SGK,Adana,B-,+905365826180,2026-05-13 01:48:12
857,80169342968,Berna Taş,K,2004-06-04,SGK,Eskişehir,A+,+905333222118,2026-05-13 01:48:12
858,72341903166,Ali Göktaş,E,1959-10-15,SGK,Bursa,O-,+905316727019,2026-05-13 01:48:12
859,66684732316,Yusuf Güneş,E,1983-06-08,Özel,Konya,AB+,+905339219381,2026-05-13 01:48:12
860,77200784320,Volkan Yılmaz,E,1961-12-17,Özel,Adana,B+,+905325755437,2026-05-13 01:48:12
861,29754373482,Sinan Çetin,E,1947-12-27,SGK,Bursa,O-,+905329058940,2026-05-13 01:48:12
862,73882145862,Okan Köse,E,2004-12-25,SGK,Eskişehir,O+,+905386204580,2026-05-13 01:48:12
863,44438998256,Barış Kaplan,E,1974-05-12,Özel,Antalya,O+,+905321328330,2026-05-13 01:48:12
864,31464493688,Sinan Çelik,E,1970-07-29,Özel,Ankara,O+,+905396987578,2026-05-13 01:48:12
865,15573857326,Okan Arslan,E,1973-05-05,SGK,Diyarbakır,B+,+905312731281,2026-05-13 01:48:12
866,86811872326,Didem Doğan,K,1983-11-06,Özel,Adana,A+,+905311614312,2026-05-13 01:48:12
867,83153911416,Cem Yalçın,E,1942-06-26,SGK,Konya,AB+,+905331741058,2026-05-13 01:48:12
868,75118939474,Turan Doğan,E,2014-11-13,SGK,İstanbul,A-,+905373756401,2026-05-13 01:48:12
869,33023332414,Pelin Kaya,K,1968-09-25,SGK,İstanbul,A-,+905333256787,2026-05-13 01:48:12
870,31276025084,Cansu Acar,K,1968-10-10,SGK,İzmir,B-,+905312423166,2026-05-13 01:48:12
871,73248889942,Onur Kaplan,E,1931-09-25,Özel,Kayseri,B-,+905329939702,2026-05-13 01:48:12
872,84549303624,Gizem Uysal,K,1990-09-18,SGK,Eskişehir,B+,+905312935210,2026-05-13 01:48:12
873,97692082834,Orhan Alpaslan,E,1935-03-11,SGK,Mersin,A-,+905331851580,2026-05-13 01:48:12
874,91445822050,Kaan Çetin,E,1963-01-29,SGK,Eskişehir,A-,+905324699507,2026-05-13 01:48:12
875,91572450058,Zeynep Acar,K,1936-04-30,SGK,Ankara,AB-,+905301509145,2026-05-13 01:48:12
876,81785090288,İbrahim Çelik,E,1949-10-31,Özel,Kayseri,AB+,+905319456053,2026-05-13 01:48:12
877,92998747814,Ceren Akın,K,1958-02-25,Özel,Mersin,A+,+905325848232,2026-05-13 01:48:12
878,96700900450,Melis Şahin,K,1947-11-19,SGK,Antalya,AB+,+905352487947,2026-05-13 01:48:12
879,23624835520,Funda Karakaya,K,1978-12-07,SGK,Eskişehir,A+,+905327296917,2026-05-13 01:48:12
880,43699879588,Eda Tekin,K,1959-06-29,SGK,İzmir,A-,+905384099866,2026-05-13 01:48:12
881,74818804426,Eda Alpaslan,K,1940-02-13,SGK,Konya,B-,+905388946390,2026-05-13 01:48:12
882,26432126972,Pelin Çetin,K,1967-02-16,SGK,Gaziantep,AB+,+905386158936,2026-05-13 01:48:12
883,35863144172,Okan Tekin,E,1988-10-26,Özel,İzmir,AB-,+905347541115,2026-05-13 01:48:12
884,73558243052,Didem Kaya,K,1974-11-02,SGK,Adana,AB+,+905347898650,2026-05-13 01:48:12
885,48882452708,Kemal Güneş,E,1968-04-12,Özel,Adana,A+,+905351629833,2026-05-13 01:48:12
886,45384951616,Hakan Doğan,E,1965-03-02,Özel,Ankara,O-,+905312510916,2026-05-13 01:48:12
887,43913732620,Orhan Aslan,E,1983-04-24,SGK,Eskişehir,A-,+905361583133,2026-05-13 01:48:12
888,27868800290,Derya Erdoğan,K,2008-04-28,SGK,Antalya,O+,+905392790897,2026-05-13 01:48:12
889,13657744906,Kadir Çetin,E,1995-05-13,Özel,Gaziantep,AB-,+905394585320,2026-05-13 01:48:12
890,59118941828,Fatih Göktaş,E,2000-10-22,SGK,Antalya,A+,+905389008551,2026-05-13 01:48:12
891,33998213794,Pelin Kılıç,K,1997-10-11,Özel,Adana,A+,+905312547274,2026-05-13 01:48:12
892,70505376610,Osman Erol,E,1965-04-20,Özel,Ankara,B+,+905382610366,2026-05-13 01:48:12
893,18356691032,Ali Çelik,E,1968-09-22,SGK,Eskişehir,B-,+905316375054,2026-05-13 01:48:12
894,65068826900,Hakan Özdemir,E,1992-10-08,Özel,Diyarbakır,B-,+905383392360,2026-05-13 01:48:12
895,44808735436,Didem Alpaslan,K,1990-08-17,SGK,İstanbul,B-,+905327835998,2026-05-13 01:48:12
896,11570908528,Şeyma Alpaslan,K,1941-05-16,SGK,Adana,B+,+905315854480,2026-05-13 01:48:12
897,36999699628,Berna Yalçın,K,1938-12-14,SGK,Ankara,AB+,+905388653803,2026-05-13 01:48:12
898,42591408452,Sevgi Erdoğan,K,1965-02-03,SGK,Ankara,B+,+905324193974,2026-05-13 01:48:12
899,79806908704,Fatma Acar,K,2004-09-21,SGK,Kayseri,O-,+905361512046,2026-05-13 01:48:12
900,48935953848,Murat Turgut,E,1991-05-06,SGK,Antalya,O+,+905341051543,2026-05-13 01:48:12
901,75082695888,Barış Uysal,E,1976-06-09,Özel,Mersin,O+,+905342568625,2026-05-13 01:48:12
902,40876123854,Gözde Göktaş,K,1998-03-13,SGK,Adana,O+,+905344221911,2026-05-13 01:48:12
903,94002730072,Selim Özkan,E,1973-10-03,SGK,Gaziantep,A-,+905397554404,2026-05-13 01:48:12
904,41139500160,Tolga Ertürk,E,1988-07-04,Özel,Adana,A-,+905342343929,2026-05-13 01:48:12
905,38397620570,Serkan Tekin,E,1999-12-27,Özel,Konya,O-,+905309309231,2026-05-13 01:48:12
906,82662925044,Ceren Aslan,K,1987-09-05,SGK,İstanbul,B+,+905377450389,2026-05-13 01:48:12
907,98413337356,Ayşe Gül,K,2021-12-04,Özel,Bursa,AB-,+905353873072,2026-05-13 01:48:12
908,27032119296,Serkan Erol,E,2023-01-22,SGK,Mersin,AB-,+905364992524,2026-05-13 01:48:12
909,66133718410,Müge Erol,K,2007-02-17,Özel,İstanbul,B+,+905396419421,2026-05-13 01:48:12
910,26440373436,Nil Şahin,K,1947-09-16,Özel,İzmir,O-,+905382816680,2026-05-13 01:48:12
911,12179821348,Burak Göktaş,E,1995-02-16,Özel,Eskişehir,O-,+905396706561,2026-05-13 01:48:12
912,93182856046,Uğur Yıldız,E,1994-05-02,Özel,Gaziantep,A-,+905378192211,2026-05-13 01:48:12
913,83682050686,Eda Gül,K,1987-06-11,Özel,Bursa,AB-,+905324027431,2026-05-13 01:48:12
914,60587146928,İbrahim Gül,E,2005-08-19,Özel,Diyarbakır,B+,+905322220597,2026-05-13 01:48:12
915,18984369952,İrem Taş,K,1964-08-07,Özel,İzmir,A+,+905303656453,2026-05-13 01:48:12
916,96948424916,Kadir Yıldız,E,1991-08-04,Özel,Adana,AB-,+905312409523,2026-05-13 01:48:12
917,25238676728,Didem Avcı,K,2003-05-01,SGK,Adana,O+,+905398583409,2026-05-13 01:48:12
918,97682996882,Serkan Köse,E,1963-02-25,Özel,Mersin,B-,+905326370659,2026-05-13 01:48:12
919,90623504054,Orhan Arslan,E,1962-11-11,Özel,Eskişehir,AB-,+905367391099,2026-05-13 01:48:12
920,34825544296,Mehmet Alpaslan,E,1947-09-21,Özel,Bursa,B+,+905397611347,2026-05-13 01:48:12
921,38946338970,Gizem Öztürk,K,1949-10-18,SGK,Ankara,AB-,+905325374296,2026-05-13 01:48:12
922,66292693306,Melis Kaya,K,1997-03-22,Özel,Ankara,O+,+905339463790,2026-05-13 01:48:12
923,94685095758,Ayşe Köse,K,1951-01-01,SGK,Bursa,AB+,+905331127545,2026-05-13 01:48:12
924,82038593402,Yusuf Turan,E,1957-11-08,Özel,Adana,A-,+905337619127,2026-05-13 01:48:12
925,65313259330,İrem Kaplan,K,1944-08-18,Özel,Gaziantep,O-,+905314995474,2026-05-13 01:48:12
926,52141052752,Mehmet Uysal,E,1974-03-12,SGK,Konya,A+,+905399786580,2026-05-13 01:48:12
927,62388856242,Aslı Koç,K,1930-11-26,Özel,Gaziantep,A+,+905388183194,2026-05-13 01:48:12
928,84422758572,Hazal Erol,K,1931-06-06,Özel,Eskişehir,O+,+905346696472,2026-05-13 01:48:12
929,38249116510,Şeyma Kurt,K,2026-04-23,SGK,Adana,AB-,+905303616291,2026-05-13 01:48:12
930,31551305542,Mustafa Öztürk,E,1974-01-29,Özel,Kayseri,A-,+905364055953,2026-05-13 01:48:12
931,99669972704,Banu Çetin,K,1938-01-20,Özel,Kayseri,O-,+905368533043,2026-05-13 01:48:12
932,35825431876,Fatma Yılmaz,K,2002-05-17,SGK,Eskişehir,B+,+905382776056,2026-05-13 01:48:12
933,30491060160,Recep Çelik,E,1976-12-30,Özel,Bursa,O-,+905373686884,2026-05-13 01:48:12
934,86817225706,Orhan Kılıç,E,1981-11-09,Özel,Konya,B+,+905385456537,2026-05-13 01:48:12
935,62918768366,Barış Şahin,E,1978-04-16,SGK,Eskişehir,O-,+905384047623,2026-05-13 01:48:12
936,83373992004,Gizem Göktaş,K,2003-02-24,SGK,Eskişehir,O+,+905394591976,2026-05-13 01:48:12
937,24388232518,Uğur Arslan,E,1968-01-09,Özel,Antalya,AB+,+905394408903,2026-05-13 01:48:12
938,87326430902,Selin Köse,K,1999-07-23,Özel,İzmir,O-,+905372954191,2026-05-13 01:48:12
939,37120539752,Burak Karakaya,E,1930-09-02,SGK,Konya,AB-,+905314594303,2026-05-13 01:48:12
940,11256083242,Recep Bahçeli,E,2024-12-29,Özel,Diyarbakır,O-,+905389203143,2026-05-13 01:48:12
941,95238600306,Sude Güneş,K,2017-01-13,SGK,Diyarbakır,AB-,+905362375897,2026-05-13 01:48:12
942,33910292920,Zeynep Korkmaz,K,1969-05-01,Özel,Bursa,O-,+905316079984,2026-05-13 01:48:12
943,40967139740,Fatih Uysal,E,2023-03-01,SGK,Kayseri,B+,+905361812293,2026-05-13 01:48:12
944,27672019116,Hakan Kılıç,E,1995-10-20,SGK,İzmir,A+,+905313172691,2026-05-13 01:48:12
945,68733930414,Gökhan Aydın,E,1976-10-31,SGK,Mersin,A+,+905354496403,2026-05-13 01:48:12
946,22421140882,Cansu Çetin,K,1969-08-18,SGK,İstanbul,AB-,+905326656532,2026-05-13 01:48:12
947,72093556108,Kadir Kurt,E,1936-06-12,SGK,Eskişehir,AB-,+905304600695,2026-05-13 01:48:12
948,47124365844,Ayşe Kaplan,K,1996-10-27,Özel,Bursa,A+,+905343186635,2026-05-13 01:48:12
949,37061592700,Hüseyin Demir,E,1992-12-22,Özel,Diyarbakır,A+,+905303790920,2026-05-13 01:48:12
950,16322481502,Uğur Acar,E,2002-05-29,SGK,Eskişehir,AB+,+905304721805,2026-05-13 01:48:12
951,19567975638,Fatih Alpaslan,E,1950-06-30,Özel,Konya,AB-,+905317222468,2026-05-13 01:48:12
952,44712476050,Hande Kaya,K,1991-04-14,SGK,Ankara,A+,+905319626559,2026-05-13 01:48:12
953,41764172664,Onur Turgut,E,1973-05-07,Özel,Eskişehir,AB-,+905382634576,2026-05-13 01:48:12
954,11507138028,Hüseyin Yalçın,E,1987-01-08,Özel,Eskişehir,B-,+905308750170,2026-05-13 01:48:12
955,68474362178,Fatih Kurt,E,1990-05-05,Özel,İzmir,AB-,+905398299701,2026-05-13 01:48:12
956,57031805302,Hande Acar,K,1935-02-01,Özel,İzmir,O-,+905397754169,2026-05-13 01:48:12
957,31591832732,Gamze Acar,K,2024-12-28,Özel,Gaziantep,A-,+905367959256,2026-05-13 01:48:12
958,21079771486,Sevgi Demir,K,2017-07-18,SGK,Eskişehir,AB+,+905332139922,2026-05-13 01:48:12
959,62049980996,Esra Göktaş,K,1992-10-23,SGK,Konya,B-,+905399878299,2026-05-13 01:48:12
960,81669841654,Serkan Yalçın,E,1957-02-26,Özel,Adana,A+,+905339136201,2026-05-13 01:48:12
961,43256238902,Seda Koç,K,1971-07-27,Özel,İstanbul,A-,+905318483778,2026-05-13 01:48:12
962,13708782130,Uğur Aydın,E,2025-02-21,SGK,Ankara,A-,+905305353544,2026-05-13 01:48:12
963,99897211736,Şeyma Karakaya,K,1936-08-11,SGK,Kayseri,A+,+905385861477,2026-05-13 01:48:12
964,92217588372,Berna Özkan,K,1975-08-28,SGK,İstanbul,B+,+905358342847,2026-05-13 01:48:12
965,16757123664,Volkan Erol,E,1980-07-13,SGK,Kayseri,A-,+905362535177,2026-05-13 01:48:12
966,39688276964,Sevgi Koç,K,1938-09-12,SGK,İstanbul,AB-,+905305481772,2026-05-13 01:48:12
967,71560783276,Volkan Akın,E,1968-05-25,Özel,Antalya,O+,+905384760289,2026-05-13 01:48:12
968,72409649630,Serkan Yalçın,E,1982-12-30,Özel,İstanbul,AB+,+905398202597,2026-05-13 01:48:12
969,80285162204,Fatma Göktaş,K,1948-07-21,SGK,Adana,B+,+905337822135,2026-05-13 01:48:12
970,78839062452,Cem Erol,E,1985-08-17,SGK,Gaziantep,A+,+905372143364,2026-05-13 01:48:12
971,41935923668,Murat Göktaş,E,2001-09-12,SGK,Antalya,B+,+905361007120,2026-05-13 01:48:12
972,98165025488,Volkan Arslan,E,1945-02-28,Özel,Diyarbakır,A-,+905343089926,2026-05-13 01:48:12
973,54096617772,Didem Çelik,K,1931-04-11,SGK,Eskişehir,AB+,+905383126969,2026-05-13 01:48:12
974,92141746824,Mert Polat,E,1957-01-18,Özel,Gaziantep,O+,+905354098885,2026-05-13 01:48:12
975,49698748634,Şeyma Erol,K,1968-03-28,Özel,Diyarbakır,AB+,+905356709034,2026-05-13 01:48:12
976,39207536050,Yusuf Alpaslan,E,1987-09-14,SGK,Kayseri,A+,+905318088074,2026-05-13 01:48:12
977,63621894526,Sude Tekin,K,1988-10-31,Özel,İstanbul,A+,+905371128821,2026-05-13 01:48:12
978,52046648982,Murat Çetin,E,1974-10-16,SGK,Gaziantep,AB+,+905306484043,2026-05-13 01:48:12
979,75775809738,Murat Arslan,E,1950-12-02,Özel,Mersin,A+,+905334226049,2026-05-13 01:48:12
980,56622654084,Okan Güneş,E,1997-07-08,SGK,Bursa,A+,+905396822087,2026-05-13 01:48:12
981,22242767732,Ceren Kaya,K,2003-12-04,SGK,Gaziantep,A+,+905392129648,2026-05-13 01:48:12
982,21584886002,Burak Koç,E,2009-05-06,Özel,Diyarbakır,O+,+905318962220,2026-05-13 01:48:12
983,41299570478,Rüya Aydın,K,1967-10-17,SGK,Kayseri,O+,+905343753307,2026-05-13 01:48:12
984,13843753644,Yusuf Kılıç,E,1995-08-15,SGK,Mersin,AB-,+905308737723,2026-05-13 01:48:12
985,34218385420,Berna Ertürk,K,1965-12-27,Özel,Kayseri,O+,+905301527400,2026-05-13 01:48:12
986,85231123230,Ezgi Kurt,K,1945-12-18,Özel,Kayseri,A-,+905389241865,2026-05-13 01:48:12
987,44272038842,Gamze Doğan,K,1985-04-06,SGK,Eskişehir,A+,+905376932930,2026-05-13 01:48:12
988,40453069360,Kadir Erdoğan,E,1990-08-30,Özel,Diyarbakır,B-,+905325475579,2026-05-13 01:48:12
989,11816778458,Murat Yılmaz,E,1987-10-09,Özel,Adana,AB+,+905353889875,2026-05-13 01:48:12
990,70838517964,Berna Özdemir,K,1975-05-19,SGK,İstanbul,AB-,+905382797731,2026-05-13 01:48:12
991,88848699976,Hüseyin Erol,E,1971-08-17,Özel,Eskişehir,A+,+905383600528,2026-05-13 01:48:12
992,37147246374,Melis Yalçın,K,2023-07-12,SGK,Eskişehir,AB+,+905387397798,2026-05-13 01:48:12
993,93972833936,Büşra Doğan,K,1956-03-17,SGK,İstanbul,O+,+905389388090,2026-05-13 01:48:12
994,90983221004,Burak Çetin,E,1960-02-09,SGK,İstanbul,A+,+905333948245,2026-05-13 01:48:12
995,71008987662,İrem Acar,K,1991-04-02,SGK,Antalya,O+,+905344176779,2026-05-13 01:48:12
996,94531980740,Eda Öztürk,K,1990-06-20,Özel,Antalya,AB+,+905324271345,2026-05-13 01:48:12
997,13076205408,Elif Şahin,K,1936-07-16,SGK,Ankara,AB-,+905368340617,2026-05-13 01:48:12
998,76411065426,Uğur Acar,E,1938-03-28,Özel,İstanbul,O-,+905335734405,2026-05-13 01:48:12
999,59708905834,Mert Uysal,E,1946-10-12,Özel,Adana,B+,+905384394065,2026-05-13 01:48:12
1000,80838688830,Ceren Erdoğan,K,1942-03-14,SGK,Kayseri,O-,+905379877472,2026-05-13 01:48:12
1001,72571976060,Ayşe Güneş,K,1983-03-11,Özel,İzmir,O+,+905302459206,2026-05-13 01:48:12
1002,92604180998,Özge Karakaya,K,1986-04-06,SGK,Antalya,AB-,+905377060046,2026-05-13 01:48:12
1003,51274692118,Müge Polat,K,2009-02-28,SGK,Diyarbakır,O+,+905342541860,2026-05-13 01:48:12
1004,32975891734,Bahar Kaya,K,2017-11-07,Özel,Ankara,AB-,+905343212752,2026-05-13 01:48:12
1005,66820922588,Müge Şahin,K,1989-05-15,SGK,Eskişehir,A+,+905391303026,2026-05-13 01:48:12
1006,74072324784,Tuğba Bulut,K,1944-02-20,SGK,Eskişehir,AB+,+905386504576,2026-05-13 01:48:12
1007,98224731220,İbrahim Köse,E,1957-10-26,SGK,İstanbul,O-,+905387260277,2026-05-13 01:48:12
1008,11195092794,Kerem Turgut,E,1956-06-11,SGK,İzmir,O+,+905316284544,2026-05-13 01:48:12
1009,80923007188,Batuhan Yıldız,E,1941-12-04,SGK,Konya,AB+,+905301077233,2026-05-13 01:48:12
1010,53298769852,Rüya Arslan,K,1962-10-15,Özel,Diyarbakır,AB+,+905353206288,2026-05-13 01:48:12
1011,29827348126,Selin Tekin,K,2006-04-25,Özel,İstanbul,B+,+905346574903,2026-05-13 01:48:12
1012,27435748314,Tuğba Kaya,K,2003-10-11,Özel,Gaziantep,AB+,+905382014610,2026-05-13 01:48:12
1013,49834488356,Uğur Avcı,E,1984-12-02,Özel,Kayseri,AB+,+905337419383,2026-05-13 01:48:12
1014,65077406544,Orhan Aslan,E,1979-11-15,SGK,Gaziantep,B+,+905317110632,2026-05-13 01:48:12
1015,18551074012,Ahmet Taş,E,1971-03-23,Özel,Ankara,A-,+905332673189,2026-05-13 01:48:12
1016,12547602210,Elif Taş,K,1977-06-30,SGK,Antalya,AB+,+905354922644,2026-05-13 01:48:12
1017,32759500258,Ahmet Akın,E,1935-05-21,Özel,Antalya,A-,+905302324391,2026-05-13 01:48:12
1018,57950740760,Burak Korkmaz,E,2011-05-19,Özel,Konya,A+,+905333166528,2026-05-13 01:48:12
1019,20064934042,Ayşe Yıldız,K,2005-05-12,SGK,İzmir,A+,+905346841991,2026-05-13 01:48:12
1020,51184913518,Didem Ertürk,K,1941-02-13,Özel,Antalya,B-,+905387025942,2026-05-13 01:48:12
1021,66100679904,Fatma Şahin,K,2025-10-22,SGK,Mersin,A+,+905398188586,2026-05-13 01:48:12
1022,50378423338,Hazal Turan,K,1980-12-07,SGK,Bursa,A+,+905397290929,2026-05-13 01:48:12
1023,72550325032,Müge Polat,K,2019-11-01,SGK,İzmir,O+,+905355279932,2026-05-13 01:48:12
1024,94290292344,Elif Polat,K,1950-11-26,SGK,İstanbul,A+,+905312170110,2026-05-13 01:48:12
1025,40886843056,Didem Korkmaz,K,2005-03-29,SGK,Konya,B-,+905367586434,2026-05-13 01:48:12
1026,85988759256,Deniz Bulut,E,2012-12-05,SGK,İstanbul,B-,+905327631049,2026-05-13 01:48:12
1027,37558214702,Gizem Yılmaz,K,1932-05-01,SGK,İstanbul,O-,+905393115310,2026-05-13 01:48:12
1028,48023621994,Kerem Kılıç,E,1985-04-09,SGK,Ankara,O-,+905359798524,2026-05-13 01:48:12
1029,71186385526,Seda Kaplan,K,1987-07-17,SGK,Eskişehir,O-,+905358780433,2026-05-13 01:48:12
1030,90053789304,Tolga Turgut,E,2013-07-06,SGK,Diyarbakır,O-,+905329531555,2026-05-13 01:48:12
1031,11822720014,Duygu Özkan,K,2001-07-03,SGK,Kayseri,B-,+905343138437,2026-05-13 01:48:12
1032,24474328194,Fatih Özdemir,E,2014-07-23,SGK,Eskişehir,A+,+905394293083,2026-05-13 01:48:12
1033,40423227790,Recep Şahin,E,1961-03-09,SGK,Antalya,B-,+905315088595,2026-05-13 01:48:12
1034,75064630012,Yasin Akın,E,2000-09-30,SGK,Antalya,O+,+905378710789,2026-05-13 01:48:12
1035,12916174652,Recep Göktaş,E,1959-02-22,SGK,Bursa,A-,+905399906787,2026-05-13 01:48:12
1036,51966229134,Esra Erol,K,1954-03-14,Özel,İstanbul,A+,+905369167952,2026-05-13 01:48:12
1037,76706362186,Rüya Güneş,K,1964-10-24,Özel,İstanbul,AB+,+905357067824,2026-05-13 01:48:12
1038,86634933990,Cansu Şahin,K,1989-12-10,SGK,İzmir,O-,+905397323816,2026-05-13 01:48:12
1039,36114243644,Emre Erdoğan,E,1960-11-19,SGK,Adana,B+,+905386378128,2026-05-13 01:48:12
1040,29623419938,Orhan Köse,E,1982-01-21,Özel,Bursa,B+,+905336684715,2026-05-13 01:48:12
1041,15833343088,Gizem Güneş,K,1953-04-04,Özel,Kayseri,O-,+905317137849,2026-05-13 01:48:12
1042,67694757696,Batuhan Koç,E,1961-12-27,Özel,Antalya,B-,+905354344845,2026-05-13 01:48:12
1043,56698616344,Seda Turan,K,1956-04-03,SGK,Adana,AB-,+905326758906,2026-05-13 01:48:12
1044,58152692536,Barış Bulut,E,1948-07-23,SGK,Adana,O-,+905367661811,2026-05-13 01:48:12
1045,84235914264,Okan Yılmaz,E,1960-12-18,SGK,Kayseri,B-,+905305442135,2026-05-13 01:48:12
1046,55430796368,Onur Alpaslan,E,1976-01-19,Özel,İstanbul,A-,+905311303197,2026-05-13 01:48:12
1047,21587184556,Ceren Bahçeli,K,1996-06-11,Özel,Gaziantep,O-,+905343956450,2026-05-13 01:48:12
1048,27320865294,Müge Aslan,K,1993-09-19,Özel,Diyarbakır,O+,+905373215546,2026-05-13 01:48:12
1049,47014005270,Gözde Çelik,K,1930-08-13,SGK,Antalya,AB-,+905311412494,2026-05-13 01:48:12
1050,82214257326,Mehmet Bahçeli,E,2007-07-09,SGK,Diyarbakır,A-,+905344803548,2026-05-13 01:48:12
1051,82031369530,Özge Akın,K,1985-08-21,SGK,Eskişehir,A+,+905363952962,2026-05-13 01:48:12
1052,35953322282,Esra Korkmaz,K,1965-09-29,SGK,Mersin,B+,+905334189417,2026-05-13 01:48:12
1053,45323661842,Ezgi Turan,K,1988-09-15,SGK,İstanbul,O-,+905362537431,2026-05-13 01:48:12
1054,81823601032,Tolga Taş,E,1985-10-23,SGK,Kayseri,B-,+905316942838,2026-05-13 01:48:12
1055,58467357410,Turan Acar,E,2002-01-23,SGK,İzmir,A+,+905323376230,2026-05-13 01:48:12
1056,68922256066,Berna Bahçeli,K,1963-07-02,Özel,Antalya,A+,+905354541058,2026-05-13 01:48:12
1057,21804674136,Sinan Öztürk,E,1959-09-08,SGK,Mersin,AB+,+905354843914,2026-05-13 01:48:12
1058,23626084674,Fatma Yılmaz,K,1992-06-11,Özel,Ankara,AB-,+905357477956,2026-05-13 01:48:12
1059,64912151694,Didem Güneş,K,1952-04-07,Özel,Antalya,O+,+905316741514,2026-05-13 01:48:12
1060,79395787544,Barış Akın,E,1958-09-12,SGK,İstanbul,AB+,+905303299952,2026-05-13 01:48:12
1061,29712124132,Ceren Yılmaz,K,1942-01-09,Özel,Konya,O-,+905367770171,2026-05-13 01:48:12
1062,83126773164,Barış Çetin,E,1936-02-09,SGK,Kayseri,O+,+905328345889,2026-05-13 01:48:12
1063,98978653342,Duygu Karakaya,K,1938-07-26,Özel,Ankara,A-,+905344406031,2026-05-13 01:48:12
1064,18952312034,Cansu Çelik,K,2005-11-14,Özel,Konya,O+,+905306857017,2026-05-13 01:48:12
1065,57000268794,Seda Polat,K,1980-08-08,Özel,Gaziantep,AB+,+905369328408,2026-05-13 01:48:12
1066,73656045084,Cansu Akın,K,2018-11-15,SGK,Konya,B-,+905354700899,2026-05-13 01:48:12
1067,79277119586,Bahar Karakaya,K,1996-01-20,Özel,İstanbul,AB-,+905354454238,2026-05-13 01:48:12
1068,61282763656,Burak Güneş,E,2005-12-04,Özel,Mersin,AB-,+905395865071,2026-05-13 01:48:12
1069,73454434486,Banu Tekin,K,1934-12-09,SGK,Gaziantep,B-,+905393035282,2026-05-13 01:48:12
1070,84394640806,Bahar Yalçın,K,1933-06-11,SGK,İzmir,B-,+905383874563,2026-05-13 01:48:12
1071,39739889488,Nil Tekin,K,2021-03-21,SGK,İzmir,A+,+905308474972,2026-05-13 01:48:12
1072,85485346508,Sinan Şahin,E,2004-03-10,Özel,İstanbul,A+,+905305100919,2026-05-13 01:48:12
1073,56129390072,Seda Acar,K,1997-03-20,Özel,Bursa,O-,+905322926003,2026-05-13 01:48:12
1074,73595708644,Ebru Çetin,K,1957-07-24,Özel,Ankara,AB+,+905394664158,2026-05-13 01:48:12
1075,66631138802,Pelin Özdemir,K,1962-01-29,SGK,Bursa,O+,+905344079746,2026-05-13 01:48:12
1076,44742463150,Ali Öztürk,E,2018-06-09,SGK,Mersin,O+,+905377974040,2026-05-13 01:48:12
1077,39469021790,Enes Arslan,E,1981-04-11,Özel,Bursa,A+,+905375420728,2026-05-13 01:48:12
1078,33850228966,Eren Aslan,E,1946-10-26,SGK,Konya,AB-,+905354039595,2026-05-13 01:48:12
1079,92930202524,Can Aydın,E,1987-01-24,SGK,Bursa,A+,+905331167114,2026-05-13 01:48:12
1080,87116750746,Volkan Tekin,E,1955-09-12,SGK,Antalya,B-,+905396827959,2026-05-13 01:48:12
1081,40123984764,Cem Güneş,E,2008-01-24,Özel,İstanbul,B+,+905343211404,2026-05-13 01:48:12
1082,11722240582,Zeynep Yalçın,K,2013-01-01,Özel,Eskişehir,A-,+905388760635,2026-05-13 01:48:12
1083,71992406514,Derya Özdemir,K,1982-08-13,SGK,Kayseri,O-,+905373585136,2026-05-13 01:48:12
1084,32590956672,Nil Göktaş,K,1950-05-15,SGK,Eskişehir,B+,+905349508283,2026-05-13 01:48:12
1085,89121211038,Esra Çelik,K,1993-08-24,Özel,Eskişehir,AB-,+905304954493,2026-05-13 01:48:12
1086,17403925168,Mustafa Polat,E,1970-07-02,SGK,İzmir,AB-,+905346955234,2026-05-13 01:48:12
1087,32764338792,Elif Kaya,K,2007-11-11,Özel,İzmir,A-,+905343510769,2026-05-13 01:48:12
1088,59633083300,Tolga Arslan,E,1950-12-11,Özel,Adana,O-,+905371310742,2026-05-13 01:48:12
1089,12059685152,Cem Polat,E,1962-12-05,SGK,Konya,AB+,+905338519465,2026-05-13 01:48:12
1090,39563427740,Hande Doğan,K,1965-02-15,SGK,Diyarbakır,B+,+905327017865,2026-05-13 01:48:12
1091,68129205980,Merve Gül,K,1985-02-25,Özel,Ankara,A-,+905395795558,2026-05-13 01:48:12
1092,39559636354,Sude Şahin,K,1967-02-25,SGK,Diyarbakır,AB+,+905363891728,2026-05-13 01:48:12
1093,25498085124,Uğur Erdoğan,E,2005-01-19,SGK,İstanbul,AB+,+905381678596,2026-05-13 01:48:12
1094,32121548130,Mustafa Akın,E,1973-02-24,Özel,Mersin,O-,+905367998722,2026-05-13 01:48:12
1095,28548806472,Aslı Kaplan,K,1936-03-06,Özel,Gaziantep,B+,+905301714377,2026-05-13 01:48:12
1096,45856646408,Özge Turan,K,1956-07-12,SGK,Bursa,AB+,+905363169313,2026-05-13 01:48:12
1097,72213204124,Tarkan Bahçeli,E,2020-07-04,Özel,Bursa,A-,+905349923759,2026-05-13 01:48:12
1098,21797269968,Nil Karakaya,K,1970-12-23,SGK,Ankara,B+,+905399839008,2026-05-13 01:48:12
1099,13666020060,Enes Demir,E,2020-02-21,SGK,Bursa,O+,+905386648226,2026-05-13 01:48:12
1100,15243838082,Ahmet Arslan,E,1942-05-27,SGK,Diyarbakır,B+,+905328011699,2026-05-13 01:48:12
1101,96276332884,Gökhan Gül,E,1953-08-30,SGK,Kayseri,B-,+905397465343,2026-05-13 01:48:12
1102,95186267194,Gözde Akın,K,1990-12-09,SGK,Ankara,B-,+905311013765,2026-05-13 01:48:12
1103,31883527940,Can Yıldız,E,1987-08-17,Özel,Eskişehir,A+,+905376458749,2026-05-13 01:48:12
1104,20659208800,Müge Erdoğan,K,2000-01-08,Özel,Konya,O-,+905313138015,2026-05-13 01:48:12
1105,25969838426,Serkan Ertürk,E,1993-02-11,Özel,Eskişehir,O+,+905303527911,2026-05-13 01:48:12
1106,72959125752,Gamze Erol,K,1991-07-15,SGK,Antalya,AB-,+905393726425,2026-05-13 01:48:12
1107,84299074744,Hande Yılmaz,K,1994-10-10,Özel,Ankara,O-,+905396108877,2026-05-13 01:48:12
1108,18974748514,Ayşe Turgut,K,1962-07-26,SGK,Adana,A-,+905347805310,2026-05-13 01:48:12
1109,83478536936,Selin Tekin,K,1973-03-20,Özel,Diyarbakır,A+,+905365915175,2026-05-13 01:48:12
1110,38605210296,Derya Yılmaz,K,1976-04-23,SGK,Adana,A+,+905367714489,2026-05-13 01:48:12
1111,55813088974,Cem Erol,E,1962-06-08,SGK,Konya,AB+,+905306534468,2026-05-13 01:48:12
1112,95630275096,Berna Kaplan,K,2020-04-20,SGK,Kayseri,O+,+905357549444,2026-05-13 01:48:12
1113,66418493742,Sude Demir,K,1938-12-15,Özel,Diyarbakır,A+,+905368530042,2026-05-13 01:48:12
1114,82600136556,Yusuf Çetin,E,1957-04-19,Özel,Adana,AB+,+905335553056,2026-05-13 01:48:12
1115,16745686508,Kadir Taş,E,2006-11-02,Özel,Ankara,AB-,+905323114701,2026-05-13 01:48:12
1116,66222190592,Melis Aydın,K,1998-10-01,Özel,Konya,AB+,+905305338920,2026-05-13 01:48:12
1117,55593965298,Cansu Erol,K,2018-08-14,SGK,İstanbul,O-,+905336243548,2026-05-13 01:48:12
1118,63129003666,Deniz Bulut,E,2003-03-29,Özel,Bursa,B+,+905318923903,2026-05-13 01:48:12
1119,58839585540,Ceren Acar,K,1985-02-10,SGK,İzmir,AB-,+905396121645,2026-05-13 01:48:12
1120,28575917172,Elif Gül,K,2024-08-16,Özel,Adana,A-,+905307094706,2026-05-13 01:48:12
1121,57353524790,İrem Özkan,K,1936-12-13,Özel,Ankara,AB-,+905318738391,2026-05-13 01:48:12
1122,59305378864,Pelin Özdemir,K,2020-03-11,SGK,Gaziantep,A-,+905384653628,2026-05-13 01:48:12
1123,36087882888,Okan Çetin,E,2020-09-10,Özel,Bursa,A+,+905388972832,2026-05-13 01:48:12
1124,25217465350,Gizem Arslan,K,1937-01-18,SGK,İstanbul,A-,+905379587550,2026-05-13 01:48:12
1125,44467177684,Hande Turan,K,1941-10-22,SGK,Adana,B-,+905392095626,2026-05-13 01:48:12
1126,56645099992,Büşra Yalçın,K,1989-05-25,Özel,İstanbul,AB-,+905302881825,2026-05-13 01:48:12
1127,93521189682,Barış Demir,E,1980-12-17,Özel,Gaziantep,AB+,+905325946075,2026-05-13 01:48:12
1128,82857595830,Sevgi Güneş,K,1992-03-18,SGK,İzmir,B+,+905391861378,2026-05-13 01:48:12
1129,99124883958,Sevgi Polat,K,1946-04-02,Özel,Antalya,AB+,+905371241402,2026-05-13 01:48:12
1130,46728681114,Elif Koç,K,2001-06-21,Özel,Mersin,AB-,+905304521873,2026-05-13 01:48:12
1131,49781459096,İbrahim Karakaya,E,1959-07-02,Özel,Ankara,O-,+905393800519,2026-05-13 01:48:12
1132,38669335126,Batuhan Arslan,E,1968-12-04,SGK,Eskişehir,O-,+905381346743,2026-05-13 01:48:12
1133,70119391078,Pelin Aydın,K,1991-03-11,Özel,Adana,B+,+905398957610,2026-05-13 01:48:12
1134,70908581840,Selin Öztürk,K,1988-12-19,SGK,İzmir,AB+,+905352023352,2026-05-13 01:48:12
1135,25873662728,Sude Gül,K,2014-08-27,SGK,Diyarbakır,B-,+905397726711,2026-05-13 01:48:12
1136,10585615438,Esra Uysal,K,1983-03-31,Özel,Gaziantep,B-,+905357473220,2026-05-13 01:48:12
1137,21643690236,Kerem Korkmaz,E,1931-01-12,SGK,İzmir,O-,+905379156395,2026-05-13 01:48:12
1138,76605342890,Orhan Taş,E,2018-01-02,SGK,Ankara,A+,+905317915713,2026-05-13 01:48:12
1139,68464051082,Derya Doğan,K,1990-08-08,SGK,Konya,B-,+905303271113,2026-05-13 01:48:12
1140,73628144432,Fatma Köse,K,1973-07-21,Özel,Bursa,A+,+905336318184,2026-05-13 01:48:12
1141,74909228810,Onur Köse,E,1951-07-04,Özel,Adana,AB-,+905388622639,2026-05-13 01:48:12
1142,97271743088,Okan Bulut,E,1976-08-03,Özel,Ankara,O+,+905383010214,2026-05-13 01:48:12
1143,49881873884,Can Özkan,E,1969-11-11,SGK,Eskişehir,B-,+905384732002,2026-05-13 01:48:12
1144,80413090904,Banu Turan,K,1949-02-04,SGK,İstanbul,B+,+905388031853,2026-05-13 01:48:12
1145,52041231974,Büşra Korkmaz,K,2014-09-26,Özel,İstanbul,AB+,+905373247316,2026-05-13 01:48:12
1146,89419324594,Mehmet Aslan,E,1952-08-04,Özel,Diyarbakır,O-,+905311998197,2026-05-13 01:48:12
1147,58709872602,Hüseyin Bahçeli,E,1932-07-23,Özel,İzmir,B+,+905364434062,2026-05-13 01:48:12
1148,32404326172,Turan Özkan,E,2007-04-26,SGK,Gaziantep,O+,+905336125083,2026-05-13 01:48:12
1149,80286720250,Sude Aslan,K,1958-07-14,SGK,Gaziantep,O+,+905354966900,2026-05-13 01:48:12
1150,46890057762,Barış Güneş,E,1990-04-13,Özel,Bursa,B+,+905319303594,2026-05-13 01:48:12
1151,49713072294,Mehmet Polat,E,2019-08-11,SGK,Eskişehir,O-,+905361692168,2026-05-13 01:48:12
1152,31045461778,Müge Bahçeli,K,2002-08-07,Özel,İstanbul,O-,+905318951745,2026-05-13 01:48:12
1153,12344225216,Esra Tekin,K,2014-05-06,Özel,İzmir,B-,+905326743197,2026-05-13 01:48:12
1154,54772690358,Hüseyin Demir,E,1976-06-19,SGK,Ankara,B-,+905356298350,2026-05-13 01:48:12
1155,89480245538,Gözde Akın,K,1979-03-18,SGK,İzmir,A-,+905361621686,2026-05-13 01:48:12
1156,22686498612,Eren Erol,E,1990-10-07,Özel,İzmir,B-,+905388068258,2026-05-13 01:48:12
1157,98447408374,Eda Yılmaz,K,1968-08-01,Özel,Diyarbakır,A+,+905312837700,2026-05-13 01:48:12
1158,31640069874,Şeyma Karakaya,K,1936-01-31,SGK,Bursa,AB-,+905363145093,2026-05-13 01:48:12
1159,96470821344,Pınar Koç,K,1973-10-15,SGK,Gaziantep,B+,+905355602343,2026-05-13 01:48:12
1160,33720550364,Emre Göktaş,E,1960-04-12,SGK,Mersin,O+,+905301304904,2026-05-13 01:48:12
1161,49190088986,Gamze Polat,K,1942-03-28,SGK,Ankara,O+,+905315229914,2026-05-13 01:48:12
1162,79232737954,Selim Akın,E,1965-07-22,Özel,Gaziantep,A+,+905371750435,2026-05-13 01:48:12
1163,96746300016,Pınar Akın,K,1933-07-16,SGK,Kayseri,B-,+905385652825,2026-05-13 01:48:12
1164,47118151996,Selin Kaplan,K,1978-05-24,Özel,Mersin,B+,+905346531885,2026-05-13 01:48:12
1165,50153534624,Mehmet Çelik,E,1975-12-01,Özel,Adana,AB+,+905365200727,2026-05-13 01:48:12
1166,11082402828,Hazal Bahçeli,K,1937-08-27,Özel,Kayseri,B-,+905323311443,2026-05-13 01:48:12
1167,72085817446,Aslı Bahçeli,K,1962-03-05,Özel,Antalya,B-,+905374815164,2026-05-13 01:48:12
1168,67004129144,Ceren Yıldız,K,1943-03-04,Özel,Ankara,A-,+905386570296,2026-05-13 01:48:12
1169,69046100792,Burak Arslan,E,1983-04-16,SGK,Gaziantep,A+,+905348154988,2026-05-13 01:48:12
1170,48271012308,Recep Turgut,E,1955-07-28,SGK,Antalya,A-,+905362151651,2026-05-13 01:48:12
1171,60766534478,Volkan Erol,E,1988-12-08,SGK,Konya,O+,+905323421397,2026-05-13 01:48:12
1172,29153057372,Funda Demir,K,1950-09-05,Özel,Bursa,AB-,+905325353234,2026-05-13 01:48:12
1173,92251272640,Turan Tekin,E,1989-08-26,Özel,Eskişehir,O+,+905368018002,2026-05-13 01:48:12
1174,51976878438,Fatma Aydın,K,1950-09-14,SGK,Kayseri,B+,+905372350894,2026-05-13 01:48:12
1175,16184897442,Batuhan Yılmaz,E,1956-01-14,SGK,Bursa,AB+,+905355561309,2026-05-13 01:48:12
1176,92121564998,Gözde Erdoğan,K,1979-02-20,SGK,Diyarbakır,B+,+905355308018,2026-05-13 01:48:12
1177,21197388122,Bahar Kurt,K,1976-01-07,SGK,Bursa,AB+,+905308198004,2026-05-13 01:48:12
1178,98218849672,Sevgi Kurt,K,1977-10-18,SGK,Antalya,A-,+905341306797,2026-05-13 01:48:12
1179,35434123094,Burak Akın,E,1996-04-17,SGK,Gaziantep,A+,+905349856567,2026-05-13 01:48:12
1180,96003203104,Fatma Kaplan,K,1972-07-14,Özel,Ankara,A-,+905391830449,2026-05-13 01:48:12
1181,57131719790,Ahmet Doğan,E,1942-10-14,SGK,Kayseri,O+,+905302760974,2026-05-13 01:48:12
1182,94194785546,Şeyma Aslan,K,1940-03-13,SGK,Konya,AB-,+905314456660,2026-05-13 01:48:12
1183,20728878002,Özge Kılıç,K,1965-09-16,Özel,Eskişehir,B-,+905391943518,2026-05-13 01:48:12
1184,70881972260,Onur Kaplan,E,1938-07-13,Özel,Adana,O-,+905397445760,2026-05-13 01:48:12
1185,85307681008,Orhan Çelik,E,1998-08-07,SGK,Antalya,O-,+905307146104,2026-05-13 01:48:12
1186,53236221688,Emre Özdemir,E,1964-10-29,Özel,Mersin,AB-,+905397416055,2026-05-13 01:48:12
1187,16751691398,Gamze Turan,K,1960-11-08,SGK,Antalya,A+,+905322500599,2026-05-13 01:48:12
1188,71070335040,Cansu Bahçeli,K,1933-06-15,SGK,İzmir,AB+,+905385328985,2026-05-13 01:48:12
1189,49248481370,Tarkan Erol,E,2017-03-20,SGK,İstanbul,AB-,+905362251483,2026-05-13 01:48:12
1190,61675864632,Hüseyin Kaplan,E,1983-01-16,SGK,Bursa,AB+,+905396536394,2026-05-13 01:48:12
1191,11476427888,Ahmet Arslan,E,1941-10-08,Özel,Konya,B-,+905316369670,2026-05-13 01:48:12
1192,91775123926,Selin Aydın,K,1971-09-02,Özel,Antalya,AB-,+905382651924,2026-05-13 01:48:12
1193,82360244638,Tolga Şahin,E,1933-11-05,SGK,Konya,O-,+905348094270,2026-05-13 01:48:12
1194,81073087150,Kerem Göktaş,E,1964-12-30,Özel,Kayseri,B-,+905379918074,2026-05-13 01:48:12
1195,85438027478,Hakan Kaplan,E,1933-12-10,SGK,Eskişehir,O-,+905386441146,2026-05-13 01:48:12
1196,35468627292,Eda Kılıç,K,1963-12-12,Özel,Gaziantep,O+,+905308527850,2026-05-13 01:48:12
1197,73271353854,Ahmet Avcı,E,1947-09-13,SGK,Antalya,B+,+905363321348,2026-05-13 01:48:12
1198,16048869394,Nil Turan,K,1997-11-05,SGK,İstanbul,AB-,+905335357181,2026-05-13 01:48:12
1199,71597640504,Sinan Çelik,E,1997-10-15,Özel,Eskişehir,O-,+905371969270,2026-05-13 01:48:12
1200,52619038486,Duygu Korkmaz,K,2002-09-12,Özel,Eskişehir,B+,+905337751842,2026-05-13 01:48:12
1201,32271117576,Burak Aslan,E,1974-10-08,Özel,Konya,A-,+905393024875,2026-05-13 01:48:12
1202,39851448686,Fatih Kurt,E,1983-04-28,SGK,Ankara,O+,+905353948116,2026-05-13 01:48:12
1203,30269801414,Selim Kaya,E,1995-12-28,SGK,İstanbul,O+,+905372299096,2026-05-13 01:48:12
1204,13163705040,Gökhan Polat,E,1950-07-20,Özel,İzmir,O+,+905334501045,2026-05-13 01:48:12
1205,79317294754,Volkan Koç,E,1982-08-03,Özel,Diyarbakır,A+,+905304729447,2026-05-13 01:48:12
1206,35998519302,Berna Aslan,K,1983-03-10,SGK,Konya,B+,+905373650861,2026-05-13 01:48:12
1207,73504960262,Barış Alpaslan,E,1937-10-11,SGK,Kayseri,AB-,+905377629229,2026-05-13 01:48:12
1208,55397499562,Ceren Turgut,K,2025-08-28,Özel,Adana,A+,+905388295556,2026-05-13 01:48:12
1209,12080192902,Ezgi Tekin,K,2021-04-04,Özel,Bursa,A+,+905356021304,2026-05-13 01:48:12
1210,19322533356,Pınar Karakaya,K,2003-01-09,Özel,İstanbul,B+,+905352128027,2026-05-13 01:48:12
1211,29354503630,Ebru Aslan,K,1963-08-04,SGK,Eskişehir,B-,+905385778772,2026-05-13 01:48:12
1212,53629620890,Can Kılıç,E,2008-06-17,Özel,İzmir,AB+,+905333054350,2026-05-13 01:48:12
1213,17596599900,Emre Yalçın,E,2007-03-15,SGK,Konya,O+,+905325072280,2026-05-13 01:48:12
1214,59542106282,Sinan Polat,E,1962-12-28,SGK,Konya,AB-,+905314408282,2026-05-13 01:48:12
1215,81317536284,Burak Gül,E,1932-12-24,Özel,İzmir,O+,+905376343575,2026-05-13 01:48:12
1216,19617300984,Elif Bahçeli,K,1968-08-14,SGK,İzmir,AB+,+905346291618,2026-05-13 01:48:12
1217,25355051422,Emre Kaplan,E,2004-03-23,SGK,Adana,B-,+905392762739,2026-05-13 01:48:12
1218,82479254214,Müge Yalçın,K,2005-08-30,Özel,Eskişehir,AB+,+905384963902,2026-05-13 01:48:12
1219,14877067684,Selim Kaya,E,1954-01-27,Özel,Diyarbakır,O+,+905333854736,2026-05-13 01:48:12
1220,12578464030,Kerem Uysal,E,1949-06-22,SGK,Eskişehir,B-,+905387027672,2026-05-13 01:48:12
1221,36208467208,Hande Turan,K,1966-02-16,Özel,Bursa,AB-,+905356119459,2026-05-13 01:48:12
1222,38222501890,Selim Gül,E,1996-02-17,SGK,İzmir,O+,+905348503142,2026-05-13 01:48:12
1223,22234149928,Gizem Yılmaz,K,2008-05-07,Özel,Gaziantep,B+,+905398004579,2026-05-13 01:48:12
1224,70450956332,Recep Tekin,E,1992-12-19,SGK,Eskişehir,B-,+905301314791,2026-05-13 01:48:12
1225,43538922208,İbrahim Karakaya,E,1994-03-27,SGK,Gaziantep,A+,+905314727776,2026-05-13 01:48:12
1226,37705646110,Ayşe Çetin,K,1936-10-11,Özel,Gaziantep,B+,+905308952427,2026-05-13 01:48:12
1227,60095372338,Sude Çetin,K,2005-09-28,SGK,Bursa,A-,+905363459760,2026-05-13 01:48:12
1228,19441642304,Onur Alpaslan,E,1977-11-16,Özel,Ankara,B-,+905345826896,2026-05-13 01:48:12
1229,78576063484,Serkan Turan,E,1984-06-28,Özel,Gaziantep,A-,+905305654724,2026-05-13 01:48:12
1230,98701799910,Duygu Kaplan,K,1998-05-22,SGK,İzmir,AB+,+905321690824,2026-05-13 01:48:12
1231,51723456520,Cansu Koç,K,1943-10-27,SGK,Konya,A+,+905395287055,2026-05-13 01:48:12
1232,63626890448,Banu Erol,K,1985-02-01,SGK,Eskişehir,AB+,+905388279188,2026-05-13 01:48:12
1233,63855742112,Ahmet Taş,E,1982-01-13,Özel,İstanbul,B-,+905351268493,2026-05-13 01:48:12
1234,14761437890,Volkan Acar,E,1943-12-31,Özel,Konya,A+,+905344561445,2026-05-13 01:48:12
1235,85646726330,Merve Erol,K,1961-04-09,Özel,Eskişehir,A-,+905355981736,2026-05-13 01:48:12
1236,87291084582,Fatih Bahçeli,E,2011-06-16,SGK,İstanbul,AB+,+905387460213,2026-05-13 01:48:12
1237,15033746986,Gözde Acar,K,1984-04-30,SGK,Kayseri,O-,+905369104183,2026-05-13 01:48:12
1238,28222667948,Mert Turan,E,1966-04-02,Özel,Mersin,O-,+905391270862,2026-05-13 01:48:12
1239,69067396310,Sude Ertürk,K,2002-05-23,SGK,Konya,O+,+905389450935,2026-05-13 01:48:12
1240,59221704808,Derya Demir,K,1968-04-04,SGK,Kayseri,O-,+905387735594,2026-05-13 01:48:12
1241,30162907312,Gamze Doğan,K,1941-07-20,SGK,Diyarbakır,A-,+905329539102,2026-05-13 01:48:12
1242,36533717016,Selin Turgut,K,1963-12-08,Özel,İzmir,O+,+905395402585,2026-05-13 01:48:12
1243,93135490150,Mehmet Doğan,E,1994-09-26,SGK,Diyarbakır,B+,+905307381740,2026-05-13 01:48:12
1244,40549824354,Pınar Avcı,K,1973-12-22,SGK,Eskişehir,B+,+905331911061,2026-05-13 01:48:12
1245,77806643168,Pınar Alpaslan,K,1991-07-22,SGK,Gaziantep,AB+,+905302727317,2026-05-13 01:48:12
1246,47017092628,Kaan Yılmaz,E,1988-09-27,SGK,İstanbul,A+,+905304415624,2026-05-13 01:48:12
1247,38296824406,Ceren Gül,K,1950-04-28,SGK,İzmir,AB-,+905308677980,2026-05-13 01:48:12
1248,26806919674,Bahar Akın,K,1954-09-15,SGK,İzmir,A+,+905367575211,2026-05-13 01:48:12
1249,27026344468,Mehmet Öztürk,E,1995-06-26,SGK,Antalya,O-,+905325246007,2026-05-13 01:48:12
1250,52425369040,Burak Yılmaz,E,1961-02-23,SGK,Antalya,B-,+905338692845,2026-05-13 01:48:12
1251,86039670278,Enes Koç,E,1951-01-10,SGK,İzmir,AB+,+905366339266,2026-05-13 01:48:12
1252,74818754004,Ebru Yıldız,K,1932-10-21,SGK,Mersin,B+,+905349556729,2026-05-13 01:48:12
1253,83854662372,Seda Avcı,K,1952-10-06,Özel,Gaziantep,O-,+905307394795,2026-05-13 01:48:12
1254,35949722034,Sevgi Göktaş,K,1954-07-09,Özel,İzmir,B+,+905387491970,2026-05-13 01:48:12
1255,76179962388,Ahmet Erdoğan,E,1947-07-06,SGK,Diyarbakır,B-,+905393589058,2026-05-13 01:48:12
1256,78877792588,Rüya Turan,K,1947-05-08,SGK,Bursa,AB+,+905343037056,2026-05-13 01:48:12
1257,41539839136,Osman Özdemir,E,2003-10-20,Özel,İstanbul,A-,+905301492091,2026-05-13 01:48:12
1258,72914304932,Eda Polat,K,2017-03-14,Özel,Mersin,O-,+905304424653,2026-05-13 01:48:12
1259,30998656422,Orhan Turan,E,2003-12-14,SGK,Diyarbakır,B+,+905306528202,2026-05-13 01:48:12
1260,40976691956,Oğuz Bulut,E,1942-07-01,Özel,Diyarbakır,A+,+905363098869,2026-05-13 01:48:12
1261,11753079632,Pınar Aydın,K,1960-08-17,Özel,Konya,B+,+905366590261,2026-05-13 01:48:12
1262,57412531356,Murat Öztürk,E,1970-12-04,Özel,İstanbul,A+,+905362626268,2026-05-13 01:48:12
1263,31750361950,Müge Çelik,K,1955-04-21,SGK,Diyarbakır,A-,+905326595636,2026-05-13 01:48:12
1264,80342444762,Pelin Doğan,K,2007-12-27,Özel,İstanbul,O-,+905378235206,2026-05-13 01:48:12
1265,20765191720,Oğuz Arslan,E,1960-05-26,SGK,Ankara,O-,+905386994162,2026-05-13 01:48:12
1266,61456340942,Orhan Yalçın,E,1942-11-14,SGK,Antalya,AB-,+905381024421,2026-05-13 01:48:12
1267,54965391642,Eren Avcı,E,2010-09-14,SGK,Adana,A+,+905301848565,2026-05-13 01:48:12
1268,51840398222,Murat Arslan,E,1991-05-02,SGK,Gaziantep,B+,+905337419280,2026-05-13 01:48:12
1269,98640788044,Yasin Güneş,E,1998-02-22,Özel,Ankara,O+,+905396669795,2026-05-13 01:48:12
1270,43562303950,Sinem Doğan,K,1950-12-31,Özel,Mersin,A+,+905309441247,2026-05-13 01:48:12
1271,97092019928,Didem Ertürk,K,2017-01-20,Özel,Bursa,B+,+905312541415,2026-05-13 01:48:12
1272,68485805206,Elif Kaplan,K,1953-02-07,SGK,Diyarbakır,O+,+905312869625,2026-05-13 01:48:12
1273,30539707712,İrem Kılıç,K,1948-05-14,SGK,Konya,A+,+905345970516,2026-05-13 01:48:12
1274,24619953908,İbrahim Avcı,E,1992-10-27,SGK,Gaziantep,B+,+905363219131,2026-05-13 01:48:12
1275,15302618488,Seda Erdoğan,K,2014-09-08,Özel,İstanbul,B-,+905388523312,2026-05-13 01:48:12
1276,16306636034,Eda Bulut,K,1985-08-15,SGK,Adana,A+,+905318196331,2026-05-13 01:48:12
1277,19120302536,Hakan Yalçın,E,1999-11-22,Özel,Konya,AB-,+905324355963,2026-05-13 01:48:12
1278,36009860260,Tuğba Alpaslan,K,1945-11-16,Özel,Kayseri,AB-,+905375953905,2026-05-13 01:48:12
1279,15489445358,Sevgi Aydın,K,1986-08-02,Özel,Eskişehir,O+,+905303026278,2026-05-13 01:48:12
1280,54566229504,Özge Doğan,K,1992-07-02,Özel,Antalya,O+,+905371878000,2026-05-13 01:48:12
1281,26248607016,Okan Tekin,E,2003-10-11,Özel,İzmir,B-,+905361269029,2026-05-13 01:48:12
1282,60153017362,Batuhan Ertürk,E,1970-03-28,Özel,Ankara,AB-,+905369339122,2026-05-13 01:48:12
1283,89052244150,Kerem Çetin,E,1997-12-07,Özel,İstanbul,O+,+905375451805,2026-05-13 01:48:12
1284,67905719116,Sude Kaplan,K,1930-08-19,Özel,Gaziantep,O+,+905399917377,2026-05-13 01:48:12
1285,75618335974,Sevgi Doğan,K,1969-06-04,Özel,Gaziantep,A+,+905388717621,2026-05-13 01:48:12
1286,47718430194,Eda Kaya,K,1985-04-30,SGK,Gaziantep,O-,+905397037796,2026-05-13 01:48:12
1287,83239644054,Can Bahçeli,E,1991-03-07,Özel,İzmir,O+,+905355027757,2026-05-13 01:48:12
1288,34277392322,Şeyma Yalçın,K,1962-11-22,SGK,İzmir,B-,+905321784068,2026-05-13 01:48:12
1289,50169332818,Barış Kaplan,E,2004-01-26,SGK,Kayseri,A-,+905349298749,2026-05-13 01:48:12
1290,61545260762,Sinan Bulut,E,2006-01-30,SGK,Ankara,A+,+905384710067,2026-05-13 01:48:12
1291,42262277776,Banu Öztürk,K,1984-04-05,Özel,Eskişehir,A+,+905369493164,2026-05-13 01:48:12
1292,17038503670,Cansu Turan,K,1949-07-03,SGK,Diyarbakır,AB+,+905353843162,2026-05-13 01:48:12
1293,84027406786,Merve Şahin,K,1948-08-27,SGK,Konya,O+,+905328181112,2026-05-13 01:48:12
1294,72003638504,Seda Yılmaz,K,1964-10-19,Özel,Eskişehir,A-,+905347905888,2026-05-13 01:48:12
1295,89318399730,Bahar Arslan,K,1963-08-10,SGK,Adana,O+,+905342298335,2026-05-13 01:48:12
1296,59326643200,Derya Yılmaz,K,2000-07-15,SGK,Ankara,B+,+905347392220,2026-05-13 01:48:12
1297,91159485350,Enes Yalçın,E,2007-05-21,Özel,Kayseri,O-,+905314061044,2026-05-13 01:48:12
1298,94742256740,Recep Çelik,E,1967-09-05,SGK,Mersin,B+,+905319613285,2026-05-13 01:48:12
1299,97058416808,Gökhan Çetin,E,2024-02-01,Özel,Gaziantep,AB+,+905347208876,2026-05-13 01:48:12
1300,68679496364,Gamze Demir,K,1943-01-11,Özel,İzmir,B-,+905308462069,2026-05-13 01:48:12
1301,19261662070,Fatih Erol,E,2015-11-13,Özel,Kayseri,O+,+905358543348,2026-05-13 01:48:12
1302,75557512412,Müge Çetin,K,1982-05-11,Özel,Gaziantep,O-,+905301877500,2026-05-13 01:48:12
1303,50516654518,Özge Aydın,K,2003-01-03,Özel,Ankara,O-,+905345362279,2026-05-13 01:48:12
1304,48686083542,Hüseyin Çelik,E,1933-04-22,Özel,İstanbul,B-,+905318593960,2026-05-13 01:48:12
1305,54238602000,Ali Uysal,E,1950-04-19,Özel,Bursa,A+,+905389970343,2026-05-13 01:48:12
1306,19619797942,Hakan Koç,E,1955-12-26,SGK,Mersin,AB+,+905353564507,2026-05-13 01:48:12
1307,58045073596,Batuhan Erdoğan,E,1947-05-26,Özel,Mersin,A+,+905376018990,2026-05-13 01:48:12
1308,50598026050,Tuğba Karakaya,K,1999-12-27,Özel,Bursa,A-,+905321743148,2026-05-13 01:48:12
1309,59073420314,Kaan Çetin,E,2011-06-08,Özel,Adana,O+,+905378904836,2026-05-13 01:48:12
1310,24186482320,Şeyma Güneş,K,2010-03-08,Özel,Kayseri,O+,+905396368709,2026-05-13 01:48:12
1311,33326058684,Barış Tekin,E,1965-12-21,Özel,Gaziantep,O-,+905328704879,2026-05-13 01:48:12
1312,40662931540,Kemal Avcı,E,2010-03-28,SGK,İzmir,AB+,+905379399559,2026-05-13 01:48:12
1313,56989062386,Ezgi Bulut,K,2004-01-22,SGK,Konya,A+,+905372997279,2026-05-13 01:48:12
1314,10654870898,Oğuz Turan,E,1993-09-27,SGK,Eskişehir,AB+,+905396418382,2026-05-13 01:48:12
1315,65398188952,Gözde Köse,K,1963-09-25,Özel,Mersin,A-,+905338763973,2026-05-13 01:48:12
1316,18945896268,Eren Köse,E,1973-01-26,Özel,Mersin,O-,+905385422047,2026-05-13 01:48:12
1317,30761239630,Osman Demir,E,1985-03-16,SGK,Kayseri,AB-,+905391467368,2026-05-13 01:48:12
1318,98618207034,Hüseyin Karakaya,E,1947-07-13,SGK,İstanbul,O-,+905302986786,2026-05-13 01:48:12
1319,92689334880,Sinan Bahçeli,E,1962-10-03,Özel,İstanbul,B-,+905348618893,2026-05-13 01:48:12
1320,67896833594,Onur Köse,E,1976-05-07,SGK,Bursa,A-,+905378419877,2026-05-13 01:48:12
1321,65057052112,Kemal Arslan,E,1970-07-10,Özel,Adana,AB+,+905339666745,2026-05-13 01:48:12
1322,98311414708,Murat Güneş,E,1939-05-20,SGK,Bursa,AB-,+905313556585,2026-05-13 01:48:12
1323,81568910918,Mert Erol,E,1961-09-25,SGK,Mersin,A+,+905398489494,2026-05-13 01:48:12
1324,66844679482,Murat Koç,E,2018-10-10,Özel,İstanbul,A-,+905366002347,2026-05-13 01:48:12
1325,67378315976,Recep Uysal,E,1948-09-24,SGK,Kayseri,O-,+905323471319,2026-05-13 01:48:12
1326,93029158524,Yasin Gül,E,1938-12-10,Özel,Bursa,B+,+905324804546,2026-05-13 01:48:12
1327,28548396690,Tolga Güneş,E,2012-01-28,Özel,Gaziantep,O-,+905345892856,2026-05-13 01:48:12
1328,69584174958,Gizem Alpaslan,K,2005-09-29,SGK,İstanbul,B+,+905306648387,2026-05-13 01:48:12
1329,79814134478,Yasin Kaplan,E,1977-05-21,Özel,Mersin,B-,+905305280631,2026-05-13 01:48:12
1330,39286433042,Banu Demir,K,1946-06-24,SGK,Diyarbakır,O+,+905351496104,2026-05-13 01:48:12
1331,76771966616,Enes Çelik,E,1988-05-13,SGK,Eskişehir,O+,+905326258777,2026-05-13 01:48:12
1332,32234998044,Gizem Şahin,K,2019-10-02,Özel,Gaziantep,O-,+905364702852,2026-05-13 01:48:12
1333,89152446188,Kemal Turan,E,2007-07-03,SGK,Bursa,AB-,+905324544837,2026-05-13 01:48:12
1334,66426018654,Cansu Gül,K,2003-11-01,Özel,Diyarbakır,AB-,+905332115422,2026-05-13 01:48:12
1335,32776414958,Ebru Yalçın,K,2019-08-07,Özel,İzmir,AB-,+905351041609,2026-05-13 01:48:12
1336,54867228800,Hakan Koç,E,2007-12-12,Özel,Bursa,A-,+905375046670,2026-05-13 01:48:12
1337,25749325108,Bahar Erdoğan,K,1993-08-17,SGK,Diyarbakır,AB-,+905388827522,2026-05-13 01:48:12
1338,50954377628,Recep Yılmaz,E,1974-02-03,SGK,Antalya,A+,+905309864015,2026-05-13 01:48:12
1339,41439151154,Orhan Turan,E,1994-09-10,SGK,İzmir,A-,+905387921487,2026-05-13 01:48:12
1340,97109685634,Rüya Göktaş,K,1997-09-23,SGK,Kayseri,A+,+905307820712,2026-05-13 01:48:12
1341,41542306038,Sevgi Çelik,K,2020-04-16,Özel,Gaziantep,AB-,+905329425559,2026-05-13 01:48:12
1342,34114206652,Eren Aydın,E,1986-12-04,SGK,Antalya,B+,+905315296553,2026-05-13 01:48:12
1343,43822224018,Mert Acar,E,2016-01-16,SGK,İzmir,B+,+905393189287,2026-05-13 01:48:12
1344,11901134886,Funda Aydın,K,2000-07-23,Özel,Bursa,B+,+905314228659,2026-05-13 01:48:12
1345,23239456486,Osman Erdoğan,E,2001-12-09,Özel,Gaziantep,AB+,+905329398629,2026-05-13 01:48:12
1346,34986634294,Hande Yılmaz,K,1966-07-20,Özel,Gaziantep,O-,+905355152649,2026-05-13 01:48:12
1347,95297356152,Cem Karakaya,E,2002-10-30,Özel,Antalya,A-,+905367223110,2026-05-13 01:48:12
1348,63809664170,Funda Kılıç,K,1997-01-21,SGK,Diyarbakır,AB-,+905337783360,2026-05-13 01:48:12
1349,76535389668,Hazal Koç,K,1990-11-22,Özel,Adana,B-,+905333585301,2026-05-13 01:48:12
1350,51571276318,Sevgi Bahçeli,K,1973-01-19,Özel,Bursa,AB+,+905355554233,2026-05-13 01:48:12
1351,49061682466,Nil Acar,K,1971-06-21,Özel,Gaziantep,A-,+905332294596,2026-05-13 01:48:12
1352,26837103066,Yasin Akın,E,1983-09-14,SGK,İstanbul,O-,+905327367617,2026-05-13 01:48:12
1353,99678082616,Kemal Koç,E,1972-01-28,Özel,Ankara,AB+,+905313211487,2026-05-13 01:48:12
1354,86254292682,Selim Özkan,E,1950-11-19,Özel,Bursa,A-,+905364441255,2026-05-13 01:48:12
1355,50369481118,Selim Yalçın,E,1994-05-20,SGK,Diyarbakır,O-,+905365901155,2026-05-13 01:48:12
1356,78335391032,Hazal Demir,K,1996-03-19,SGK,Diyarbakır,A+,+905326870420,2026-05-13 01:48:12
1357,59013334480,Esra Karakaya,K,1994-09-10,Özel,Mersin,A-,+905335590782,2026-05-13 01:48:12
1358,51016793080,Barış Erol,E,2017-08-08,Özel,Gaziantep,A+,+905312740292,2026-05-13 01:48:12
1359,52028866120,Mehmet Aslan,E,1973-04-27,SGK,Bursa,AB+,+905311663631,2026-05-13 01:48:12
1360,95484203566,Can Özdemir,E,1995-04-13,SGK,Konya,A-,+905372613437,2026-05-13 01:48:12
1361,67117132154,Eda Akın,K,1981-05-05,SGK,Konya,A+,+905326091131,2026-05-13 01:48:12
1362,22874527186,Deniz Akın,E,1941-01-24,Özel,Mersin,AB-,+905368993284,2026-05-13 01:48:12
1363,49138107496,Banu Acar,K,1986-06-12,SGK,Diyarbakır,AB+,+905363048736,2026-05-13 01:48:12
1364,64013153542,Hüseyin Alpaslan,E,2012-06-09,Özel,Ankara,O+,+905327518553,2026-05-13 01:48:12
1365,62741025490,Duygu Kılıç,K,1965-04-10,Özel,Mersin,AB-,+905375629123,2026-05-13 01:48:12
1366,99930051916,Sinem Kurt,K,1937-11-20,SGK,Antalya,O+,+905368573532,2026-05-13 01:48:12
1367,52271726608,Ezgi Ertürk,K,1996-10-18,SGK,Adana,O+,+905351434367,2026-05-13 01:48:12
1368,24413068648,Ayşe Şahin,K,1952-04-23,SGK,Ankara,A+,+905388467198,2026-05-13 01:48:12
1369,14172820724,Gözde Erol,K,1983-08-31,SGK,Antalya,B+,+905313042032,2026-05-13 01:48:12
1370,32282408458,Hüseyin Turgut,E,1963-02-24,SGK,Antalya,AB+,+905384231371,2026-05-13 01:48:12
1371,18479135154,Cem Akın,E,1961-01-07,Özel,Antalya,B-,+905351498304,2026-05-13 01:48:12
1372,99206415770,Fatma Kılıç,K,1988-07-11,SGK,Bursa,A+,+905379794463,2026-05-13 01:48:12
1373,51945341956,Mustafa Demir,E,2003-08-26,Özel,Adana,O-,+905315406317,2026-05-13 01:48:12
1374,90218893044,Banu Aydın,K,1965-11-18,Özel,Kayseri,B-,+905371418381,2026-05-13 01:48:12
1375,49743699034,Hüseyin Kaplan,E,1997-08-04,Özel,Konya,AB-,+905356779425,2026-05-13 01:48:12
1376,39069690440,Orhan Koç,E,1985-08-20,SGK,İstanbul,O+,+905398199955,2026-05-13 01:48:12
1377,77337457036,Tolga Bulut,E,2016-03-01,Özel,Ankara,B-,+905377952050,2026-05-13 01:48:12
1378,90253084360,Murat Yalçın,E,1977-07-02,Özel,Kayseri,O+,+905393696585,2026-05-13 01:48:12
1379,82508423260,Cansu Polat,K,1955-01-26,Özel,İstanbul,A+,+905349594695,2026-05-13 01:48:12
1380,51553691566,Serkan Aydın,E,1979-09-22,Özel,Gaziantep,B+,+905341483087,2026-05-13 01:48:12
1381,52570333200,Aslı Kılıç,K,1979-06-03,SGK,Antalya,B+,+905395884127,2026-05-13 01:48:12
1382,38630402994,Eren Erol,E,1984-05-25,SGK,Konya,B+,+905392520785,2026-05-13 01:48:12
1383,32041678214,Banu Kılıç,K,1948-05-28,SGK,Gaziantep,O+,+905333954349,2026-05-13 01:48:12
1384,42503139276,Aslı Gül,K,1980-08-14,SGK,İzmir,B+,+905351127337,2026-05-13 01:48:12
1385,11933359318,Elif Yalçın,K,1975-04-01,SGK,İstanbul,A+,+905392036734,2026-05-13 01:48:12
1386,71622564744,Selim Bulut,E,2014-11-14,SGK,İstanbul,O-,+905396185910,2026-05-13 01:48:12
1387,63231677892,Ahmet Kurt,E,1950-11-26,SGK,Konya,AB+,+905365859106,2026-05-13 01:48:12
1388,55391177626,Aslı Alpaslan,K,1937-10-06,Özel,Antalya,B+,+905351980012,2026-05-13 01:48:12
1389,19281578078,Zeynep Aydın,K,1987-06-29,SGK,İzmir,B-,+905303615226,2026-05-13 01:48:12
1390,97067635306,Mert Turan,E,2001-05-28,SGK,Mersin,AB-,+905373065345,2026-05-13 01:48:12
1391,94856371148,Recep Erdoğan,E,2003-07-08,SGK,İstanbul,A+,+905344230706,2026-05-13 01:48:12
1392,49892313256,Serkan Bulut,E,1996-07-11,SGK,Gaziantep,B-,+905387376999,2026-05-13 01:48:12
1393,27837659164,Pınar Özdemir,K,1950-01-26,SGK,İstanbul,A-,+905383339768,2026-05-13 01:48:12
1394,62664267380,Ayşe Erdoğan,K,1949-04-11,Özel,İzmir,AB+,+905329184794,2026-05-13 01:48:12
1395,85656976428,Tuğba Öztürk,K,1973-12-14,Özel,İzmir,B+,+905398144753,2026-05-13 01:48:12
1396,14625069250,Ezgi Alpaslan,K,1946-11-28,SGK,Antalya,A-,+905369956212,2026-05-13 01:48:12
1397,86729350954,Onur Aydın,E,1966-01-23,SGK,İzmir,A-,+905345517951,2026-05-13 01:48:12
1398,60223477898,Murat Acar,E,1937-05-20,Özel,Antalya,O-,+905305812955,2026-05-13 01:48:12
1399,94070339870,Batuhan Alpaslan,E,1998-09-25,Özel,Bursa,B-,+905383416225,2026-05-13 01:48:12
1400,55167670658,Fatih Karakaya,E,2000-06-04,SGK,Gaziantep,B-,+905329727843,2026-05-13 01:48:12
1401,30084842616,Mustafa Aydın,E,1935-08-09,Özel,Bursa,O+,+905334432496,2026-05-13 01:48:12
1402,38967136036,Ayşe Ertürk,K,1939-06-02,SGK,Gaziantep,B+,+905345798959,2026-05-13 01:48:12
1403,11324951916,Gözde Koç,K,1949-04-18,Özel,Ankara,AB-,+905302299316,2026-05-13 01:48:12
1404,68080388944,Selin Turan,K,1967-04-26,SGK,Kayseri,A-,+905345282902,2026-05-13 01:48:12
1405,41566851354,Eda Koç,K,1953-08-19,Özel,Mersin,B-,+905315604346,2026-05-13 01:48:12
1406,68030901636,İrem Arslan,K,1979-10-31,Özel,Ankara,O-,+905348505768,2026-05-13 01:48:12
1407,12716988350,Didem Akın,K,1986-10-03,Özel,Antalya,O+,+905312790180,2026-05-13 01:48:12
1408,86759833212,Selin Akın,K,1975-04-23,Özel,Antalya,B-,+905351471169,2026-05-13 01:48:12
1409,91956572802,Volkan Korkmaz,E,1979-01-12,SGK,İzmir,AB+,+905339542620,2026-05-13 01:48:12
1410,27758015858,Gamze Bahçeli,K,1930-10-09,SGK,Diyarbakır,B-,+905369134892,2026-05-13 01:48:12
1411,95327276696,Ahmet Bahçeli,E,1964-06-16,Özel,Antalya,A-,+905335278966,2026-05-13 01:48:12
1412,38546130820,Emre Arslan,E,1984-05-10,Özel,İzmir,A+,+905388917191,2026-05-13 01:48:12
1413,87771184238,Enes Kılıç,E,1992-06-13,SGK,Bursa,A+,+905387542039,2026-05-13 01:48:12
1414,31024234492,Gökhan Akın,E,1961-05-31,Özel,Eskişehir,O-,+905306851872,2026-05-13 01:48:12
1415,71997165904,Elif Uysal,K,1965-10-21,SGK,Gaziantep,AB+,+905368637977,2026-05-13 01:48:12
1416,44400952200,Özge Öztürk,K,1933-12-20,SGK,Kayseri,AB-,+905327373024,2026-05-13 01:48:12
1417,32191439024,Şeyma Çelik,K,1978-05-25,Özel,Kayseri,B-,+905349023548,2026-05-13 01:48:12
1418,89115010128,Yusuf Bulut,E,1964-02-26,SGK,İstanbul,A+,+905361149541,2026-05-13 01:48:12
1419,44759783388,Ebru Turgut,K,1991-08-31,SGK,Konya,A-,+905337008871,2026-05-13 01:48:12
1420,77914638612,Deniz Karakaya,E,1947-12-20,SGK,İstanbul,B-,+905333613325,2026-05-13 01:48:12
1421,75282468596,Büşra Tekin,K,2002-09-01,SGK,İstanbul,A+,+905325867041,2026-05-13 01:48:12
1422,70146051914,Mehmet Erol,E,2015-12-22,Özel,Konya,A-,+905333403183,2026-05-13 01:48:12
1423,45636930130,Fatih Çelik,E,1959-04-25,SGK,Mersin,B-,+905391879381,2026-05-13 01:48:12
1424,14802835494,Özge Alpaslan,K,2008-07-10,SGK,Diyarbakır,B-,+905321848463,2026-05-13 01:48:12
1425,76136628098,Tuğba Avcı,K,1965-04-01,SGK,Kayseri,O+,+905323300246,2026-05-13 01:48:12
1426,84705311098,Seda Özkan,K,1938-08-07,Özel,İstanbul,O+,+905335102144,2026-05-13 01:48:12
1427,94218914266,Kadir Avcı,E,1971-01-15,SGK,Eskişehir,AB-,+905377848323,2026-05-13 01:48:12
1428,77187762892,Mert Köse,E,1983-10-17,SGK,Mersin,AB-,+905338255176,2026-05-13 01:48:12
1429,86292266652,Mert Kılıç,E,1963-05-26,Özel,Diyarbakır,B-,+905381187788,2026-05-13 01:48:12
1430,62289890734,Merve Gül,K,2000-12-02,Özel,Ankara,B+,+905399983538,2026-05-13 01:48:12
1431,87265976448,Şeyma Turan,K,2019-08-02,SGK,İstanbul,AB-,+905359928852,2026-05-13 01:48:12
1432,81657893962,Deniz Alpaslan,E,2021-07-15,Özel,Antalya,A-,+905357651859,2026-05-13 01:48:12
1433,96005009278,Yusuf Özkan,E,2002-08-20,SGK,Antalya,O-,+905379242231,2026-05-13 01:48:12
1434,40112501880,Mehmet Bahçeli,E,1970-04-25,Özel,İzmir,A+,+905375617711,2026-05-13 01:48:12
1435,33369318028,Fatma Kaya,K,1962-04-22,SGK,Kayseri,B-,+905309363019,2026-05-13 01:48:12
1436,76249753700,Volkan Kaya,E,1936-06-22,Özel,Eskişehir,AB-,+905341417460,2026-05-13 01:48:12
1437,79567406846,Cem Özkan,E,1935-01-28,SGK,Adana,AB-,+905356099080,2026-05-13 01:48:12
1438,56688658316,Duygu Göktaş,K,1962-12-28,Özel,Adana,B-,+905384326907,2026-05-13 01:48:12
1439,83664853250,Ceren Tekin,K,2011-09-14,Özel,Konya,A+,+905359800067,2026-05-13 01:48:12
1440,93443695834,Emre Tekin,E,2025-12-08,SGK,Antalya,A+,+905351999475,2026-05-13 01:48:12
1441,30073429378,Gamze Polat,K,1967-09-17,SGK,Eskişehir,O-,+905374813067,2026-05-13 01:48:12
1442,13801625860,Bahar Korkmaz,K,1956-11-13,Özel,Eskişehir,A+,+905303225585,2026-05-13 01:48:12
1443,91435312738,Ayşe Kaya,K,1965-05-28,SGK,Konya,AB-,+905334754689,2026-05-13 01:48:12
1444,33590426530,Kemal Alpaslan,E,1993-12-29,SGK,Kayseri,O+,+905328283511,2026-05-13 01:48:12
1445,95738385536,Selin Aslan,K,2006-01-01,SGK,Diyarbakır,A-,+905361687493,2026-05-13 01:48:12
1446,84555370658,Elif Akın,K,2002-08-09,SGK,Konya,B-,+905317974844,2026-05-13 01:48:12
1447,22157562606,Berna Erdoğan,K,2005-02-14,SGK,Mersin,AB+,+905361482300,2026-05-13 01:48:12
1448,19906931974,Gamze Kılıç,K,1953-05-03,Özel,Ankara,O+,+905336637599,2026-05-13 01:48:12
1449,15998226776,Murat Bulut,E,2005-02-14,Özel,Bursa,A+,+905335704281,2026-05-13 01:48:12
1450,30259364530,Merve Kurt,K,2021-08-03,Özel,Ankara,B-,+905324985367,2026-05-13 01:48:12
1451,67672991142,Sinan Güneş,E,1980-07-15,SGK,Kayseri,AB+,+905305785492,2026-05-13 01:48:12
1452,53695310282,Osman Çelik,E,1971-09-09,Özel,Kayseri,A-,+905372991494,2026-05-13 01:48:12
1453,27926517368,Onur Bahçeli,E,1944-03-17,SGK,Kayseri,A-,+905363369858,2026-05-13 01:48:12
1454,32198369102,Tuğba Uysal,K,1946-01-22,SGK,Konya,A-,+905378300596,2026-05-13 01:48:12
1455,97707459996,Büşra Karakaya,K,1957-11-03,Özel,Adana,AB+,+905331947572,2026-05-13 01:48:12
1456,12683878968,Ahmet Kaya,E,2019-12-07,Özel,İzmir,AB-,+905351927615,2026-05-13 01:48:12
1457,40409346774,Gamze Aslan,K,1980-06-27,SGK,Bursa,O+,+905313452756,2026-05-13 01:48:12
1458,92721051300,Mustafa Öztürk,E,1996-04-13,SGK,İzmir,B+,+905316209399,2026-05-13 01:48:12
1459,92532083170,Okan Erol,E,1938-10-28,SGK,Eskişehir,O+,+905383039412,2026-05-13 01:48:12
1460,99173690712,Aslı Öztürk,K,1971-05-18,SGK,Gaziantep,O-,+905349155269,2026-05-13 01:48:12
1461,62141070786,Ali Demir,E,2000-12-27,SGK,İstanbul,AB-,+905387126768,2026-05-13 01:48:12
1462,18511919476,Hakan Polat,E,1950-11-10,SGK,Gaziantep,O-,+905347096313,2026-05-13 01:48:12
1463,71927671314,Ebru Bulut,K,1966-05-29,SGK,Mersin,O+,+905319405818,2026-05-13 01:48:12
1464,66126678394,Esra Yalçın,K,1948-11-08,SGK,Konya,A-,+905374480823,2026-05-13 01:48:12
1465,32346144636,Banu Şahin,K,1954-09-03,SGK,Eskişehir,B-,+905364435865,2026-05-13 01:48:12
1466,86142152470,Selin Göktaş,K,1986-07-11,SGK,Eskişehir,O+,+905369923201,2026-05-13 01:48:12
1467,14656896948,Berna Turan,K,1975-05-03,SGK,Mersin,B-,+905337331796,2026-05-13 01:48:12
1468,47936315952,Cem Erol,E,1937-02-28,Özel,Kayseri,B+,+905392906140,2026-05-13 01:48:12
1469,44104062922,Tolga Bulut,E,2008-09-24,Özel,Mersin,B+,+905323152222,2026-05-13 01:48:12
1470,40181796040,Selin Çetin,K,1944-11-23,Özel,Diyarbakır,AB+,+905379821800,2026-05-13 01:48:12
1471,89905221758,Sevgi Uysal,K,1999-08-08,SGK,Gaziantep,AB-,+905366632977,2026-05-13 01:48:12
1472,27356316340,Ahmet Acar,E,1954-07-13,SGK,Antalya,O-,+905377149241,2026-05-13 01:48:12
1473,59637881186,Elif Tekin,K,1962-01-25,SGK,Gaziantep,B+,+905381898452,2026-05-13 01:48:12
1474,81675321676,Hakan Yılmaz,E,2001-10-10,Özel,Ankara,O-,+905315061376,2026-05-13 01:48:12
1475,14903729500,Sevgi Şahin,K,1978-08-23,Özel,Bursa,AB-,+905359447699,2026-05-13 01:48:12
1476,91274392298,Kadir Yalçın,E,1935-11-20,SGK,Adana,A-,+905318347503,2026-05-13 01:48:12
1477,57621236080,Rüya Göktaş,K,1990-10-24,SGK,Antalya,AB+,+905335380869,2026-05-13 01:48:12
1478,63156309328,Enes Özdemir,E,2010-07-12,SGK,Kayseri,AB-,+905369746238,2026-05-13 01:48:12
1479,97240899266,Cansu Güneş,K,1975-09-09,Özel,Kayseri,A-,+905336513362,2026-05-13 01:48:12
1480,23397367044,Nil Göktaş,K,1986-03-13,SGK,Eskişehir,AB+,+905374797739,2026-05-13 01:48:12
1481,32419830640,Murat Aydın,E,1983-02-09,SGK,Antalya,AB+,+905338279290,2026-05-13 01:48:12
1482,54424842036,Orhan Kaplan,E,2000-01-09,Özel,Eskişehir,AB+,+905351122857,2026-05-13 01:48:12
1483,28615640978,Ebru Akın,K,1951-03-23,SGK,Antalya,B-,+905349304601,2026-05-13 01:48:12
1484,64245190810,Serkan Şahin,E,1954-10-29,Özel,İstanbul,B-,+905312184456,2026-05-13 01:48:12
1485,52992023710,Derya Uysal,K,1977-10-04,SGK,Diyarbakır,B+,+905398103918,2026-05-13 01:48:12
1486,96194118324,Tuğba Yıldız,K,1989-06-29,SGK,İzmir,AB+,+905336126173,2026-05-13 01:48:12
1487,72834633488,Aslı Erdoğan,K,1972-07-08,Özel,Adana,B-,+905334995158,2026-05-13 01:48:12
1488,76940865498,Elif Çetin,K,2000-07-30,Özel,Diyarbakır,B+,+905327437737,2026-05-13 01:48:12
1489,53509528872,Ayşe Avcı,K,1948-07-06,SGK,Kayseri,A+,+905349046423,2026-05-13 01:48:12
1490,55359176562,Sinem Acar,K,2012-03-11,SGK,Bursa,A+,+905389775049,2026-05-13 01:48:12
1491,98734496640,Bahar Aydın,K,1976-10-05,Özel,Konya,A+,+905375332113,2026-05-13 01:48:12
1492,79014971132,Serkan Demir,E,2019-08-19,Özel,Ankara,AB-,+905348516710,2026-05-13 01:48:12
1493,75051886088,Ebru Tekin,K,1977-09-04,SGK,Diyarbakır,B+,+905345374817,2026-05-13 01:48:12
1494,79850450570,Sude Güneş,K,1946-05-17,Özel,Konya,AB-,+905394847454,2026-05-13 01:48:12
1495,38617892510,Recep Özdemir,E,1956-12-11,SGK,Antalya,A+,+905303181928,2026-05-13 01:48:12
1496,36481638470,Müge Acar,K,1965-10-17,SGK,Kayseri,O+,+905381868567,2026-05-13 01:48:12
1497,40101278946,Nil Korkmaz,K,1980-03-31,Özel,İstanbul,AB+,+905394496308,2026-05-13 01:48:12
1498,68670365652,Turan Polat,E,2001-10-09,SGK,Adana,AB+,+905335256873,2026-05-13 01:48:12
1499,73318123334,Gamze Ertürk,K,1968-10-10,Özel,Eskişehir,A+,+905318999003,2026-05-13 01:48:12
1500,54577626248,Yusuf Avcı,E,1977-09-28,Özel,Eskişehir,A+,+905386253981,2026-05-13 01:48:12
1501,69443485294,Berna Köse,K,1963-02-06,SGK,Adana,A+,+905378712415,2026-05-13 01:48:12
1502,78740420754,Funda Polat,K,1979-04-03,Özel,Antalya,B-,+905348468413,2026-05-13 01:48:12
1503,83309900080,Mustafa Arslan,E,1982-04-26,SGK,Gaziantep,AB-,+905367251201,2026-05-13 01:48:12
1504,63856535270,Deniz Özdemir,E,1932-06-01,SGK,Gaziantep,A+,+905327905801,2026-05-13 01:48:12
1505,19110349558,Volkan Polat,E,1958-04-03,Özel,Diyarbakır,O+,+905399419884,2026-05-13 01:48:12
1506,25837466102,İbrahim Turgut,E,1998-09-16,Özel,Ankara,O+,+905378131159,2026-05-13 01:48:12
1507,76682905216,Cem Polat,E,1979-07-11,Özel,İstanbul,A-,+905397290235,2026-05-13 01:48:12
1508,12927640528,Oğuz Yıldız,E,1992-05-30,SGK,Gaziantep,B+,+905339976312,2026-05-13 01:48:12
1509,61318660416,Volkan Aslan,E,1976-01-10,Özel,Adana,O-,+905332514792,2026-05-13 01:48:12
1510,54203594484,Volkan Polat,E,2003-01-19,Özel,Kayseri,B-,+905389067338,2026-05-13 01:48:12
1511,74774131352,Orhan Tekin,E,1957-08-28,Özel,İzmir,AB-,+905331145335,2026-05-13 01:48:12
1512,68153988514,Cem Tekin,E,1968-03-14,Özel,Antalya,A+,+905376500718,2026-05-13 01:48:12
1513,75581675992,Emre Turgut,E,1991-01-29,SGK,Adana,A-,+905314696679,2026-05-13 01:48:12
1514,24634292440,Can Erol,E,1956-05-26,SGK,Diyarbakır,O-,+905397207157,2026-05-13 01:48:12
1515,31852734126,Selim Kaplan,E,1950-10-21,Özel,Bursa,A-,+905314299102,2026-05-13 01:48:12
1516,11530304490,Ezgi Çelik,K,2011-08-15,Özel,İstanbul,O+,+905312674504,2026-05-13 01:48:12
1517,86634541850,Derya Arslan,K,1984-07-12,Özel,İzmir,O+,+905392648873,2026-05-13 01:48:12
1518,74191061638,Fatma Aslan,K,1947-05-26,SGK,İstanbul,A+,+905392565036,2026-05-13 01:48:12
1519,26826822152,Volkan Aydın,E,1974-11-13,Özel,Kayseri,O+,+905363860502,2026-05-13 01:48:12
1520,44791005998,Mehmet Çetin,E,1996-09-03,SGK,Mersin,O-,+905323225820,2026-05-13 01:48:12
1521,10748597236,Emre Bahçeli,E,2001-08-02,SGK,İzmir,AB-,+905373048441,2026-05-13 01:48:12
1522,15802860684,Duygu Kaya,K,2009-04-29,Özel,Adana,A+,+905324052259,2026-05-13 01:48:12
1523,57695090472,Cansu Turan,K,1939-08-30,Özel,Antalya,O+,+905399473491,2026-05-13 01:48:12
1524,26556238872,Sude Şahin,K,1973-08-25,SGK,Antalya,O+,+905377390726,2026-05-13 01:48:12
1525,16229011338,Hakan Erdoğan,E,1989-12-21,SGK,Kayseri,O-,+905375648869,2026-05-13 01:48:12
1526,13514895376,Hakan Ertürk,E,1967-07-27,Özel,Ankara,A-,+905346168048,2026-05-13 01:48:12
1527,63472839530,Seda Aslan,K,1936-10-16,Özel,Kayseri,A+,+905374607988,2026-05-13 01:48:12
1528,80848868628,Recep Gül,E,1949-10-31,SGK,Antalya,B+,+905323798423,2026-05-13 01:48:12
1529,28323530646,Orhan Yılmaz,E,1943-11-20,Özel,Eskişehir,AB+,+905369978794,2026-05-13 01:48:12
1530,90964583756,Gözde Köse,K,1936-12-21,Özel,Diyarbakır,O-,+905396460208,2026-05-13 01:48:12
1531,63175559292,İbrahim Yıldız,E,1937-06-29,Özel,Mersin,O-,+905375605983,2026-05-13 01:48:12
1532,96267511984,Mustafa Kurt,E,1977-01-02,Özel,Adana,O+,+905354758427,2026-05-13 01:48:12
1533,74196789674,Zeynep Korkmaz,K,2008-04-18,SGK,Antalya,B+,+905394465248,2026-05-13 01:48:12
1534,11597224236,Mert Çelik,E,1999-08-10,Özel,Kayseri,B+,+905336122245,2026-05-13 01:48:12
1535,19846018018,Gözde Turgut,K,2002-02-02,SGK,Ankara,AB-,+905341084021,2026-05-13 01:48:12
1536,96671554430,Esra Güneş,K,1989-11-18,Özel,Gaziantep,A+,+905333587735,2026-05-13 01:48:12
1537,37205364910,Bahar Gül,K,1986-07-12,Özel,Antalya,O+,+905329903930,2026-05-13 01:48:12
1538,12155383020,Yasin Güneş,E,1975-11-21,Özel,Ankara,B+,+905353328002,2026-05-13 01:48:12
1539,49567844658,Onur Özdemir,E,2008-07-05,SGK,Antalya,A-,+905309061412,2026-05-13 01:48:12
1540,65129441462,Serkan Turan,E,1984-11-21,SGK,Gaziantep,AB+,+905332682926,2026-05-13 01:48:12
1541,84776565918,Osman Bulut,E,1945-05-04,SGK,Adana,AB+,+905356471782,2026-05-13 01:48:12
1542,97715692286,Tuğba Acar,K,1963-07-20,SGK,Konya,O+,+905341902080,2026-05-13 01:48:12
1543,45977100148,Selin Korkmaz,K,1997-06-18,Özel,Konya,B-,+905348756839,2026-05-13 01:48:12
1544,58722557876,Esra Göktaş,K,2000-03-21,Özel,Adana,O-,+905336748021,2026-05-13 01:48:12
1545,65739523268,Mert Erol,E,1978-11-17,Özel,Kayseri,AB-,+905381296167,2026-05-13 01:48:12
1546,91660284152,Müge Güneş,K,1947-02-18,Özel,Eskişehir,AB+,+905334580340,2026-05-13 01:48:12
1547,81469714752,Murat Demir,E,1974-05-24,Özel,Ankara,AB-,+905335879589,2026-05-13 01:48:12
1548,47456017060,Didem Çetin,K,1996-03-23,SGK,Konya,AB-,+905302305822,2026-05-13 01:48:12
1549,16794907890,Kemal Avcı,E,1971-02-12,Özel,Antalya,A-,+905386244575,2026-05-13 01:48:12
1550,48967635378,Yusuf Güneş,E,1945-01-11,SGK,Eskişehir,O+,+905356973457,2026-05-13 01:48:12
1551,32883413394,Eda Polat,K,1934-03-20,SGK,Ankara,AB+,+905331122496,2026-05-13 01:48:12
1552,52749366350,Kadir Polat,E,1994-09-30,SGK,Mersin,A+,+905315496799,2026-05-13 01:48:12
1553,45658260826,Fatih Polat,E,1998-02-10,Özel,Eskişehir,O-,+905364980974,2026-05-13 01:48:12
1554,96691122398,Hüseyin Ertürk,E,1955-04-06,Özel,Antalya,B+,+905343791582,2026-05-13 01:48:12
1555,88925946528,Kemal Yalçın,E,1981-06-25,SGK,Antalya,B-,+905347334110,2026-05-13 01:48:12
1556,51181851370,Derya Koç,K,1976-02-07,SGK,Kayseri,AB-,+905381306860,2026-05-13 01:48:12
1557,91937684142,Hakan Turgut,E,1961-12-21,SGK,Adana,O+,+905372346727,2026-05-13 01:48:12
1558,58333540168,Mehmet Göktaş,E,1994-02-16,SGK,Gaziantep,A+,+905384473870,2026-05-13 01:48:12
1559,74770906718,Yasin Turan,E,1973-01-12,SGK,İzmir,AB-,+905377328641,2026-05-13 01:48:12
1560,26217204802,Gözde Turan,K,1973-10-23,SGK,Kayseri,AB+,+905381827548,2026-05-13 01:48:12
1561,13264564966,Seda Yıldız,K,1981-03-19,Özel,Gaziantep,A+,+905392397786,2026-05-13 01:48:12
1562,74909703492,Kadir Demir,E,2004-05-17,SGK,Kayseri,A+,+905398560292,2026-05-13 01:48:12
1563,23682967058,Batuhan Turgut,E,1985-03-14,Özel,Ankara,B-,+905355137309,2026-05-13 01:48:12
1564,70221690816,Kaan Kılıç,E,1975-11-08,SGK,İstanbul,B+,+905349630184,2026-05-13 01:48:12
1565,48439106566,Batuhan Erol,E,1961-11-27,Özel,Adana,AB-,+905319053365,2026-05-13 01:48:12
1566,61021401252,Seda Doğan,K,1953-02-06,SGK,Antalya,O-,+905316543511,2026-05-13 01:48:12
1567,81771703048,Kaan Taş,E,1991-09-25,Özel,Ankara,B+,+905306091294,2026-05-13 01:48:12
1568,26483895308,Aslı Bulut,K,1995-08-01,Özel,Mersin,O-,+905342934468,2026-05-13 01:48:12
1569,10643459776,İrem Acar,K,1969-01-14,SGK,Bursa,A+,+905318925877,2026-05-13 01:48:12
1570,77574510488,Burak Özdemir,E,1961-08-13,SGK,Eskişehir,O-,+905306091391,2026-05-13 01:48:12
1571,66054270752,Orhan Akın,E,1962-07-20,SGK,Konya,O+,+905356014641,2026-05-13 01:48:12
1572,89764754572,Kemal Aslan,E,1976-02-27,Özel,İzmir,B+,+905388649014,2026-05-13 01:48:12
1573,64039098414,Deniz Ertürk,E,1947-08-17,Özel,İstanbul,O+,+905357993789,2026-05-13 01:48:12
1574,48268709778,Onur Göktaş,E,1931-09-23,SGK,Konya,A+,+905377284497,2026-05-13 01:48:12
1575,47792711042,Fatma Erdoğan,K,1936-01-12,SGK,İzmir,O+,+905353066998,2026-05-13 01:48:12
1576,92432333054,Ali Tekin,E,1953-07-02,Özel,Adana,AB+,+905394855156,2026-05-13 01:48:12
1577,79430695216,Mert Demir,E,1993-08-11,SGK,İzmir,AB+,+905366421032,2026-05-13 01:48:12
1578,47006448856,Yasin Bulut,E,1990-09-11,SGK,Ankara,A-,+905355117278,2026-05-13 01:48:12
1579,64280537656,Ceren Güneş,K,1951-03-08,Özel,İstanbul,O-,+905356587170,2026-05-13 01:48:12
1580,12039221370,Pınar Gül,K,1930-09-10,Özel,Diyarbakır,AB-,+905302560784,2026-05-13 01:48:12
1581,38798728776,Sude Yalçın,K,2006-01-05,Özel,Diyarbakır,AB-,+905326196158,2026-05-13 01:48:12
1582,89644160356,Barış Alpaslan,E,2002-08-10,SGK,İstanbul,O-,+905389498639,2026-05-13 01:48:12
1583,12874512022,Eren Akın,E,2002-05-19,Özel,Eskişehir,O-,+905302380245,2026-05-13 01:48:12
1584,26487921010,Ezgi Koç,K,1951-10-19,SGK,Konya,AB-,+905363208016,2026-05-13 01:48:12
1585,79744203602,Kerem Kılıç,E,2008-11-20,Özel,Bursa,A+,+905344164842,2026-05-13 01:48:12
1586,93680601452,Fatma Öztürk,K,2004-01-17,Özel,Konya,A-,+905327733299,2026-05-13 01:48:12
1587,80150196730,Nil Kaplan,K,1962-09-09,Özel,Diyarbakır,B+,+905321464876,2026-05-13 01:48:12
1588,11828523336,Barış Aydın,E,1971-09-26,Özel,Diyarbakır,B-,+905305507241,2026-05-13 01:48:12
1589,25855116362,Nil Kılıç,K,1939-09-29,SGK,Diyarbakır,B+,+905315738261,2026-05-13 01:48:12
1590,51424873992,Duygu Polat,K,1978-03-08,SGK,Mersin,B-,+905352337621,2026-05-13 01:48:12
1591,87367724442,Murat Karakaya,E,1999-02-02,Özel,Diyarbakır,O-,+905356105317,2026-05-13 01:48:12
1592,67156438088,Kadir Erdoğan,E,1940-07-25,Özel,Adana,A+,+905304798268,2026-05-13 01:48:12
1593,70009409166,Deniz Turan,E,1978-09-09,Özel,Gaziantep,B+,+905339017533,2026-05-13 01:48:12
1594,32549203604,Mert Erdoğan,E,1953-04-16,SGK,Eskişehir,AB+,+905392418154,2026-05-13 01:48:12
1595,83117226426,Kaan Bahçeli,E,1951-09-05,SGK,Diyarbakır,A+,+905358064955,2026-05-13 01:48:12
1596,39335984778,Osman Koç,E,1955-02-23,Özel,Kayseri,AB-,+905395066077,2026-05-13 01:48:12
1597,25390226212,Melis Turan,K,1976-01-14,SGK,İstanbul,A+,+905366443321,2026-05-13 01:48:12
1598,19006476160,Kadir Karakaya,E,1939-12-06,SGK,Konya,O-,+905343443584,2026-05-13 01:48:12
1599,14231697946,Derya Özdemir,K,2006-10-05,SGK,Adana,B-,+905377101617,2026-05-13 01:48:12
1600,79045392548,Tuğba Karakaya,K,1992-08-01,SGK,Konya,B-,+905336609862,2026-05-13 01:48:12
1601,17345330242,Oğuz Öztürk,E,1946-12-07,Özel,İzmir,AB+,+905313998312,2026-05-13 01:48:12
1602,95372033596,Ayşe Karakaya,K,2023-10-22,Özel,Bursa,B+,+905303105767,2026-05-13 01:48:12
1603,25558709472,Mehmet Köse,E,1968-04-17,Özel,İzmir,AB+,+905343548215,2026-05-13 01:48:12
1604,29925512566,Cansu Göktaş,K,2006-09-08,SGK,Diyarbakır,A-,+905382264460,2026-05-13 01:48:12
1605,44941971548,Ayşe Korkmaz,K,1962-12-05,Özel,Ankara,O+,+905359324479,2026-05-13 01:48:12
1606,34630616256,Burak Ertürk,E,1957-06-04,SGK,Eskişehir,O+,+905387118380,2026-05-13 01:48:12
1607,17615042028,Büşra Yılmaz,K,1990-06-11,Özel,Antalya,O+,+905369404963,2026-05-13 01:48:12
1608,43608090134,Zeynep Özkan,K,2016-10-12,SGK,Eskişehir,B-,+905311839786,2026-05-13 01:48:12
1609,98189304620,Nil Çetin,K,1978-01-09,Özel,Ankara,O+,+905389774529,2026-05-13 01:48:12
1610,66905096562,Merve Çetin,K,1935-08-02,SGK,Gaziantep,O-,+905383689591,2026-05-13 01:48:12
1611,37208147282,Ahmet Turan,E,1976-01-27,Özel,Adana,A+,+905358046010,2026-05-13 01:48:12
1612,40697899990,Mehmet Erol,E,1970-01-03,Özel,Diyarbakır,B-,+905355765662,2026-05-13 01:48:12
1613,77490668850,Merve Özdemir,K,1975-11-05,SGK,Konya,A-,+905316664429,2026-05-13 01:48:12
1614,70595634324,Cansu Korkmaz,K,1957-08-29,SGK,Bursa,B+,+905308363445,2026-05-13 01:48:12
1615,95653377746,Recep Korkmaz,E,1959-06-02,Özel,Gaziantep,O-,+905332668018,2026-05-13 01:48:12
1616,71548720194,Selim Kılıç,E,2007-03-05,SGK,Antalya,AB-,+905355866606,2026-05-13 01:48:12
1617,18099839760,Kaan Kurt,E,1976-01-13,Özel,Konya,B+,+905389556412,2026-05-13 01:48:12
1618,40343830094,Elif Gül,K,2023-12-16,SGK,İzmir,AB+,+905336249110,2026-05-13 01:48:12
1619,27996546626,Turan Koç,E,1992-05-24,SGK,Ankara,O+,+905337026817,2026-05-13 01:48:12
1620,85600223028,Kaan Bahçeli,E,1999-04-25,Özel,Eskişehir,O-,+905357412950,2026-05-13 01:48:12
1621,25890418254,Burak Güneş,E,1944-05-07,Özel,Gaziantep,O+,+905352165173,2026-05-13 01:48:12
1622,33927884408,Orhan Alpaslan,E,1971-04-27,SGK,Bursa,O+,+905397402477,2026-05-13 01:48:12
1623,79584442070,Büşra Turan,K,1999-05-24,SGK,Adana,O+,+905383502745,2026-05-13 01:48:12
1624,47145031162,Okan Polat,E,1958-05-23,SGK,Kayseri,O+,+905327379687,2026-05-13 01:48:12
1625,49606104774,Selin Taş,K,1935-03-28,Özel,Ankara,B+,+905383082730,2026-05-13 01:48:12
1626,57688341024,Sinem Bahçeli,K,2005-12-21,SGK,Ankara,A-,+905314321958,2026-05-13 01:48:12
1627,61325179048,Murat Yılmaz,E,1994-04-24,Özel,Gaziantep,A+,+905387059233,2026-05-13 01:48:12
1628,24878310306,Tolga Polat,E,1996-10-26,SGK,Konya,B+,+905346279831,2026-05-13 01:48:12
1629,50740337492,Derya Turan,K,1991-09-26,SGK,Bursa,A-,+905304853231,2026-05-13 01:48:12
1630,22641060304,Şeyma Kurt,K,1993-11-15,Özel,Eskişehir,A+,+905332096686,2026-05-13 01:48:12
1631,20108965438,Gamze Öztürk,K,1987-02-19,Özel,Gaziantep,A+,+905354789292,2026-05-13 01:48:12
1632,57486794886,Ayşe Aslan,K,1969-06-22,Özel,Diyarbakır,AB+,+905399704445,2026-05-13 01:48:12
1633,46100770184,Serkan Yılmaz,E,1966-01-20,SGK,Diyarbakır,AB+,+905376254601,2026-05-13 01:48:12
1634,91117196038,Ali Avcı,E,1951-07-03,Özel,Ankara,AB+,+905303855837,2026-05-13 01:48:12
1635,69674333876,Merve Korkmaz,K,1994-05-20,SGK,İzmir,B-,+905357275108,2026-05-13 01:48:12
1636,45300499970,Ayşe Doğan,K,1995-11-17,Özel,Eskişehir,A-,+905337474609,2026-05-13 01:48:12
1637,83946248712,Esra Kaplan,K,1986-02-02,Özel,Mersin,O+,+905386855180,2026-05-13 01:48:12
1638,86871413446,Tarkan Bahçeli,E,1965-03-11,Özel,Konya,A+,+905377551786,2026-05-13 01:48:12
1639,91735792148,Batuhan Güneş,E,1956-10-27,SGK,İstanbul,O+,+905326687496,2026-05-13 01:48:12
1640,56398970142,Berna Gül,K,1938-06-27,SGK,Konya,A+,+905357050186,2026-05-13 01:48:12
1641,81866925522,Volkan Aydın,E,2006-11-27,SGK,Gaziantep,A+,+905303913104,2026-05-13 01:48:12
1642,11561619730,İbrahim Alpaslan,E,2000-01-05,SGK,Ankara,B+,+905399628019,2026-05-13 01:48:12
1643,98238469942,Ahmet Aslan,E,2008-10-18,SGK,Bursa,B-,+905373145079,2026-05-13 01:48:12
1644,91773655610,Volkan Özdemir,E,2022-03-10,SGK,Mersin,B+,+905319897063,2026-05-13 01:48:12
1645,28641761364,Onur Doğan,E,1956-02-06,SGK,Ankara,O+,+905365392248,2026-05-13 01:48:12
1646,69916764086,Nil Çelik,K,1956-01-19,SGK,Eskişehir,B-,+905392136149,2026-05-13 01:48:12
1647,36712693704,Büşra Erol,K,1970-06-29,Özel,İzmir,B+,+905396383442,2026-05-13 01:48:12
1648,54484368620,Tarkan Tekin,E,1963-03-16,SGK,Bursa,B-,+905316186009,2026-05-13 01:48:12
1649,90587715596,Berna Demir,K,1970-06-03,Özel,Eskişehir,B+,+905307520573,2026-05-13 01:48:12
1650,35912046358,Şeyma Aslan,K,1986-10-15,SGK,Gaziantep,A+,+905327657819,2026-05-13 01:48:12
1651,94180295592,Can Arslan,E,1971-07-28,SGK,Bursa,O-,+905378858567,2026-05-13 01:48:12
1652,65192474176,Müge Yalçın,K,2010-06-03,SGK,Konya,A+,+905337568507,2026-05-13 01:48:12
1653,77611258434,Fatma Korkmaz,K,1985-01-28,Özel,İstanbul,A+,+905331513872,2026-05-13 01:48:12
1654,92924828778,Esra Şahin,K,2003-03-19,SGK,Kayseri,B-,+905308913866,2026-05-13 01:48:12
1655,75485220700,Gökhan Yıldız,E,2005-07-02,SGK,Mersin,AB+,+905371377584,2026-05-13 01:48:12
1656,72796365106,Berna Göktaş,K,1997-11-14,SGK,Kayseri,A+,+905352533008,2026-05-13 01:48:12
1657,91948422672,Merve Şahin,K,1953-05-25,SGK,Bursa,O+,+905301215837,2026-05-13 01:48:12
1658,45028303498,Büşra Aydın,K,1961-06-20,SGK,Konya,AB-,+905344313355,2026-05-13 01:48:12
1659,38091663118,Uğur Karakaya,E,1961-10-07,Özel,Mersin,O-,+905397467733,2026-05-13 01:48:12
1660,14544106128,Okan Doğan,E,1981-07-20,Özel,İstanbul,AB+,+905371071876,2026-05-13 01:48:12
1661,25176429646,Rüya Demir,K,1954-08-23,SGK,Adana,A-,+905303174225,2026-05-13 01:48:12
1662,19699613194,Aslı Arslan,K,2002-05-17,SGK,İzmir,B-,+905357249141,2026-05-13 01:48:12
1663,68837743590,Enes Aslan,E,1937-04-14,Özel,Gaziantep,B+,+905349337336,2026-05-13 01:48:12
1664,11115255810,Kadir Güneş,E,1964-02-11,Özel,Eskişehir,B+,+905378471253,2026-05-13 01:48:12
1665,84890304578,Oğuz Akın,E,1942-08-28,SGK,Ankara,O+,+905308900187,2026-05-13 01:48:12
1666,45545920598,Büşra Kaya,K,1978-07-30,Özel,Antalya,O-,+905368431546,2026-05-13 01:48:12
1667,89830457666,Kemal Çelik,E,1946-01-05,SGK,Ankara,O+,+905352746171,2026-05-13 01:48:12
1668,80152213350,Özge Karakaya,K,1973-07-13,Özel,İstanbul,B-,+905362019851,2026-05-13 01:48:12
1669,38989930728,Hande Göktaş,K,2005-03-15,Özel,Diyarbakır,B+,+905339039044,2026-05-13 01:48:12
1670,13387885238,Kaan Gül,E,1966-06-19,Özel,Gaziantep,A-,+905389591642,2026-05-13 01:48:12
1671,73090073728,Barış Polat,E,1970-07-20,Özel,Adana,AB-,+905395986002,2026-05-13 01:48:12
1672,20769262600,Cansu Koç,K,1960-11-19,Özel,Adana,O-,+905344896669,2026-05-13 01:48:12
1673,53598398516,Mert Demir,E,1939-05-16,Özel,Konya,O+,+905391909160,2026-05-13 01:48:12
1674,47568167868,Hazal Ertürk,K,2001-12-08,SGK,Eskişehir,B-,+905309200798,2026-05-13 01:48:12
1675,86135007886,Elif Polat,K,1977-07-19,Özel,Bursa,B-,+905323493299,2026-05-13 01:48:12
1676,46999528552,Aslı Öztürk,K,1989-02-07,Özel,İzmir,O+,+905332459590,2026-05-13 01:48:12
1677,45514972412,Emre Polat,E,1989-02-06,Özel,Bursa,AB+,+905323146794,2026-05-13 01:48:12
1678,79509355508,Zeynep Kurt,K,1994-04-22,SGK,İstanbul,O+,+905321616526,2026-05-13 01:48:12
1679,46445947654,Berna Göktaş,K,2003-03-20,SGK,Kayseri,A-,+905385182250,2026-05-13 01:48:12
1680,60761222882,Aslı Tekin,K,1969-05-15,Özel,Gaziantep,AB+,+905307118277,2026-05-13 01:48:12
1681,40455559524,Rüya Korkmaz,K,2013-01-25,Özel,İstanbul,O-,+905358192458,2026-05-13 01:48:12
1682,53327639996,Pınar Taş,K,2013-04-25,Özel,İzmir,B-,+905309716578,2026-05-13 01:48:12
1683,12220975570,Fatma Acar,K,1978-03-21,SGK,Gaziantep,O-,+905371622874,2026-05-13 01:48:12
1684,30039344950,Kaan Kaplan,E,2012-07-11,SGK,Ankara,O+,+905373744581,2026-05-13 01:48:12
1685,43919296980,Enes Çelik,E,2007-11-23,SGK,Konya,A-,+905331417593,2026-05-13 01:48:12
1686,18228377446,Onur Şahin,E,2006-12-04,SGK,Konya,O-,+905346438342,2026-05-13 01:48:12
1687,42280126926,Fatih Gül,E,1961-12-15,Özel,Eskişehir,O+,+905347978604,2026-05-13 01:48:12
1688,86096064706,Büşra Koç,K,1999-11-20,Özel,Konya,B-,+905327069781,2026-05-13 01:48:12
1689,88840709420,Berna Turan,K,1974-09-17,SGK,Gaziantep,A-,+905371886805,2026-05-13 01:48:12
1690,52680928280,Fatma Erol,K,1939-04-08,SGK,Ankara,O-,+905365314387,2026-05-13 01:48:12
1691,81860566820,Kaan Çelik,E,1965-01-30,Özel,Gaziantep,AB+,+905317734698,2026-05-13 01:48:12
1692,89831242872,Zeynep Bahçeli,K,1982-11-04,SGK,Gaziantep,A+,+905342395962,2026-05-13 01:48:12
1693,58087017084,Tarkan Turgut,E,1965-05-28,SGK,Ankara,AB-,+905369152030,2026-05-13 01:48:12
1694,20740433654,Sinan Polat,E,1941-11-04,Özel,Konya,B+,+905377363717,2026-05-13 01:48:12
1695,61109007048,Merve Aslan,K,1944-08-02,SGK,Eskişehir,B+,+905351471054,2026-05-13 01:48:12
1696,64972392068,Eda Bahçeli,K,2020-06-30,Özel,Diyarbakır,O-,+905377114865,2026-05-13 01:48:12
1697,75974425272,Duygu Yıldız,K,1968-05-30,SGK,Kayseri,B+,+905395327097,2026-05-13 01:48:12
1698,51537405134,Merve Gül,K,1954-01-11,Özel,Konya,O+,+905374854891,2026-05-13 01:48:12
1699,26085571778,Funda Erol,K,2006-11-10,SGK,Diyarbakır,O+,+905386004218,2026-05-13 01:48:12
1700,18035862418,Bahar Yalçın,K,1968-11-12,SGK,Adana,AB-,+905375286441,2026-05-13 01:48:12
1701,55352791120,Sude Kaya,K,1957-05-24,Özel,Antalya,A-,+905309691909,2026-05-13 01:48:12
1702,95932135906,Hande Ertürk,K,1973-06-07,SGK,Kayseri,O-,+905331877705,2026-05-13 01:48:12
1703,12264259742,Pınar Yılmaz,K,1986-05-09,Özel,Adana,B+,+905356568060,2026-05-13 01:48:12
1704,24749847498,Tarkan Bahçeli,E,1981-02-13,Özel,Konya,A-,+905395159182,2026-05-13 01:48:12
1705,24617275880,Melis Kaya,K,2017-11-18,Özel,Gaziantep,O-,+905324035488,2026-05-13 01:48:12
1706,97754458492,Sevgi Erol,K,1935-12-15,SGK,Adana,A+,+905314952714,2026-05-13 01:48:12
1707,70596275168,Selim Doğan,E,1942-01-27,SGK,Bursa,A+,+905347322945,2026-05-13 01:48:12
1708,54793656128,Cem Çetin,E,1957-11-10,SGK,İzmir,B+,+905367745496,2026-05-13 01:48:12
1709,75948053180,Serkan Demir,E,1985-05-17,SGK,Kayseri,AB+,+905328541537,2026-05-13 01:48:12
1710,82718624402,Fatih Doğan,E,1962-11-15,SGK,Ankara,A-,+905364155006,2026-05-13 01:48:12
1711,17828780618,Hakan Erol,E,1979-05-23,Özel,Diyarbakır,AB-,+905346816943,2026-05-13 01:48:12
1712,75418028892,Tuğba Korkmaz,K,2004-04-05,Özel,Eskişehir,O+,+905329779711,2026-05-13 01:48:12
1713,56998428876,Eren Uysal,E,1937-08-14,SGK,İstanbul,AB-,+905348533096,2026-05-13 01:48:12
1714,42988712360,Okan Akın,E,1961-05-05,Özel,Gaziantep,O+,+905338257668,2026-05-13 01:48:12
1715,96268527274,Gökhan Turan,E,1966-11-02,Özel,İzmir,A+,+905305080234,2026-05-13 01:48:12
1716,57106283394,Rüya Yıldız,K,1996-06-22,Özel,Bursa,AB-,+905359058745,2026-05-13 01:48:12
1717,87004535844,Can Aydın,E,1971-09-16,SGK,İzmir,O-,+905332021659,2026-05-13 01:48:12
1718,67042402544,Emre Turgut,E,1998-10-16,Özel,Diyarbakır,O-,+905384740173,2026-05-13 01:48:12
1719,26788159624,Deniz Kaplan,E,1962-12-19,Özel,Bursa,O+,+905368721457,2026-05-13 01:48:12
1720,54846733202,Sinem Yılmaz,K,1971-04-08,Özel,Mersin,AB-,+905325755056,2026-05-13 01:48:12
1721,16239459908,Hazal Demir,K,1982-02-21,Özel,İstanbul,O-,+905365606803,2026-05-13 01:48:12
1722,63012033930,Enes Taş,E,1968-03-14,Özel,Konya,A-,+905339465020,2026-05-13 01:48:12
1723,45689058140,Orhan Yıldız,E,2026-03-15,Özel,Bursa,O-,+905354665145,2026-05-13 01:48:12
1724,80277287168,Eren Gül,E,1930-10-31,Özel,Kayseri,AB-,+905358239257,2026-05-13 01:48:12
1725,69599550570,Ebru Köse,K,2000-05-26,Özel,Diyarbakır,A-,+905363248209,2026-05-13 01:48:12
1726,64183952570,Murat Ertürk,E,1997-03-01,SGK,Kayseri,B+,+905308602276,2026-05-13 01:48:12
1727,29214574442,Derya Kaplan,K,2007-01-30,Özel,Konya,O+,+905303273417,2026-05-13 01:48:12
1728,98240353284,Pelin Demir,K,1988-02-17,SGK,İstanbul,B+,+905345793768,2026-05-13 01:48:12
1729,19412180590,Tuğba Kurt,K,1969-02-18,SGK,Diyarbakır,AB-,+905359022784,2026-05-13 01:48:12
1730,51232546064,Deniz Turan,E,2024-03-16,Özel,Eskişehir,B-,+905336076862,2026-05-13 01:48:12
1731,43996276882,Melis Göktaş,K,1984-09-03,SGK,İzmir,A-,+905335871333,2026-05-13 01:48:12
1732,23813014934,Mehmet Kılıç,E,1943-04-27,SGK,Diyarbakır,A+,+905329818817,2026-05-13 01:48:12
1733,62319199066,Gözde Özkan,K,1987-06-05,SGK,Antalya,O+,+905334224468,2026-05-13 01:48:12
1734,46670417106,Gökhan Bahçeli,E,2019-05-26,Özel,Diyarbakır,A-,+905382547559,2026-05-13 01:48:12
1735,11332034434,Didem Arslan,K,1977-04-29,Özel,Adana,O-,+905372285355,2026-05-13 01:48:12
1736,85257231698,Eda Köse,K,1954-03-14,SGK,Bursa,O-,+905361437843,2026-05-13 01:48:12
1737,80399630682,Fatih Arslan,E,1976-05-02,Özel,Diyarbakır,AB+,+905306794346,2026-05-13 01:48:12
1738,42337007130,Gamze Taş,K,1979-08-20,SGK,Diyarbakır,O-,+905301443388,2026-05-13 01:48:12
1739,73323430656,Eda Turgut,K,1990-09-05,SGK,Eskişehir,B-,+905345786777,2026-05-13 01:48:12
1740,19722858226,Serkan Bulut,E,1972-11-22,SGK,Antalya,A-,+905346973875,2026-05-13 01:48:12
1741,13482367868,Barış Tekin,E,1983-08-07,SGK,Gaziantep,B-,+905374279141,2026-05-13 01:48:12
1742,14364758446,Orhan Demir,E,1961-12-24,Özel,Eskişehir,O-,+905388226409,2026-05-13 01:48:12
1743,81206317536,Mert Yıldız,E,2002-07-24,SGK,Gaziantep,A+,+905379066248,2026-05-13 01:48:12
1744,50811441554,Ebru Ertürk,K,1973-03-17,SGK,Eskişehir,O+,+905344593275,2026-05-13 01:48:12
1745,71146036154,Onur Erol,E,2020-10-21,Özel,Antalya,AB-,+905306584255,2026-05-13 01:48:12
1746,36836843764,Ebru Özdemir,K,1982-04-30,Özel,Kayseri,AB+,+905335866530,2026-05-13 01:48:12
1747,66600301114,Duygu Karakaya,K,1976-06-18,SGK,Konya,B+,+905323553286,2026-05-13 01:48:12
1748,52173683870,Sevgi Turan,K,1965-04-15,SGK,Kayseri,O-,+905396449979,2026-05-13 01:48:12
1749,26508113646,Volkan Demir,E,1935-01-02,Özel,Adana,AB+,+905305035727,2026-05-13 01:48:12
1750,10627959582,Sinan Polat,E,1956-12-08,Özel,Adana,AB+,+905326962613,2026-05-13 01:48:12
1751,52175627544,Seda Bulut,K,2008-05-07,Özel,Eskişehir,A-,+905317960967,2026-05-13 01:48:12
1752,89459235140,Cem Özkan,E,1938-01-25,Özel,İzmir,O+,+905384824416,2026-05-13 01:48:12
1753,11707812940,Merve Şahin,K,1997-09-26,SGK,Eskişehir,B-,+905362256482,2026-05-13 01:48:12
1754,94142355272,Seda Özkan,K,1931-08-10,Özel,Konya,B+,+905334578033,2026-05-13 01:48:12
1755,91302656484,Gamze Köse,K,1967-09-15,SGK,Antalya,B+,+905312388945,2026-05-13 01:48:12
1756,51079116178,Didem Çetin,K,2014-01-02,SGK,Eskişehir,A-,+905347405955,2026-05-13 01:48:12
1757,85424738876,Fatih Karakaya,E,1935-11-23,Özel,Konya,O-,+905325046252,2026-05-13 01:48:12
1758,17881253296,İrem Yılmaz,K,2005-02-22,SGK,Mersin,B+,+905311516641,2026-05-13 01:48:12
1759,19666028648,Melis Karakaya,K,1967-01-30,Özel,Diyarbakır,AB-,+905384607231,2026-05-13 01:48:12
1760,78210037086,Onur Özkan,E,1936-07-14,Özel,İstanbul,B-,+905308499717,2026-05-13 01:48:12
1761,76932070992,Osman Ertürk,E,1931-08-24,SGK,Mersin,AB+,+905335579549,2026-05-13 01:48:12
1762,97629650778,Müge Özkan,K,1938-12-28,SGK,Antalya,O-,+905357626456,2026-05-13 01:48:12
1763,64198281740,Melis Gül,K,1951-09-01,SGK,İstanbul,A+,+905376872444,2026-05-13 01:48:12
1764,30262693078,Duygu Aydın,K,1995-06-09,Özel,İzmir,AB-,+905346793395,2026-05-13 01:48:12
1765,17406351636,Okan Yılmaz,E,1985-06-16,Özel,Konya,O+,+905325559425,2026-05-13 01:48:12
1766,68379900574,Selin Aydın,K,1932-01-27,SGK,Diyarbakır,B-,+905367848369,2026-05-13 01:48:12
1767,43422856206,Turan Acar,E,1935-08-21,Özel,İzmir,B-,+905338807328,2026-05-13 01:48:12
1768,41033700840,Burak Bulut,E,1981-03-02,Özel,İstanbul,B-,+905335210801,2026-05-13 01:48:12
1769,43318838446,Cem Çelik,E,1970-04-01,SGK,Kayseri,O-,+905327040592,2026-05-13 01:48:12
1770,81985176904,İrem Yıldız,K,1973-05-05,Özel,Antalya,AB-,+905365962572,2026-05-13 01:48:12
1771,67837926446,Fatma Kaplan,K,2020-02-29,Özel,Kayseri,O+,+905374325563,2026-05-13 01:48:12
1772,98390397930,Volkan Aydın,E,1945-06-01,SGK,Kayseri,B-,+905384652279,2026-05-13 01:48:12
1773,31985965534,Ayşe Öztürk,K,1938-05-29,Özel,Antalya,A+,+905303143570,2026-05-13 01:48:12
1774,70673476730,Hande Çetin,K,2016-07-27,SGK,Gaziantep,B-,+905399923671,2026-05-13 01:48:12
1775,13852427642,Şeyma Akın,K,2004-11-28,Özel,Bursa,O-,+905357718285,2026-05-13 01:48:12
1776,49949594058,Barış Tekin,E,1996-11-30,Özel,Antalya,O+,+905347958486,2026-05-13 01:48:12
1777,18730021080,Mustafa Turan,E,1966-09-17,SGK,Kayseri,O+,+905337378184,2026-05-13 01:48:12
1778,83223487490,Kerem Erdoğan,E,1971-04-11,SGK,İstanbul,A-,+905367567222,2026-05-13 01:48:12
1779,58866073294,Kadir Yılmaz,E,1980-09-26,Özel,Kayseri,O-,+905384316893,2026-05-13 01:48:12
1780,86090937136,Bahar Akın,K,1950-05-17,Özel,İstanbul,AB+,+905352802583,2026-05-13 01:48:12
1781,76944733878,Esra Koç,K,1973-04-14,Özel,Mersin,A+,+905353193922,2026-05-13 01:48:12
1782,28378477118,Hande Korkmaz,K,1960-08-10,SGK,Konya,AB+,+905384965957,2026-05-13 01:48:12
1783,78593806286,Ebru Şahin,K,1989-02-26,Özel,Mersin,O+,+905331756296,2026-05-13 01:48:12
1784,53435486918,Sinem Kılıç,K,2005-02-07,SGK,Gaziantep,A+,+905316967140,2026-05-13 01:48:12
1785,98035469442,Zeynep Yılmaz,K,1989-12-11,Özel,Bursa,O-,+905391983115,2026-05-13 01:48:12
1786,86911612228,Hazal Koç,K,1998-04-21,Özel,Eskişehir,AB-,+905337795786,2026-05-13 01:48:12
1787,10415893326,Nil Göktaş,K,2003-08-09,SGK,İstanbul,A-,+905367729218,2026-05-13 01:48:12
1788,12957380128,Derya Yılmaz,K,1932-04-28,Özel,Adana,AB-,+905314093038,2026-05-13 01:48:12
1789,68061949980,Orhan Akın,E,1957-02-05,Özel,İstanbul,AB-,+905367269263,2026-05-13 01:48:12
1790,49687186706,Barış Kaplan,E,2025-08-12,SGK,Diyarbakır,B+,+905306220882,2026-05-13 01:48:12
1791,17196129354,Enes Güneş,E,2004-04-05,SGK,Diyarbakır,AB-,+905335688368,2026-05-13 01:48:12
1792,50037177572,Ali Karakaya,E,1978-10-29,Özel,Adana,A+,+905328532396,2026-05-13 01:48:12
1793,36203069582,Elif Göktaş,K,1946-12-03,SGK,İzmir,A-,+905372565354,2026-05-13 01:48:12
1794,91123993300,Eda Göktaş,K,2015-11-13,SGK,Konya,B+,+905399522296,2026-05-13 01:48:12
1795,24596889146,Fatma Yıldız,K,1931-07-20,SGK,Diyarbakır,O+,+905362807534,2026-05-13 01:48:12
1796,62112036056,Ebru Demir,K,1977-12-24,Özel,Adana,AB+,+905311223625,2026-05-13 01:48:12
1797,81408346914,Orhan Göktaş,E,1999-07-29,Özel,Gaziantep,A+,+905351500583,2026-05-13 01:48:12
1798,84566983908,Onur Aydın,E,1960-11-16,SGK,Konya,AB+,+905391681517,2026-05-13 01:48:12
1799,39049577600,Merve Özkan,K,2001-06-02,Özel,Konya,O+,+905385826046,2026-05-13 01:48:12
1800,40164728686,Kadir Korkmaz,E,1998-06-04,SGK,Antalya,A+,+905369703225,2026-05-13 01:48:12
1801,86116628604,Büşra Taş,K,1966-02-05,Özel,İzmir,AB+,+905349759273,2026-05-13 01:48:12
1802,26562774098,Melis Şahin,K,1996-09-01,Özel,Ankara,B+,+905324460833,2026-05-13 01:48:12
1803,45256008516,Cem Kaya,E,1973-06-30,SGK,Ankara,O-,+905347551149,2026-05-13 01:48:12
1804,62053531320,Batuhan Aslan,E,1973-12-25,SGK,İstanbul,AB-,+905357940883,2026-05-13 01:48:12
1805,32109129412,Fatma Öztürk,K,1932-01-19,Özel,Eskişehir,A-,+905315650035,2026-05-13 01:48:12
1806,93437798268,Orhan Köse,E,1981-04-20,SGK,Ankara,O+,+905322621834,2026-05-13 01:48:12
1807,89981810082,İbrahim Doğan,E,1941-10-29,Özel,İzmir,O+,+905326213222,2026-05-13 01:48:12
1808,73558774556,Özge Uysal,K,1947-01-25,SGK,Mersin,B+,+905349426669,2026-05-13 01:48:12
1809,54225351164,Fatma Arslan,K,1943-06-01,Özel,Mersin,A+,+905384130061,2026-05-13 01:48:12
1810,65388287276,Okan Özdemir,E,2017-09-30,Özel,Gaziantep,O+,+905368932521,2026-05-13 01:48:12
1811,98745871290,Orhan Aydın,E,2010-12-05,Özel,Kayseri,B-,+905332212241,2026-05-13 01:48:12
1812,25262107410,Sinem Çelik,K,1988-01-03,SGK,İstanbul,A-,+905344688768,2026-05-13 01:48:12
1813,55299645746,Merve Koç,K,2002-01-24,Özel,Ankara,A-,+905319033348,2026-05-13 01:48:12
1814,59729697060,Oğuz Öztürk,E,2025-01-28,Özel,Adana,AB+,+905344796459,2026-05-13 01:48:12
1815,96188817806,Pınar Korkmaz,K,1968-03-08,Özel,Diyarbakır,B+,+905317146434,2026-05-13 01:48:12
1816,73827490392,Sude Polat,K,2003-02-18,Özel,Diyarbakır,AB-,+905324843857,2026-05-13 01:48:12
1817,57314836894,Gökhan Yılmaz,E,1975-09-15,SGK,İstanbul,O-,+905375292254,2026-05-13 01:48:12
1818,75600762238,Mert Erdoğan,E,1943-02-24,SGK,Kayseri,B+,+905314036431,2026-05-13 01:48:12
1819,92784726498,Yasin Tekin,E,1983-07-12,Özel,İstanbul,AB+,+905334314529,2026-05-13 01:48:12
1820,16660485354,Seda Kılıç,K,2020-01-05,SGK,Antalya,AB+,+905344449126,2026-05-13 01:48:12
1821,75124210642,Osman Özkan,E,1975-08-02,Özel,Eskişehir,A+,+905318949711,2026-05-13 01:48:12
1822,91165955854,Tolga Özdemir,E,1937-11-04,SGK,İzmir,A-,+905395328672,2026-05-13 01:48:12
1823,23636597270,Seda Çelik,K,1975-10-08,Özel,Konya,O-,+905389260612,2026-05-13 01:48:12
1824,71341749118,Batuhan Turgut,E,1982-08-03,Özel,İzmir,O+,+905305995921,2026-05-13 01:48:12
1825,17615001124,Can Çelik,E,2022-11-24,Özel,İstanbul,AB+,+905349819611,2026-05-13 01:48:12
1826,57921499062,Can Tekin,E,2009-10-24,SGK,Adana,O-,+905317450393,2026-05-13 01:48:12
1827,25738067996,Sinem Karakaya,K,1947-09-20,SGK,Konya,B+,+905337494535,2026-05-13 01:48:12
1828,33726432022,Selin Şahin,K,1964-10-27,Özel,İzmir,AB+,+905398362374,2026-05-13 01:48:12
1829,67932770180,Elif Güneş,K,1997-12-07,SGK,Konya,O-,+905392608514,2026-05-13 01:48:12
1830,78568888682,Onur Yılmaz,E,1958-08-19,Özel,Bursa,AB-,+905358957144,2026-05-13 01:48:12
1831,43644702640,Sevgi Kurt,K,1992-10-23,Özel,Antalya,O+,+905378118523,2026-05-13 01:48:12
1832,76949471546,Özge Avcı,K,1970-01-11,SGK,Adana,AB-,+905348438219,2026-05-13 01:48:12
1833,63772908462,Volkan Demir,E,1966-08-19,Özel,Antalya,B-,+905397683435,2026-05-13 01:48:12
1834,85480780550,Ayşe Öztürk,K,2002-02-01,SGK,Gaziantep,B-,+905387239001,2026-05-13 01:48:12
1835,74804073744,Okan Tekin,E,2000-03-30,SGK,Eskişehir,O+,+905351021943,2026-05-13 01:48:12
1836,61026583854,Volkan Demir,E,1971-10-05,Özel,Adana,O+,+905334390524,2026-05-13 01:48:12
1837,76033273988,Hande Koç,K,1982-03-17,SGK,İstanbul,AB+,+905353460153,2026-05-13 01:48:12
1838,37607819506,İbrahim Demir,E,1998-08-22,SGK,Konya,O-,+905348742414,2026-05-13 01:48:12
1839,71443575400,Okan Demir,E,1974-08-17,Özel,Antalya,A+,+905394529481,2026-05-13 01:48:12
1840,37068756754,Onur Şahin,E,2023-06-23,SGK,İzmir,B+,+905383009073,2026-05-13 01:48:12
1841,22377459908,Elif Doğan,K,1980-06-03,Özel,Bursa,O-,+905314474585,2026-05-13 01:48:12
1842,90791065142,Aslı Bulut,K,1933-10-07,Özel,Konya,A+,+905341685000,2026-05-13 01:48:12
1843,88483034828,Orhan Özkan,E,1948-09-19,SGK,Antalya,AB+,+905338262177,2026-05-13 01:48:12
1844,37280903158,Berna Uysal,K,1942-08-28,SGK,Adana,B-,+905337542448,2026-05-13 01:48:12
1845,69844408878,Müge Çetin,K,1961-12-03,SGK,İstanbul,B-,+905394617370,2026-05-13 01:48:12
1846,70526990154,Serkan Güneş,E,1985-01-28,Özel,Diyarbakır,O+,+905303186550,2026-05-13 01:48:12
1847,33565403054,Oğuz Demir,E,1969-07-14,SGK,Adana,A+,+905316926041,2026-05-13 01:48:12
1848,11295318572,Sude Kılıç,K,2017-03-09,SGK,Kayseri,B+,+905332315100,2026-05-13 01:48:12
1849,14810930556,Özge Aydın,K,1998-05-17,Özel,Mersin,AB-,+905374649288,2026-05-13 01:48:12
1850,49824553842,Sinem Avcı,K,1949-03-31,SGK,Konya,B+,+905383630903,2026-05-13 01:48:12
1851,39518525514,Uğur Koç,E,1968-10-11,Özel,Kayseri,A-,+905389823952,2026-05-13 01:48:12
1852,40819695462,Sevgi Şahin,K,1991-09-24,SGK,Kayseri,AB-,+905362733322,2026-05-13 01:48:12
1853,59150892492,Nil Turgut,K,1999-04-23,Özel,İstanbul,O-,+905336577353,2026-05-13 01:48:12
1854,45588108212,Ebru Korkmaz,K,1975-10-02,Özel,Konya,O-,+905356033585,2026-05-13 01:48:12
1855,35412387272,Bahar Güneş,K,1936-07-17,SGK,Diyarbakır,O-,+905339095468,2026-05-13 01:48:12
1856,55594849672,Turan Aslan,E,1982-03-20,Özel,İzmir,B-,+905368153327,2026-05-13 01:48:12
1857,35593502754,Müge Alpaslan,K,1981-06-28,SGK,Adana,A-,+905307301591,2026-05-13 01:48:12
1858,86531451306,Turan Bahçeli,E,1992-06-21,Özel,Antalya,AB+,+905301937547,2026-05-13 01:48:12
1859,55595562136,Rüya Öztürk,K,1972-06-08,Özel,Antalya,O-,+905334414789,2026-05-13 01:48:12
1860,99504910816,Nil Aslan,K,1968-04-17,SGK,Ankara,O-,+905344370929,2026-05-13 01:48:12
1861,95219793386,Duygu Turan,K,1978-04-20,SGK,Ankara,O+,+905395069646,2026-05-13 01:48:12
1862,15583911148,Ayşe Akın,K,1984-02-15,SGK,Gaziantep,AB+,+905303713939,2026-05-13 01:48:12
1863,43963790236,Tarkan Çelik,E,1938-06-06,SGK,Mersin,B+,+905338508579,2026-05-13 01:48:12
1864,57816766354,Osman Özkan,E,1982-03-05,SGK,Adana,A-,+905304902139,2026-05-13 01:48:12
1865,74742644020,Gizem Gül,K,1991-02-04,Özel,Diyarbakır,O+,+905329303123,2026-05-13 01:48:12
1866,68187744926,Gökhan Taş,E,1980-10-27,Özel,Kayseri,A-,+905388480359,2026-05-13 01:48:12
1867,49953155696,Funda Uysal,K,1970-03-01,Özel,İstanbul,B+,+905335683338,2026-05-13 01:48:12
1868,74966681108,Enes Karakaya,E,1973-02-09,Özel,Bursa,B+,+905323447696,2026-05-13 01:48:12
1869,32037337828,Rüya Köse,K,1958-10-28,Özel,Mersin,O+,+905314418401,2026-05-13 01:48:12
1870,88304559608,Özge Arslan,K,1960-11-28,Özel,Kayseri,AB-,+905377700727,2026-05-13 01:48:12
1871,15512676452,Rüya Yılmaz,K,1970-12-30,Özel,Bursa,B+,+905337949644,2026-05-13 01:48:12
1872,24653442000,Batuhan Tekin,E,2022-03-30,Özel,Konya,AB+,+905388235908,2026-05-13 01:48:12
1873,13519198502,Batuhan Aydın,E,1969-05-02,SGK,Antalya,A-,+905357859329,2026-05-13 01:48:12
1874,60814322972,Eren Turgut,E,1960-09-12,SGK,Eskişehir,B-,+905367891352,2026-05-13 01:48:12
1875,52338106008,Sevgi Aslan,K,1936-08-28,SGK,Eskişehir,O-,+905392298896,2026-05-13 01:48:12
1876,39184574922,Batuhan Bahçeli,E,1946-11-10,Özel,Antalya,B+,+905391351140,2026-05-13 01:48:12
1877,71143583002,Burak Korkmaz,E,2007-06-27,SGK,Eskişehir,AB-,+905379038549,2026-05-13 01:48:12
1878,20922168954,Ali Acar,E,1980-02-01,SGK,Adana,O-,+905372849370,2026-05-13 01:48:12
1879,41927431270,Ali Kurt,E,1976-11-15,SGK,İzmir,B-,+905361725375,2026-05-13 01:48:12
1880,65806247592,Merve Tekin,K,2003-10-11,Özel,İstanbul,B-,+905373329447,2026-05-13 01:48:12
1881,85100568766,Eda Bahçeli,K,2025-12-01,SGK,Ankara,B+,+905372275325,2026-05-13 01:48:12
1882,42353933024,Tolga Polat,E,1978-12-26,SGK,Eskişehir,AB-,+905385729096,2026-05-13 01:48:12
1883,17943218386,Duygu Turan,K,2018-02-12,Özel,Gaziantep,AB-,+905365447081,2026-05-13 01:48:12
1884,30411548860,Barış Demir,E,2016-03-24,Özel,Bursa,AB+,+905304713763,2026-05-13 01:48:12
1885,73305754374,Esra Yıldız,K,1963-04-17,Özel,Ankara,O+,+905305727959,2026-05-13 01:48:12
1886,12170470170,Gökhan Avcı,E,1949-05-18,SGK,Mersin,B-,+905393845700,2026-05-13 01:48:12
1887,95681769742,Merve Avcı,K,1978-07-09,SGK,Eskişehir,B-,+905319280909,2026-05-13 01:48:12
1888,65916983366,Mustafa Aslan,E,1987-09-07,Özel,Gaziantep,AB+,+905394554795,2026-05-13 01:48:12
1889,54065452540,Osman Taş,E,1960-11-06,Özel,Kayseri,O-,+905371359942,2026-05-13 01:48:12
1890,56207856278,Aslı Karakaya,K,1967-02-10,Özel,Diyarbakır,B+,+905372856557,2026-05-13 01:48:12
1891,21868010994,Recep Erdoğan,E,1935-01-22,Özel,Diyarbakır,A-,+905361054152,2026-05-13 01:48:12
1892,80032762862,Enes Göktaş,E,2009-09-19,SGK,Konya,A+,+905379236732,2026-05-13 01:48:12
1893,36821195656,Sevgi Polat,K,1965-07-10,Özel,Gaziantep,A+,+905366132296,2026-05-13 01:48:12
1894,66919220588,Pelin Arslan,K,1932-03-13,Özel,Gaziantep,B-,+905337180641,2026-05-13 01:48:12
1895,35007516704,Özge Uysal,K,1961-08-18,SGK,Bursa,AB-,+905368933671,2026-05-13 01:48:12
1896,84874779330,Yusuf Köse,E,1970-06-30,Özel,Bursa,B-,+905356148842,2026-05-13 01:48:12
1897,81252019378,Sinem Yalçın,K,2014-01-03,Özel,İzmir,O+,+905363065085,2026-05-13 01:48:12
1898,79933530380,Barış Akın,E,1982-08-03,Özel,İstanbul,AB-,+905374636454,2026-05-13 01:48:12
1899,63355262080,Yasin Turan,E,1999-08-06,SGK,Konya,A-,+905375254385,2026-05-13 01:48:12
1900,79934517342,Enes Kılıç,E,1985-03-09,Özel,Ankara,O-,+905324708239,2026-05-13 01:48:12
1901,49475055740,Duygu Yılmaz,K,1974-09-09,SGK,Konya,AB+,+905392323346,2026-05-13 01:48:12
1902,44535381104,Recep Özkan,E,1974-11-15,SGK,Konya,B+,+905303360932,2026-05-13 01:48:12
1903,46957562970,Nil Şahin,K,2001-07-22,Özel,Mersin,O+,+905317827264,2026-05-13 01:48:12
1904,65069439406,Osman Erol,E,2005-04-13,Özel,Adana,B+,+905311262420,2026-05-13 01:48:12
1905,45492101804,Berna Uysal,K,1943-08-08,SGK,Diyarbakır,A-,+905397973599,2026-05-13 01:48:12
1906,67538481114,Selim Öztürk,E,2011-04-25,Özel,Konya,AB-,+905336025919,2026-05-13 01:48:12
1907,52624554698,İbrahim Tekin,E,1960-02-12,Özel,Antalya,AB+,+905314867397,2026-05-13 01:48:12
1908,50717343426,Hüseyin Öztürk,E,1961-04-12,SGK,Adana,O-,+905396712992,2026-05-13 01:48:12
1909,49810795126,Onur Aslan,E,1980-03-06,SGK,Kayseri,A-,+905315358025,2026-05-13 01:48:12
1910,51756168032,Emre Kılıç,E,1949-10-02,Özel,Mersin,AB-,+905342441062,2026-05-13 01:48:12
1911,46650285916,Can Doğan,E,1957-11-26,Özel,Mersin,A-,+905366360227,2026-05-13 01:48:12
1912,92905249202,Batuhan Turan,E,2004-06-18,SGK,İzmir,AB+,+905315750306,2026-05-13 01:48:12
1913,11385699338,Selin Kurt,K,1981-02-16,SGK,İzmir,A+,+905366392993,2026-05-13 01:48:12
1914,84020984410,Mehmet Kaplan,E,1973-08-24,Özel,Gaziantep,AB-,+905387559954,2026-05-13 01:48:12
1915,82913675988,Orhan Bahçeli,E,1930-10-13,Özel,Eskişehir,A-,+905345582036,2026-05-13 01:48:12
1916,90113085254,Hüseyin Alpaslan,E,1996-10-19,SGK,Bursa,AB+,+905383865974,2026-05-13 01:48:12
1917,34626713204,Aslı Aydın,K,2021-12-04,Özel,İzmir,B-,+905335246950,2026-05-13 01:48:12
1918,86042939898,Didem Avcı,K,1967-10-08,Özel,Adana,A+,+905368881363,2026-05-13 01:48:12
1919,17524003394,Büşra Göktaş,K,1961-11-05,SGK,Eskişehir,O-,+905311313231,2026-05-13 01:48:12
1920,64265416846,İrem Aydın,K,1983-07-15,Özel,Gaziantep,B-,+905329143595,2026-05-13 01:48:12
1921,28289363258,Oğuz Turgut,E,1945-08-05,SGK,İstanbul,O-,+905369656587,2026-05-13 01:48:12
1922,67318995930,Gizem Yıldız,K,2005-10-07,SGK,Kayseri,A-,+905394138788,2026-05-13 01:48:12
1923,80507077576,Esra Özkan,K,2008-08-04,SGK,Kayseri,O+,+905345740446,2026-05-13 01:48:12
1924,96621380522,İrem Erdoğan,K,1949-04-06,Özel,Mersin,AB+,+905395315180,2026-05-13 01:48:12
1925,69551330530,Ceren Kılıç,K,1978-12-15,SGK,Bursa,AB-,+905317936884,2026-05-13 01:48:12
1926,77451363602,Mehmet Taş,E,1936-07-08,Özel,Eskişehir,A+,+905306623297,2026-05-13 01:48:12
1927,82234267824,Turan Öztürk,E,1946-04-23,SGK,Bursa,A-,+905333893887,2026-05-13 01:48:12
1928,99935475236,Gökhan Göktaş,E,1957-04-07,Özel,Eskişehir,AB-,+905328402708,2026-05-13 01:48:12
1929,21493310834,Turan Doğan,E,1985-01-10,Özel,Eskişehir,AB-,+905308247501,2026-05-13 01:48:12
1930,91803648582,Mehmet Öztürk,E,1969-04-24,Özel,Ankara,B+,+905303164079,2026-05-13 01:48:12
1931,91702846164,Volkan Demir,E,1972-09-15,SGK,Kayseri,B-,+905388476180,2026-05-13 01:48:12
1932,80320434778,Deniz Karakaya,E,2001-12-07,Özel,Ankara,A+,+905343176160,2026-05-13 01:48:12
1933,14601041300,Zeynep Şahin,K,1997-11-07,SGK,Diyarbakır,AB+,+905358637240,2026-05-13 01:48:12
1934,33956721736,Sinan Bahçeli,E,1966-04-04,Özel,Eskişehir,O-,+905389335208,2026-05-13 01:48:12
1935,61387712320,Melis Avcı,K,1987-08-15,SGK,Diyarbakır,O-,+905394744782,2026-05-13 01:48:12
1936,83045194576,Cem Ertürk,E,1991-10-17,SGK,Kayseri,O-,+905382417579,2026-05-13 01:48:12
1937,90796403154,Selin Erol,K,1992-12-01,SGK,Diyarbakır,B-,+905386560834,2026-05-13 01:48:12
1938,30544933922,Esra Gül,K,2005-06-02,Özel,Adana,A+,+905396304957,2026-05-13 01:48:12
1939,77020715368,Osman Arslan,E,1968-12-22,Özel,Kayseri,AB-,+905321925595,2026-05-13 01:48:12
1940,64407896734,Duygu Yıldız,K,1973-08-17,SGK,Kayseri,B+,+905383763919,2026-05-13 01:48:12
1941,30409471132,Ali Polat,E,1950-10-20,SGK,Antalya,O-,+905318442257,2026-05-13 01:48:12
1942,58667186490,Elif Demir,K,1955-10-05,SGK,Adana,O-,+905325904727,2026-05-13 01:48:12
1943,77110187754,Seda Turgut,K,1953-01-09,Özel,Konya,A+,+905326474399,2026-05-13 01:48:12
1944,83246689994,Tuğba Demir,K,1939-01-03,Özel,Bursa,A+,+905392003980,2026-05-13 01:48:12
1945,87998992494,Yasin Kaplan,E,1972-02-21,SGK,İstanbul,AB+,+905348836906,2026-05-13 01:48:12
1946,28643231414,Can Aslan,E,1937-10-31,SGK,Mersin,A-,+905352625667,2026-05-13 01:48:12
1947,27003437466,Ezgi Taş,K,2003-11-14,Özel,Adana,A+,+905368868449,2026-05-13 01:48:12
1948,61231154160,Tolga Aydın,E,1986-07-15,SGK,İstanbul,O+,+905303307012,2026-05-13 01:48:12
1949,79300522154,Elif Öztürk,K,1950-12-30,Özel,Konya,B-,+905328110714,2026-05-13 01:48:12
1950,35611615930,Enes Özdemir,E,1970-12-06,Özel,Gaziantep,A-,+905343376812,2026-05-13 01:48:12
1951,85826829592,Derya Doğan,K,2022-12-27,SGK,İstanbul,B+,+905396216787,2026-05-13 01:48:12
1952,95935803574,Can Korkmaz,E,1954-08-27,Özel,Antalya,A+,+905381507675,2026-05-13 01:48:12
1953,91973544226,Didem Köse,K,1981-05-18,Özel,Konya,O-,+905379260105,2026-05-13 01:48:12
1954,74930464096,Bahar Karakaya,K,2025-10-28,Özel,Mersin,B+,+905399926699,2026-05-13 01:48:12
1955,37553779398,Pınar Acar,K,1933-07-30,SGK,Kayseri,O+,+905355869645,2026-05-13 01:48:12
1956,14072545390,Recep Alpaslan,E,1989-03-27,SGK,Diyarbakır,B-,+905362014125,2026-05-13 01:48:12
1957,89262517426,İrem Demir,K,1996-04-14,SGK,Antalya,A+,+905333209496,2026-05-13 01:48:12
1958,98442789584,Esra Taş,K,2000-10-07,Özel,Diyarbakır,AB+,+905319378130,2026-05-13 01:48:12
1959,69578127342,Duygu Özkan,K,1974-05-16,SGK,Konya,A-,+905343411346,2026-05-13 01:48:12
1960,12393627610,Hüseyin Koç,E,1994-12-27,Özel,İstanbul,AB+,+905305643478,2026-05-13 01:48:12
1961,22863811012,Ezgi Kaplan,K,1985-05-16,SGK,Eskişehir,B+,+905329923750,2026-05-13 01:48:12
1962,62827677476,Banu Bulut,K,2001-12-02,SGK,Bursa,O-,+905344641041,2026-05-13 01:48:12
1963,49692151096,Gökhan Çetin,E,2014-05-13,Özel,İzmir,A-,+905378399131,2026-05-13 01:48:12
1964,79653715586,Volkan Çetin,E,1987-05-01,SGK,İstanbul,B-,+905354045319,2026-05-13 01:48:12
1965,60793377338,Tuğba Demir,K,2003-07-05,Özel,Adana,A-,+905374234144,2026-05-13 01:48:12
1966,85908268028,Eda Kılıç,K,2024-09-14,SGK,İstanbul,O-,+905323899464,2026-05-13 01:48:12
1967,55239596060,Yusuf Çetin,E,2002-04-05,Özel,Eskişehir,O-,+905359658626,2026-05-13 01:48:12
1968,89032308834,Serkan Güneş,E,1964-10-03,Özel,Ankara,O-,+905305748109,2026-05-13 01:48:12
1969,23007886712,Emre Koç,E,1973-05-20,SGK,Antalya,AB-,+905376444909,2026-05-13 01:48:12
1970,55049723656,Seda Kaplan,K,1980-06-01,Özel,Konya,B+,+905363146410,2026-05-13 01:48:12
1971,24204384568,Elif Erol,K,1938-05-27,Özel,İzmir,A-,+905347733805,2026-05-13 01:48:12
1972,59394166700,Berna Çelik,K,2006-09-30,Özel,Diyarbakır,AB-,+905388037458,2026-05-13 01:48:12
1973,21066726482,Bahar Uysal,K,1943-09-27,Özel,Kayseri,O-,+905394961940,2026-05-13 01:48:12
1974,11249316456,Serkan Turan,E,1968-07-12,Özel,Adana,B-,+905383469938,2026-05-13 01:48:12
1975,14079365106,Cem Avcı,E,1933-09-27,Özel,Diyarbakır,B+,+905357608750,2026-05-13 01:48:12
1976,37357125698,Fatih Yıldız,E,1955-04-07,Özel,İstanbul,A+,+905325180346,2026-05-13 01:48:12
1977,69153242552,Nil Karakaya,K,1948-05-03,SGK,Antalya,O-,+905301014095,2026-05-13 01:48:12
1978,40341365376,Sinem Şahin,K,1991-11-30,Özel,Adana,O-,+905369994358,2026-05-13 01:48:12
1979,70074614380,Turan Şahin,E,1994-04-27,Özel,Eskişehir,A-,+905305660351,2026-05-13 01:48:12
1980,78716387692,Banu Çelik,K,2005-11-11,Özel,Adana,A+,+905379217358,2026-05-13 01:48:12
1981,76182487496,Ezgi Ertürk,K,2020-09-05,Özel,Bursa,A-,+905387065763,2026-05-13 01:48:12
1982,97263492192,Kadir Ertürk,E,1986-01-29,Özel,İzmir,A-,+905339793825,2026-05-13 01:48:12
1983,23204484568,Ahmet Polat,E,1960-09-08,SGK,Kayseri,AB+,+905317096480,2026-05-13 01:48:12
1984,14568939184,Funda Erdoğan,K,1947-05-28,Özel,Konya,O+,+905347217352,2026-05-13 01:48:12
1985,86664760856,Gamze Güneş,K,1989-08-30,Özel,Diyarbakır,O+,+905353343413,2026-05-13 01:48:12
1986,27504998824,Derya Kaya,K,1985-07-14,Özel,Konya,B+,+905389410070,2026-05-13 01:48:12
1987,32061850690,Cansu Koç,K,1954-07-14,Özel,Kayseri,B-,+905388841892,2026-05-13 01:48:12
1988,77246639004,Didem Aslan,K,2006-01-02,SGK,Bursa,A-,+905331932976,2026-05-13 01:48:12
1989,21184065456,Okan Demir,E,1979-11-20,SGK,Antalya,AB-,+905389357614,2026-05-13 01:48:12
1990,71514369792,Ebru Bahçeli,K,1948-09-23,Özel,Antalya,A-,+905384542021,2026-05-13 01:48:12
1991,23556696350,Yasin Polat,E,1983-08-10,Özel,Eskişehir,O+,+905396962643,2026-05-13 01:48:12
1992,35601999170,Serkan Erol,E,1930-10-05,Özel,Gaziantep,AB+,+905325424772,2026-05-13 01:48:12
1993,46842685104,Ceren Yalçın,K,1971-09-22,SGK,Konya,A+,+905338283108,2026-05-13 01:48:12
1994,29095203820,Recep Köse,E,1946-02-21,SGK,Ankara,AB-,+905313157652,2026-05-13 01:48:12
1995,72446220120,Cem Korkmaz,E,1976-10-17,Özel,Diyarbakır,B-,+905334956432,2026-05-13 01:48:12
1996,53262538194,Osman Bahçeli,E,1960-01-14,Özel,Antalya,AB-,+905309296601,2026-05-13 01:48:12
1997,12484350748,Cem Kılıç,E,2007-07-11,Özel,İzmir,A+,+905335139809,2026-05-13 01:48:12
1998,50431090798,Recep Özdemir,E,1968-08-01,SGK,Kayseri,AB-,+905324952873,2026-05-13 01:48:12
1999,47655476194,Turan Turan,E,1975-11-13,Özel,Antalya,AB-,+905374778932,2026-05-13 01:48:12
2000,22666153944,Deniz Polat,E,2003-07-08,SGK,Konya,A+,+905344007015,2026-05-13 01:48:12
