prescription_detail_key,consultation_key,medication_key,quantity,unit_price,total_amount,prescribed_at,usage_instructions
1,1,20,3,24.0,72.0,2025-05-13T08:29:00,Günde 1
2,1,19,2,32.0,64.0,2025-05-13T08:29:00,Uyku öncesi
3,4,34,4,16.0,64.0,2025-05-13T11:36:00,Günde 2
4,4,32,1,28.0,28.0,2025-05-13T11:36:00,Günde 3
5,5,39,1,4.8,4.8,2025-05-13T12:30:00,Günde 2
6,5,36,3,3.5,10.5,2025-05-13T12:30:00,Aç karna
7,6,36,2,3.5,7.0,2025-05-13T12:42:00,Günde 2
8,6,39,3,4.8,14.399999999999999,2025-05-13T12:42:00,Günde 3
9,6,38,4,5.0,20.0,2025-05-13T12:42:00,Günde 1
10,7,34,3,16.0,48.0,2025-05-13T15:22:00,Günde 3
11,7,35,4,19.5,78.0,2025-05-13T15:22:00,Yemekle
12,7,31,3,14.0,42.0,2025-05-13T15:22:00,Aç karna
13,9,31,3,14.0,42.0,2025-05-13T19:35:00,Günde 1
14,10,29,3,5.0,15.0,2025-05-14T08:41:00,Aç karna
15,10,26,3,7.0,21.0,2025-05-14T08:41:00,Günde 3
16,10,27,2,22.0,44.0,2025-05-14T08:41:00,Günde 2
17,11,14,1,7.5,7.5,2025-05-14T09:19:00,Uyku öncesi
18,12,24,1,22.0,22.0,2025-05-14T10:34:00,Yemekle
19,12,21,3,5.5,16.5,2025-05-14T10:34:00,Günde 3
20,12,23,4,9.0,36.0,2025-05-14T10:34:00,Uyku öncesi
21,13,7,1,9.0,9.0,2025-05-14T12:02:00,Uyku öncesi
22,13,9,1,12.0,12.0,2025-05-14T12:02:00,Aç karna
23,13,8,4,7.5,30.0,2025-05-14T12:02:00,Günde 2
24,14,29,4,5.0,20.0,2025-05-14T11:48:00,Günde 3
25,15,39,4,4.8,19.2,2025-05-14T12:23:00,Günde 1
26,16,2,3,4.5,13.5,2025-05-14T16:43:00,Günde 2
27,16,5,1,6.0,6.0,2025-05-14T16:43:00,Yemekle
28,16,1,2,2.5,5.0,2025-05-14T16:43:00,Uyku öncesi
29,17,25,3,8.5,25.5,2025-05-15T09:11:00,Günde 2
30,21,25,4,8.5,34.0,2025-05-15T15:23:00,Günde 2
31,21,23,1,9.0,9.0,2025-05-15T15:23:00,Günde 3
32,22,29,2,5.0,10.0,2025-05-15T15:29:00,Yemekle
33,22,30,2,9.5,19.0,2025-05-15T15:29:00,Yemekle
34,22,28,2,11.0,22.0,2025-05-15T15:29:00,Uyku öncesi
35,23,25,4,8.5,34.0,2025-05-15T15:55:00,Uyku öncesi
36,23,24,3,22.0,66.0,2025-05-15T15:55:00,Günde 1
37,24,28,1,11.0,11.0,2025-05-16T17:32:00,Günde 2
38,25,24,4,22.0,88.0,2025-05-17T09:29:00,Uyku öncesi
39,26,13,4,4.2,16.8,2025-05-17T09:53:00,Uyku öncesi
40,27,2,4,4.5,18.0,2025-05-17T11:41:00,Günde 2
41,27,3,4,12.0,48.0,2025-05-17T11:41:00,Günde 3
42,27,5,3,6.0,18.0,2025-05-17T11:41:00,Yemekle
43,28,33,2,5.0,10.0,2025-05-17T11:50:00,Günde 1
44,28,34,1,16.0,16.0,2025-05-17T11:50:00,Yemekle
45,29,12,1,6.0,6.0,2025-05-17T15:03:00,Günde 3
46,30,5,4,6.0,24.0,2025-05-17T15:26:00,Yemekle
47,32,28,2,11.0,22.0,2025-05-17T17:58:00,Günde 2
48,32,27,3,22.0,66.0,2025-05-17T17:58:00,Aç karna
49,33,18,3,18.5,55.5,2025-05-17T17:58:00,Uyku öncesi
50,33,20,3,24.0,72.0,2025-05-17T17:58:00,Günde 1
51,34,39,3,4.8,14.399999999999999,2025-05-17T18:53:00,Yemekle
52,34,38,4,5.0,20.0,2025-05-17T18:53:00,Uyku öncesi
53,35,9,2,12.0,24.0,2025-05-18T09:30:00,Aç karna
54,35,10,2,38.0,76.0,2025-05-18T09:30:00,Yemekle
55,35,8,2,7.5,15.0,2025-05-18T09:30:00,Yemekle
56,36,14,4,7.5,30.0,2025-05-18T11:40:00,Uyku öncesi
57,36,12,2,6.0,12.0,2025-05-18T11:40:00,Uyku öncesi
58,36,11,2,5.0,10.0,2025-05-18T11:40:00,Aç karna
59,37,13,1,4.2,4.2,2025-05-18T16:58:00,Aç karna
60,38,24,4,22.0,88.0,2025-05-18T18:32:00,Günde 3
61,38,23,3,9.0,27.0,2025-05-18T18:32:00,Günde 3
62,38,22,4,3.0,12.0,2025-05-18T18:32:00,Uyku öncesi
63,40,5,1,6.0,6.0,2025-05-19T09:47:00,Günde 3
64,40,3,3,12.0,36.0,2025-05-19T09:47:00,Günde 3
65,40,4,4,8.0,32.0,2025-05-19T09:47:00,Günde 3
66,42,21,2,5.5,11.0,2025-05-19T10:34:00,Uyku öncesi
67,42,23,3,9.0,27.0,2025-05-19T10:34:00,Günde 2
68,43,4,3,8.0,24.0,2025-05-19T11:14:00,Aç karna
69,43,2,2,4.5,9.0,2025-05-19T11:14:00,Aç karna
70,43,3,3,12.0,36.0,2025-05-19T11:14:00,Günde 1
71,44,20,3,24.0,72.0,2025-05-19T11:47:00,Günde 2
72,45,27,3,22.0,66.0,2025-05-19T11:53:00,Aç karna
73,45,26,1,7.0,7.0,2025-05-19T11:53:00,Günde 3
74,46,26,2,7.0,14.0,2025-05-19T13:12:00,Uyku öncesi
75,46,27,1,22.0,22.0,2025-05-19T13:12:00,Günde 2
76,47,25,1,8.5,8.5,2025-05-19T14:57:00,Aç karna
77,47,23,4,9.0,36.0,2025-05-19T14:57:00,Günde 3
78,48,38,2,5.0,10.0,2025-05-20T08:45:00,Günde 2
79,49,22,1,3.0,3.0,2025-05-20T11:07:00,Günde 2
80,49,23,1,9.0,9.0,2025-05-20T11:07:00,Uyku öncesi
81,49,25,4,8.5,34.0,2025-05-20T11:07:00,Günde 1
82,51,38,3,5.0,15.0,2025-05-20T12:41:00,Günde 1
83,52,21,2,5.5,11.0,2025-05-20T13:56:00,Uyku öncesi
84,52,22,3,3.0,9.0,2025-05-20T13:56:00,Günde 1
85,53,16,2,4.0,8.0,2025-05-20T15:00:00,Uyku öncesi
86,53,19,3,32.0,96.0,2025-05-20T15:00:00,Aç karna
87,54,7,1,9.0,9.0,2025-05-20T15:46:00,Uyku öncesi
88,55,35,3,19.5,58.5,2025-05-20T16:00:00,Günde 2
89,56,18,1,18.5,18.5,2025-05-20T16:46:00,Günde 3
90,56,20,2,24.0,48.0,2025-05-20T16:46:00,Uyku öncesi
91,57,16,1,4.0,4.0,2025-05-20T17:41:00,Yemekle
92,57,19,4,32.0,128.0,2025-05-20T17:41:00,Günde 2
93,57,18,1,18.5,18.5,2025-05-20T17:41:00,Uyku öncesi
94,60,30,1,9.5,9.5,2025-05-21T11:04:00,Yemekle
95,60,27,3,22.0,66.0,2025-05-21T11:04:00,Uyku öncesi
96,61,15,2,6.8,13.6,2025-05-21T12:48:00,Uyku öncesi
97,62,15,4,6.8,27.2,2025-05-21T14:36:00,Günde 2
98,62,12,3,6.0,18.0,2025-05-21T14:36:00,Uyku öncesi
99,62,13,2,4.2,8.4,2025-05-21T14:36:00,Günde 1
100,63,26,1,7.0,7.0,2025-05-21T14:47:00,Günde 2
101,63,29,4,5.0,20.0,2025-05-21T14:47:00,Aç karna
102,63,27,3,22.0,66.0,2025-05-21T14:47:00,Günde 3
103,65,18,4,18.5,74.0,2025-05-22T09:13:00,Günde 1
104,65,19,4,32.0,128.0,2025-05-22T09:13:00,Uyku öncesi
105,69,36,4,3.5,14.0,2025-05-22T17:30:00,Günde 1
106,70,39,3,4.8,14.399999999999999,2025-05-23T08:49:00,Yemekle
107,71,39,1,4.8,4.8,2025-05-23T09:56:00,Yemekle
108,72,27,1,22.0,22.0,2025-05-23T11:52:00,Günde 3
109,72,29,4,5.0,20.0,2025-05-23T11:52:00,Günde 1
110,72,28,3,11.0,33.0,2025-05-23T11:52:00,Uyku öncesi
111,73,22,2,3.0,6.0,2025-05-23T12:58:00,Yemekle
112,73,21,1,5.5,5.5,2025-05-23T12:58:00,Günde 3
113,74,39,3,4.8,14.399999999999999,2025-05-23T15:10:00,Günde 2
114,75,2,1,4.5,4.5,2025-05-23T15:09:00,Uyku öncesi
115,75,5,2,6.0,12.0,2025-05-23T15:09:00,Günde 1
116,75,1,3,2.5,7.5,2025-05-23T15:09:00,Uyku öncesi
117,76,25,3,8.5,25.5,2025-05-23T15:52:00,Günde 3
118,76,21,1,5.5,5.5,2025-05-23T15:52:00,Günde 3
119,76,24,3,22.0,66.0,2025-05-23T15:52:00,Yemekle
120,77,32,1,28.0,28.0,2025-05-23T16:38:00,Günde 3
121,77,33,3,5.0,15.0,2025-05-23T16:38:00,Uyku öncesi
122,78,3,3,12.0,36.0,2025-05-23T16:27:00,Aç karna
123,78,5,1,6.0,6.0,2025-05-23T16:27:00,Günde 2
124,80,7,2,9.0,18.0,2025-05-23T17:56:00,Günde 2
125,81,36,4,3.5,14.0,2025-05-23T19:06:00,Uyku öncesi
126,81,38,2,5.0,10.0,2025-05-23T19:06:00,Günde 1
127,82,24,3,22.0,66.0,2025-05-24T10:26:00,Günde 1
128,82,25,4,8.5,34.0,2025-05-24T10:26:00,Günde 2
129,84,36,1,3.5,3.5,2025-05-24T14:16:00,Günde 1
130,87,16,1,4.0,4.0,2025-05-24T15:51:00,Uyku öncesi
131,89,13,4,4.2,16.8,2025-05-25T08:34:00,Aç karna
132,89,15,3,6.8,20.4,2025-05-25T08:34:00,Günde 1
133,91,29,4,5.0,20.0,2025-05-25T11:26:00,Yemekle
134,91,27,3,22.0,66.0,2025-05-25T11:26:00,Uyku öncesi
135,91,30,1,9.5,9.5,2025-05-25T11:26:00,Uyku öncesi
136,92,34,4,16.0,64.0,2025-05-25T11:41:00,Günde 3
137,92,33,1,5.0,5.0,2025-05-25T11:41:00,Yemekle
138,92,32,2,28.0,56.0,2025-05-25T11:41:00,Günde 2
139,94,25,2,8.5,17.0,2025-05-25T13:52:00,Günde 3
140,94,22,4,3.0,12.0,2025-05-25T13:52:00,Günde 2
141,95,5,3,6.0,18.0,2025-05-25T13:58:00,Günde 1
142,96,25,4,8.5,34.0,2025-05-25T14:48:00,Yemekle
143,96,23,3,9.0,27.0,2025-05-25T14:48:00,Günde 1
144,97,11,1,5.0,5.0,2025-05-25T14:58:00,Yemekle
145,98,18,3,18.5,55.5,2025-05-25T15:17:00,Günde 1
146,99,38,3,5.0,15.0,2025-05-25T15:26:00,Günde 3
147,100,24,3,22.0,66.0,2025-05-25T18:52:00,Yemekle
148,100,21,3,5.5,16.5,2025-05-25T18:52:00,Aç karna
149,100,23,4,9.0,36.0,2025-05-25T18:52:00,Yemekle
150,102,27,3,22.0,66.0,2025-05-25T19:27:00,Günde 2
151,102,30,4,9.5,38.0,2025-05-25T19:27:00,Yemekle
152,103,36,2,3.5,7.0,2025-05-26T09:57:00,Yemekle
153,103,39,4,4.8,19.2,2025-05-26T09:57:00,Uyku öncesi
154,105,36,4,3.5,14.0,2025-05-26T14:53:00,Günde 2
155,105,38,2,5.0,10.0,2025-05-26T14:53:00,Yemekle
156,106,38,4,5.0,20.0,2025-05-26T15:02:00,Uyku öncesi
157,106,39,1,4.8,4.8,2025-05-26T15:02:00,Yemekle
158,106,36,3,3.5,10.5,2025-05-26T15:02:00,Günde 1
159,107,7,3,9.0,27.0,2025-05-26T18:29:00,Günde 3
160,107,10,4,38.0,152.0,2025-05-26T18:29:00,Günde 2
161,107,9,3,12.0,36.0,2025-05-26T18:29:00,Uyku öncesi
162,108,24,1,22.0,22.0,2025-05-27T08:23:00,Günde 3
163,111,36,2,3.5,7.0,2025-05-27T12:16:00,Uyku öncesi
164,113,39,2,4.8,9.6,2025-05-27T17:10:00,Aç karna
165,114,20,4,24.0,96.0,2025-05-27T17:37:00,Uyku öncesi
166,114,18,1,18.5,18.5,2025-05-27T17:37:00,Günde 1
167,116,31,3,14.0,42.0,2025-05-28T09:20:00,Günde 3
168,116,33,1,5.0,5.0,2025-05-28T09:20:00,Yemekle
169,116,35,1,19.5,19.5,2025-05-28T09:20:00,Yemekle
170,117,18,2,18.5,37.0,2025-05-28T11:01:00,Aç karna
171,117,20,4,24.0,96.0,2025-05-28T11:01:00,Günde 1
172,118,16,4,4.0,16.0,2025-05-28T11:30:00,Günde 3
173,118,18,4,18.5,74.0,2025-05-28T11:30:00,Günde 3
174,118,19,3,32.0,96.0,2025-05-28T11:30:00,Uyku öncesi
175,119,21,2,5.5,11.0,2025-05-28T11:43:00,Yemekle
176,119,22,2,3.0,6.0,2025-05-28T11:43:00,Günde 3
177,120,15,4,6.8,27.2,2025-05-28T15:12:00,Günde 2
178,120,11,1,5.0,5.0,2025-05-28T15:12:00,Günde 1
179,120,12,3,6.0,18.0,2025-05-28T15:12:00,Günde 2
180,121,29,3,5.0,15.0,2025-05-28T16:30:00,Uyku öncesi
181,121,27,4,22.0,88.0,2025-05-28T16:30:00,Yemekle
182,121,30,2,9.5,19.0,2025-05-28T16:30:00,Yemekle
183,122,4,2,8.0,16.0,2025-05-28T18:28:00,Yemekle
184,125,3,1,12.0,12.0,2025-05-29T12:41:00,Günde 1
185,125,4,3,8.0,24.0,2025-05-29T12:41:00,Uyku öncesi
186,125,1,1,2.5,2.5,2025-05-29T12:41:00,Uyku öncesi
187,127,22,3,3.0,9.0,2025-05-29T14:26:00,Günde 2
188,128,23,4,9.0,36.0,2025-05-29T15:13:00,Günde 3
189,129,19,2,32.0,64.0,2025-05-30T09:07:00,Aç karna
190,130,24,3,22.0,66.0,2025-05-30T09:33:00,Günde 3
191,130,21,4,5.5,22.0,2025-05-30T09:33:00,Günde 3
192,130,25,3,8.5,25.5,2025-05-30T09:33:00,Günde 2
193,131,38,1,5.0,5.0,2025-05-30T09:17:00,Günde 1
194,132,33,3,5.0,15.0,2025-05-30T10:14:00,Aç karna
195,132,32,2,28.0,56.0,2025-05-30T10:14:00,Günde 3
196,133,29,2,5.0,10.0,2025-05-30T16:02:00,Yemekle
197,133,27,1,22.0,22.0,2025-05-30T16:02:00,Yemekle
198,135,34,4,16.0,64.0,2025-05-30T19:10:00,Aç karna
199,135,32,3,28.0,84.0,2025-05-30T19:10:00,Yemekle
200,136,22,3,3.0,9.0,2025-05-31T08:12:00,Günde 1
201,137,35,1,19.5,19.5,2025-05-31T10:37:00,Günde 3
202,137,33,2,5.0,10.0,2025-05-31T10:37:00,Günde 3
203,137,34,3,16.0,48.0,2025-05-31T10:37:00,Günde 1
204,138,16,3,4.0,12.0,2025-05-31T11:06:00,Günde 2
205,138,19,4,32.0,128.0,2025-05-31T11:06:00,Yemekle
206,139,13,4,4.2,16.8,2025-05-31T12:02:00,Yemekle
207,139,14,4,7.5,30.0,2025-05-31T12:02:00,Aç karna
208,139,12,2,6.0,12.0,2025-05-31T12:02:00,Aç karna
209,140,12,4,6.0,24.0,2025-05-31T12:44:00,Yemekle
210,141,39,2,4.8,9.6,2025-06-01T08:48:00,Günde 3
211,142,33,2,5.0,10.0,2025-06-01T10:31:00,Aç karna
212,142,35,2,19.5,39.0,2025-06-01T10:31:00,Günde 3
213,143,10,3,38.0,114.0,2025-06-01T12:57:00,Günde 2
214,144,39,2,4.8,9.6,2025-06-01T13:05:00,Günde 1
215,146,22,3,3.0,9.0,2025-06-01T15:46:00,Yemekle
216,146,25,4,8.5,34.0,2025-06-01T15:46:00,Yemekle
217,146,23,1,9.0,9.0,2025-06-01T15:46:00,Günde 1
218,147,19,3,32.0,96.0,2025-06-01T16:06:00,Uyku öncesi
219,147,18,2,18.5,37.0,2025-06-01T16:06:00,Uyku öncesi
220,149,21,1,5.5,5.5,2025-06-01T17:45:00,Günde 3
221,149,24,4,22.0,88.0,2025-06-01T17:45:00,Uyku öncesi
222,149,22,1,3.0,3.0,2025-06-01T17:45:00,Günde 3
223,150,25,3,8.5,25.5,2025-06-01T18:41:00,Aç karna
224,150,22,1,3.0,3.0,2025-06-01T18:41:00,Günde 3
225,151,31,2,14.0,28.0,2025-06-02T10:20:00,Günde 1
226,152,29,1,5.0,5.0,2025-06-02T12:32:00,Aç karna
227,152,28,3,11.0,33.0,2025-06-02T12:32:00,Günde 1
228,152,27,4,22.0,88.0,2025-06-02T12:32:00,Günde 3
229,153,4,1,8.0,8.0,2025-06-02T13:10:00,Günde 1
230,153,3,3,12.0,36.0,2025-06-02T13:10:00,Yemekle
231,153,5,4,6.0,24.0,2025-06-02T13:10:00,Günde 2
232,154,22,3,3.0,9.0,2025-06-02T16:23:00,Uyku öncesi
233,156,19,1,32.0,32.0,2025-06-03T09:21:00,Günde 2
234,157,3,1,12.0,12.0,2025-06-03T12:40:00,Günde 3
235,157,4,3,8.0,24.0,2025-06-03T12:40:00,Yemekle
236,158,5,3,6.0,18.0,2025-06-03T13:17:00,Günde 1
237,159,38,1,5.0,5.0,2025-06-03T15:14:00,Aç karna
238,159,36,2,3.5,7.0,2025-06-03T15:14:00,Günde 2
239,160,32,2,28.0,56.0,2025-06-04T09:16:00,Uyku öncesi
240,161,36,4,3.5,14.0,2025-06-04T10:36:00,Günde 2
241,162,35,1,19.5,19.5,2025-06-04T12:59:00,Yemekle
242,162,31,2,14.0,28.0,2025-06-04T12:59:00,Günde 3
243,163,16,1,4.0,4.0,2025-06-04T14:14:00,Günde 1
244,163,18,3,18.5,55.5,2025-06-04T14:14:00,Uyku öncesi
245,164,18,2,18.5,37.0,2025-06-04T19:22:00,Aç karna
246,166,16,2,4.0,8.0,2025-06-05T11:31:00,Uyku öncesi
247,166,18,3,18.5,55.5,2025-06-05T11:31:00,Uyku öncesi
248,167,35,2,19.5,39.0,2025-06-05T11:48:00,Günde 3
249,168,22,3,3.0,9.0,2025-06-05T13:59:00,Günde 1
250,168,23,3,9.0,27.0,2025-06-05T13:59:00,Aç karna
251,168,24,3,22.0,66.0,2025-06-05T13:59:00,Günde 2
252,169,27,4,22.0,88.0,2025-06-05T16:03:00,Uyku öncesi
253,169,29,3,5.0,15.0,2025-06-05T16:03:00,Yemekle
254,169,30,4,9.5,38.0,2025-06-05T16:03:00,Günde 3
255,170,3,2,12.0,24.0,2025-06-05T17:19:00,Uyku öncesi
256,170,2,3,4.5,13.5,2025-06-05T17:19:00,Günde 1
257,172,33,1,5.0,5.0,2025-06-06T14:19:00,Günde 2
258,172,35,1,19.5,19.5,2025-06-06T14:19:00,Aç karna
259,173,26,3,7.0,21.0,2025-06-06T14:20:00,Yemekle
260,173,27,4,22.0,88.0,2025-06-06T14:20:00,Günde 3
261,173,30,3,9.5,28.5,2025-06-06T14:20:00,Uyku öncesi
262,174,26,3,7.0,21.0,2025-06-06T17:32:00,Günde 2
263,175,27,4,22.0,88.0,2025-06-06T18:07:00,Günde 3
264,175,28,2,11.0,22.0,2025-06-06T18:07:00,Günde 1
265,176,38,4,5.0,20.0,2025-06-06T19:12:00,Günde 2
266,177,23,3,9.0,27.0,2025-06-07T10:10:00,Yemekle
267,177,25,4,8.5,34.0,2025-06-07T10:10:00,Yemekle
268,178,16,3,4.0,12.0,2025-06-07T13:16:00,Uyku öncesi
269,179,10,4,38.0,152.0,2025-06-07T15:10:00,Aç karna
270,179,7,3,9.0,27.0,2025-06-07T15:10:00,Uyku öncesi
271,179,9,2,12.0,24.0,2025-06-07T15:10:00,Yemekle
272,180,10,4,38.0,152.0,2025-06-07T16:23:00,Aç karna
273,180,8,1,7.5,7.5,2025-06-07T16:23:00,Uyku öncesi
274,180,9,1,12.0,12.0,2025-06-07T16:23:00,Uyku öncesi
275,181,39,3,4.8,14.399999999999999,2025-06-07T18:39:00,Aç karna
276,182,39,2,4.8,9.6,2025-06-07T18:40:00,Yemekle
277,183,38,3,5.0,15.0,2025-06-07T19:03:00,Yemekle
278,185,16,3,4.0,12.0,2025-06-08T14:56:00,Yemekle
279,185,19,3,32.0,96.0,2025-06-08T14:56:00,Aç karna
280,187,15,1,6.8,6.8,2025-06-08T18:41:00,Günde 1
281,188,12,4,6.0,24.0,2025-06-09T09:13:00,Günde 2
282,188,14,2,7.5,15.0,2025-06-09T09:13:00,Günde 1
283,188,13,3,4.2,12.600000000000001,2025-06-09T09:13:00,Yemekle
284,189,29,2,5.0,10.0,2025-06-09T17:33:00,Yemekle
285,189,27,4,22.0,88.0,2025-06-09T17:33:00,Aç karna
286,191,34,1,16.0,16.0,2025-06-10T08:45:00,Günde 2
287,191,35,4,19.5,78.0,2025-06-10T08:45:00,Günde 2
288,191,31,1,14.0,14.0,2025-06-10T08:45:00,Günde 1
289,192,20,3,24.0,72.0,2025-06-10T09:49:00,Aç karna
290,192,18,1,18.5,18.5,2025-06-10T09:49:00,Günde 2
291,192,16,3,4.0,12.0,2025-06-10T09:49:00,Aç karna
292,195,15,4,6.8,27.2,2025-06-10T16:24:00,Aç karna
293,196,2,2,4.5,9.0,2025-06-10T17:34:00,Aç karna
294,197,14,1,7.5,7.5,2025-06-11T09:34:00,Günde 2
295,197,13,4,4.2,16.8,2025-06-11T09:34:00,Günde 1
296,197,12,3,6.0,18.0,2025-06-11T09:34:00,Günde 3
297,198,24,3,22.0,66.0,2025-06-11T11:24:00,Günde 2
298,198,23,2,9.0,18.0,2025-06-11T11:24:00,Günde 3
299,199,36,3,3.5,10.5,2025-06-11T12:11:00,Aç karna
300,200,38,4,5.0,20.0,2025-06-11T13:57:00,Aç karna
301,201,19,3,32.0,96.0,2025-06-11T16:48:00,Günde 3
302,201,16,3,4.0,12.0,2025-06-11T16:48:00,Günde 3
303,201,20,4,24.0,96.0,2025-06-11T16:48:00,Aç karna
304,202,34,2,16.0,32.0,2025-06-11T17:58:00,Günde 2
305,203,39,1,4.8,4.8,2025-06-12T10:58:00,Günde 2
306,203,38,2,5.0,10.0,2025-06-12T10:58:00,Yemekle
307,206,36,1,3.5,3.5,2025-06-12T14:28:00,Günde 2
308,206,38,4,5.0,20.0,2025-06-12T14:28:00,Günde 1
309,207,14,3,7.5,22.5,2025-06-12T15:35:00,Günde 1
310,207,11,1,5.0,5.0,2025-06-12T15:35:00,Günde 2
311,207,12,4,6.0,24.0,2025-06-12T15:35:00,Günde 3
312,208,38,4,5.0,20.0,2025-06-12T15:59:00,Aç karna
313,209,25,1,8.5,8.5,2025-06-12T16:44:00,Günde 3
314,209,22,3,3.0,9.0,2025-06-12T16:44:00,Yemekle
315,209,21,3,5.5,16.5,2025-06-12T16:44:00,Günde 1
316,210,8,3,7.5,22.5,2025-06-12T18:43:00,Aç karna
317,213,38,3,5.0,15.0,2025-06-14T09:55:00,Günde 2
318,213,39,4,4.8,19.2,2025-06-14T09:55:00,Günde 2
319,214,30,3,9.5,28.5,2025-06-14T11:07:00,Yemekle
320,215,16,3,4.0,12.0,2025-06-14T13:09:00,Günde 3
321,215,18,1,18.5,18.5,2025-06-14T13:09:00,Yemekle
322,215,19,3,32.0,96.0,2025-06-14T13:09:00,Günde 2
323,216,21,4,5.5,22.0,2025-06-14T13:59:00,Günde 3
324,216,25,1,8.5,8.5,2025-06-14T13:59:00,Aç karna
325,217,29,1,5.0,5.0,2025-06-14T16:32:00,Aç karna
326,217,28,4,11.0,44.0,2025-06-14T16:32:00,Günde 2
327,217,27,2,22.0,44.0,2025-06-14T16:32:00,Günde 1
328,219,13,2,4.2,8.4,2025-06-15T10:35:00,Günde 1
329,219,11,1,5.0,5.0,2025-06-15T10:35:00,Uyku öncesi
330,219,15,2,6.8,13.6,2025-06-15T10:35:00,Günde 2
331,220,19,2,32.0,64.0,2025-06-15T11:26:00,Aç karna
332,220,20,2,24.0,48.0,2025-06-15T11:26:00,Yemekle
333,223,2,4,4.5,18.0,2025-06-15T16:31:00,Günde 3
334,224,21,2,5.5,11.0,2025-06-15T16:21:00,Uyku öncesi
335,224,22,4,3.0,12.0,2025-06-15T16:21:00,Günde 3
336,225,32,2,28.0,56.0,2025-06-15T18:07:00,Yemekle
337,225,33,2,5.0,10.0,2025-06-15T18:07:00,Yemekle
338,225,35,1,19.5,19.5,2025-06-15T18:07:00,Günde 2
339,226,22,1,3.0,3.0,2025-06-16T11:40:00,Günde 1
340,226,24,1,22.0,22.0,2025-06-16T11:40:00,Uyku öncesi
341,229,13,2,4.2,8.4,2025-06-16T17:05:00,Uyku öncesi
342,230,21,4,5.5,22.0,2025-06-16T17:48:00,Uyku öncesi
343,231,16,1,4.0,4.0,2025-06-16T18:59:00,Günde 1
344,231,20,4,24.0,96.0,2025-06-16T18:59:00,Günde 1
345,232,26,1,7.0,7.0,2025-06-16T19:35:00,Günde 3
346,233,16,1,4.0,4.0,2025-06-17T09:08:00,Günde 2
347,233,20,4,24.0,96.0,2025-06-17T09:08:00,Günde 3
348,235,25,3,8.5,25.5,2025-06-17T09:14:00,Aç karna
349,235,21,2,5.5,11.0,2025-06-17T09:14:00,Yemekle
350,236,3,4,12.0,48.0,2025-06-17T10:03:00,Uyku öncesi
351,237,19,1,32.0,32.0,2025-06-17T10:32:00,Aç karna
352,237,16,3,4.0,12.0,2025-06-17T10:32:00,Aç karna
353,238,31,3,14.0,42.0,2025-06-17T11:37:00,Günde 2
354,238,32,4,28.0,112.0,2025-06-17T11:37:00,Uyku öncesi
355,238,34,2,16.0,32.0,2025-06-17T11:37:00,Günde 3
356,239,3,4,12.0,48.0,2025-06-17T11:35:00,Günde 3
357,240,22,3,3.0,9.0,2025-06-17T11:53:00,Günde 1
358,240,24,3,22.0,66.0,2025-06-17T11:53:00,Aç karna
359,241,34,1,16.0,16.0,2025-06-17T13:07:00,Yemekle
360,241,35,1,19.5,19.5,2025-06-17T13:07:00,Yemekle
361,244,22,1,3.0,3.0,2025-06-17T18:19:00,Yemekle
362,245,1,4,2.5,10.0,2025-06-17T19:08:00,Aç karna
363,245,3,1,12.0,12.0,2025-06-17T19:08:00,Günde 1
364,245,4,4,8.0,32.0,2025-06-17T19:08:00,Uyku öncesi
365,246,1,3,2.5,7.5,2025-06-18T08:54:00,Günde 2
366,247,25,3,8.5,25.5,2025-06-18T16:20:00,Günde 3
367,247,21,3,5.5,16.5,2025-06-18T16:20:00,Günde 2
368,248,19,4,32.0,128.0,2025-06-19T09:46:00,Günde 2
369,249,32,2,28.0,56.0,2025-06-19T14:24:00,Günde 2
370,250,5,2,6.0,12.0,2025-06-19T15:11:00,Yemekle
371,251,39,4,4.8,19.2,2025-06-19T16:43:00,Günde 1
372,251,38,1,5.0,5.0,2025-06-19T16:43:00,Günde 1
373,254,22,1,3.0,3.0,2025-06-19T19:19:00,Yemekle
374,254,25,4,8.5,34.0,2025-06-19T19:19:00,Günde 2
375,254,21,3,5.5,16.5,2025-06-19T19:19:00,Aç karna
376,255,22,1,3.0,3.0,2025-06-20T08:34:00,Aç karna
377,255,23,3,9.0,27.0,2025-06-20T08:34:00,Yemekle
378,258,15,4,6.8,27.2,2025-06-20T12:52:00,Uyku öncesi
379,258,14,3,7.5,22.5,2025-06-20T12:52:00,Günde 1
380,258,11,4,5.0,20.0,2025-06-20T12:52:00,Uyku öncesi
381,259,26,1,7.0,7.0,2025-06-20T16:39:00,Yemekle
382,259,29,4,5.0,20.0,2025-06-20T16:39:00,Günde 2
383,260,39,1,4.8,4.8,2025-06-20T18:37:00,Günde 3
384,261,13,1,4.2,4.2,2025-06-20T19:18:00,Aç karna
385,262,8,2,7.5,15.0,2025-06-21T08:33:00,Günde 1
386,262,6,2,2.2,4.4,2025-06-21T08:33:00,Yemekle
387,262,9,3,12.0,36.0,2025-06-21T08:33:00,Uyku öncesi
388,264,11,3,5.0,15.0,2025-06-21T13:48:00,Aç karna
389,264,15,2,6.8,13.6,2025-06-21T13:48:00,Aç karna
390,264,12,2,6.0,12.0,2025-06-21T13:48:00,Yemekle
391,265,26,4,7.0,28.0,2025-06-21T14:02:00,Günde 2
392,265,28,1,11.0,11.0,2025-06-21T14:02:00,Yemekle
393,265,30,4,9.5,38.0,2025-06-21T14:02:00,Uyku öncesi
394,266,38,4,5.0,20.0,2025-06-21T16:02:00,Günde 2
395,267,24,3,22.0,66.0,2025-06-21T16:31:00,Aç karna
396,269,15,2,6.8,13.6,2025-06-22T08:52:00,Günde 1
397,269,11,2,5.0,10.0,2025-06-22T08:52:00,Günde 3
398,269,12,4,6.0,24.0,2025-06-22T08:52:00,Günde 1
399,270,19,4,32.0,128.0,2025-06-22T10:16:00,Yemekle
400,270,16,3,4.0,12.0,2025-06-22T10:16:00,Aç karna
401,272,34,3,16.0,48.0,2025-06-22T14:40:00,Günde 3
402,272,31,1,14.0,14.0,2025-06-22T14:40:00,Yemekle
403,272,35,3,19.5,58.5,2025-06-22T14:40:00,Aç karna
404,273,19,1,32.0,32.0,2025-06-22T17:09:00,Aç karna
405,273,20,2,24.0,48.0,2025-06-22T17:09:00,Günde 3
406,274,5,3,6.0,18.0,2025-06-22T17:22:00,Aç karna
407,274,3,1,12.0,12.0,2025-06-22T17:22:00,Günde 1
408,274,4,4,8.0,32.0,2025-06-22T17:22:00,Yemekle
409,275,32,1,28.0,28.0,2025-06-22T18:21:00,Günde 2
410,275,33,1,5.0,5.0,2025-06-22T18:21:00,Aç karna
411,275,35,4,19.5,78.0,2025-06-22T18:21:00,Aç karna
412,277,19,1,32.0,32.0,2025-06-22T19:17:00,Günde 1
413,278,35,2,19.5,39.0,2025-06-22T18:57:00,Günde 2
414,278,34,3,16.0,48.0,2025-06-22T18:57:00,Aç karna
415,278,33,4,5.0,20.0,2025-06-22T18:57:00,Yemekle
416,279,24,2,22.0,44.0,2025-06-23T08:48:00,Günde 1
417,279,21,1,5.5,5.5,2025-06-23T08:48:00,Uyku öncesi
418,279,25,4,8.5,34.0,2025-06-23T08:48:00,Günde 2
419,280,38,2,5.0,10.0,2025-06-23T09:51:00,Yemekle
420,281,4,3,8.0,24.0,2025-06-23T12:00:00,Yemekle
421,282,1,2,2.5,5.0,2025-06-23T13:04:00,Uyku öncesi
422,282,3,1,12.0,12.0,2025-06-23T13:04:00,Uyku öncesi
423,284,22,1,3.0,3.0,2025-06-23T18:02:00,Uyku öncesi
424,286,36,2,3.5,7.0,2025-06-24T14:01:00,Günde 1
425,287,15,1,6.8,6.8,2025-06-24T17:33:00,Günde 2
426,288,12,1,6.0,6.0,2025-06-25T08:31:00,Yemekle
427,289,36,4,3.5,14.0,2025-06-25T10:22:00,Aç karna
428,289,39,3,4.8,14.399999999999999,2025-06-25T10:22:00,Aç karna
429,289,38,3,5.0,15.0,2025-06-25T10:22:00,Aç karna
430,290,8,2,7.5,15.0,2025-06-25T13:33:00,Günde 2
431,290,9,3,12.0,36.0,2025-06-25T13:33:00,Günde 3
432,292,34,4,16.0,64.0,2025-06-25T14:19:00,Uyku öncesi
433,292,32,4,28.0,112.0,2025-06-25T14:19:00,Günde 1
434,293,38,4,5.0,20.0,2025-06-25T15:25:00,Günde 1
435,294,32,2,28.0,56.0,2025-06-25T16:51:00,Günde 3
436,294,34,4,16.0,64.0,2025-06-25T16:51:00,Günde 1
437,294,31,1,14.0,14.0,2025-06-25T16:51:00,Günde 3
438,295,34,2,16.0,32.0,2025-06-25T17:28:00,Günde 1
439,295,31,1,14.0,14.0,2025-06-25T17:28:00,Yemekle
440,296,39,3,4.8,14.399999999999999,2025-06-25T17:26:00,Günde 2
441,296,36,2,3.5,7.0,2025-06-25T17:26:00,Aç karna
442,297,20,2,24.0,48.0,2025-06-26T09:59:00,Aç karna
443,298,21,3,5.5,16.5,2025-06-26T10:22:00,Günde 1
444,298,23,3,9.0,27.0,2025-06-26T10:22:00,Aç karna
445,298,24,2,22.0,44.0,2025-06-26T10:22:00,Günde 3
446,299,30,1,9.5,9.5,2025-06-26T10:54:00,Günde 2
447,300,14,2,7.5,15.0,2025-06-26T14:30:00,Aç karna
448,301,38,1,5.0,5.0,2025-06-26T16:42:00,Uyku öncesi
449,301,36,4,3.5,14.0,2025-06-26T16:42:00,Günde 2
450,301,39,1,4.8,4.8,2025-06-26T16:42:00,Aç karna
451,302,18,1,18.5,18.5,2025-06-27T11:10:00,Günde 3
452,304,33,1,5.0,5.0,2025-06-27T13:11:00,Uyku öncesi
453,305,12,1,6.0,6.0,2025-06-27T14:07:00,Günde 3
454,305,13,1,4.2,4.2,2025-06-27T14:07:00,Günde 2
455,305,15,4,6.8,27.2,2025-06-27T14:07:00,Yemekle
456,306,38,2,5.0,10.0,2025-06-27T15:23:00,Aç karna
457,306,36,2,3.5,7.0,2025-06-27T15:23:00,Aç karna
458,307,10,4,38.0,152.0,2025-06-27T16:34:00,Günde 3
459,308,29,2,5.0,10.0,2025-06-27T17:24:00,Aç karna
460,309,31,3,14.0,42.0,2025-06-28T09:10:00,Yemekle
461,309,32,4,28.0,112.0,2025-06-28T09:10:00,Günde 2
462,310,22,2,3.0,6.0,2025-06-28T11:17:00,Yemekle
463,310,25,3,8.5,25.5,2025-06-28T11:17:00,Yemekle
464,311,2,4,4.5,18.0,2025-06-28T12:58:00,Günde 1
465,311,5,2,6.0,12.0,2025-06-28T12:58:00,Günde 2
466,311,3,2,12.0,24.0,2025-06-28T12:58:00,Günde 2
467,312,39,3,4.8,14.399999999999999,2025-06-28T13:10:00,Uyku öncesi
468,312,36,3,3.5,10.5,2025-06-28T13:10:00,Uyku öncesi
469,314,39,2,4.8,9.6,2025-06-28T15:56:00,Günde 3
470,314,36,1,3.5,3.5,2025-06-28T15:56:00,Günde 2
471,314,38,4,5.0,20.0,2025-06-28T15:56:00,Günde 2
472,315,22,2,3.0,6.0,2025-06-28T18:15:00,Aç karna
473,315,25,4,8.5,34.0,2025-06-28T18:15:00,Günde 3
474,315,21,1,5.5,5.5,2025-06-28T18:15:00,Günde 1
475,316,23,3,9.0,27.0,2025-06-28T18:18:00,Günde 3
476,316,21,3,5.5,16.5,2025-06-28T18:18:00,Uyku öncesi
477,316,22,3,3.0,9.0,2025-06-28T18:18:00,Günde 3
478,317,19,2,32.0,64.0,2025-06-28T19:19:00,Yemekle
479,317,20,2,24.0,48.0,2025-06-28T19:19:00,Günde 2
480,318,28,4,11.0,44.0,2025-06-29T13:02:00,Uyku öncesi
481,318,30,2,9.5,19.0,2025-06-29T13:02:00,Yemekle
482,318,29,3,5.0,15.0,2025-06-29T13:02:00,Günde 1
483,321,34,4,16.0,64.0,2025-06-29T16:09:00,Günde 1
484,321,35,3,19.5,58.5,2025-06-29T16:09:00,Yemekle
485,321,32,1,28.0,28.0,2025-06-29T16:09:00,Yemekle
486,322,12,2,6.0,12.0,2025-06-29T16:28:00,Günde 2
487,325,32,2,28.0,56.0,2025-06-30T13:13:00,Günde 2
488,325,31,1,14.0,14.0,2025-06-30T13:13:00,Günde 1
489,325,33,4,5.0,20.0,2025-06-30T13:13:00,Günde 2
490,326,19,4,32.0,128.0,2025-06-30T18:50:00,Uyku öncesi
491,327,39,4,4.8,19.2,2025-07-01T09:03:00,Günde 3
492,329,5,2,6.0,12.0,2025-07-01T15:13:00,Aç karna
493,330,32,3,28.0,84.0,2025-07-01T15:11:00,Aç karna
494,332,34,4,16.0,64.0,2025-07-02T08:26:00,Günde 2
495,332,33,2,5.0,10.0,2025-07-02T08:26:00,Günde 1
496,332,35,1,19.5,19.5,2025-07-02T08:26:00,Günde 2
497,333,5,4,6.0,24.0,2025-07-02T09:11:00,Aç karna
498,334,1,1,2.5,2.5,2025-07-02T08:58:00,Uyku öncesi
499,334,5,4,6.0,24.0,2025-07-02T08:58:00,Günde 3
500,334,2,3,4.5,13.5,2025-07-02T08:58:00,Yemekle
501,335,34,1,16.0,16.0,2025-07-02T10:05:00,Günde 1
502,335,32,1,28.0,28.0,2025-07-02T10:05:00,Günde 1
503,335,35,3,19.5,58.5,2025-07-02T10:05:00,Yemekle
504,336,25,3,8.5,25.5,2025-07-02T11:13:00,Uyku öncesi
505,337,27,1,22.0,22.0,2025-07-02T11:14:00,Günde 3
506,337,26,2,7.0,14.0,2025-07-02T11:14:00,Aç karna
507,338,25,1,8.5,8.5,2025-07-02T13:13:00,Günde 3
508,340,39,4,4.8,19.2,2025-07-02T17:43:00,Günde 2
509,341,39,3,4.8,14.399999999999999,2025-07-02T18:31:00,Günde 1
510,341,38,1,5.0,5.0,2025-07-02T18:31:00,Yemekle
511,345,18,2,18.5,37.0,2025-07-03T12:46:00,Yemekle
512,345,16,3,4.0,12.0,2025-07-03T12:46:00,Uyku öncesi
513,347,22,2,3.0,6.0,2025-07-03T16:01:00,Günde 2
514,347,25,4,8.5,34.0,2025-07-03T16:01:00,Günde 3
515,351,24,1,22.0,22.0,2025-07-04T11:17:00,Yemekle
516,351,22,2,3.0,6.0,2025-07-04T11:17:00,Yemekle
517,351,23,2,9.0,18.0,2025-07-04T11:17:00,Günde 2
518,352,16,4,4.0,16.0,2025-07-05T12:55:00,Günde 1
519,353,16,2,4.0,8.0,2025-07-05T14:19:00,Aç karna
520,354,20,3,24.0,72.0,2025-07-05T14:45:00,Aç karna
521,354,18,4,18.5,74.0,2025-07-05T14:45:00,Günde 2
522,355,20,4,24.0,96.0,2025-07-05T15:00:00,Günde 3
523,356,27,1,22.0,22.0,2025-07-05T14:46:00,Günde 3
524,357,16,1,4.0,4.0,2025-07-05T15:16:00,Uyku öncesi
525,357,19,2,32.0,64.0,2025-07-05T15:16:00,Günde 3
526,358,30,3,9.5,28.5,2025-07-05T16:42:00,Günde 2
527,360,13,4,4.2,16.8,2025-07-05T18:02:00,Aç karna
528,360,14,1,7.5,7.5,2025-07-05T18:02:00,Günde 2
529,361,21,4,5.5,22.0,2025-07-06T09:29:00,Yemekle
530,363,19,4,32.0,128.0,2025-07-06T12:07:00,Aç karna
531,363,18,2,18.5,37.0,2025-07-06T12:07:00,Yemekle
532,364,3,3,12.0,36.0,2025-07-06T13:11:00,Uyku öncesi
533,364,4,2,8.0,16.0,2025-07-06T13:11:00,Günde 3
534,365,20,1,24.0,24.0,2025-07-07T09:52:00,Günde 1
535,366,32,2,28.0,56.0,2025-07-07T10:29:00,Yemekle
536,366,31,2,14.0,28.0,2025-07-07T10:29:00,Uyku öncesi
537,367,3,2,12.0,24.0,2025-07-07T12:30:00,Günde 1
538,367,2,4,4.5,18.0,2025-07-07T12:30:00,Uyku öncesi
539,367,4,1,8.0,8.0,2025-07-07T12:30:00,Günde 3
540,368,22,2,3.0,6.0,2025-07-07T15:16:00,Uyku öncesi
541,368,21,1,5.5,5.5,2025-07-07T15:16:00,Günde 2
542,368,24,1,22.0,22.0,2025-07-07T15:16:00,Günde 3
543,369,16,1,4.0,4.0,2025-07-07T18:00:00,Günde 2
544,369,20,1,24.0,24.0,2025-07-07T18:00:00,Günde 3
545,369,18,2,18.5,37.0,2025-07-07T18:00:00,Günde 2
546,372,22,3,3.0,9.0,2025-07-07T19:03:00,Günde 3
547,372,21,3,5.5,16.5,2025-07-07T19:03:00,Uyku öncesi
548,374,11,1,5.0,5.0,2025-07-08T08:55:00,Yemekle
549,374,14,3,7.5,22.5,2025-07-08T08:55:00,Günde 1
550,374,12,2,6.0,12.0,2025-07-08T08:55:00,Yemekle
551,375,36,3,3.5,10.5,2025-07-08T11:00:00,Günde 1
552,376,14,1,7.5,7.5,2025-07-08T18:09:00,Aç karna
553,376,11,3,5.0,15.0,2025-07-08T18:09:00,Günde 3
554,376,15,3,6.8,20.4,2025-07-08T18:09:00,Günde 1
555,377,36,2,3.5,7.0,2025-07-08T18:19:00,Günde 3
556,377,38,3,5.0,15.0,2025-07-08T18:19:00,Uyku öncesi
557,378,36,4,3.5,14.0,2025-07-08T19:03:00,Yemekle
558,379,24,2,22.0,44.0,2025-07-09T08:42:00,Yemekle
559,380,24,4,22.0,88.0,2025-07-09T09:58:00,Yemekle
560,381,38,1,5.0,5.0,2025-07-09T11:21:00,Günde 3
561,382,2,1,4.5,4.5,2025-07-09T12:08:00,Uyku öncesi
562,382,3,4,12.0,48.0,2025-07-09T12:08:00,Günde 1
563,382,5,3,6.0,18.0,2025-07-09T12:08:00,Aç karna
564,383,22,2,3.0,6.0,2025-07-09T13:07:00,Günde 2
565,383,24,3,22.0,66.0,2025-07-09T13:07:00,Günde 3
566,383,23,3,9.0,27.0,2025-07-09T13:07:00,Yemekle
567,384,16,4,4.0,16.0,2025-07-09T13:32:00,Günde 1
568,384,20,2,24.0,48.0,2025-07-09T13:32:00,Yemekle
569,385,1,2,2.5,5.0,2025-07-09T15:29:00,Günde 1
570,385,4,2,8.0,16.0,2025-07-09T15:29:00,Günde 2
571,386,30,1,9.5,9.5,2025-07-09T17:04:00,Günde 3
572,387,23,1,9.0,9.0,2025-07-09T17:42:00,Yemekle
573,387,25,3,8.5,25.5,2025-07-09T17:42:00,Aç karna
574,390,34,3,16.0,48.0,2025-07-10T08:38:00,Aç karna
575,391,31,1,14.0,14.0,2025-07-10T12:29:00,Günde 2
576,391,34,3,16.0,48.0,2025-07-10T12:29:00,Yemekle
577,391,35,1,19.5,19.5,2025-07-10T12:29:00,Yemekle
578,392,28,4,11.0,44.0,2025-07-10T13:14:00,Günde 1
579,393,14,1,7.5,7.5,2025-07-10T18:41:00,Uyku öncesi
580,393,13,1,4.2,4.2,2025-07-10T18:41:00,Günde 2
581,393,11,1,5.0,5.0,2025-07-10T18:41:00,Uyku öncesi
582,394,4,4,8.0,32.0,2025-07-10T19:29:00,Günde 1
583,394,3,3,12.0,36.0,2025-07-10T19:29:00,Uyku öncesi
584,394,5,4,6.0,24.0,2025-07-10T19:29:00,Uyku öncesi
585,395,34,2,16.0,32.0,2025-07-11T08:15:00,Günde 3
586,395,35,4,19.5,78.0,2025-07-11T08:15:00,Aç karna
587,396,39,1,4.8,4.8,2025-07-11T08:22:00,Günde 2
588,398,33,4,5.0,20.0,2025-07-11T09:41:00,Aç karna
589,398,34,3,16.0,48.0,2025-07-11T09:41:00,Günde 1
590,399,1,4,2.5,10.0,2025-07-11T10:22:00,Günde 2
591,399,3,3,12.0,36.0,2025-07-11T10:22:00,Uyku öncesi
592,399,2,1,4.5,4.5,2025-07-11T10:22:00,Günde 1
593,400,1,2,2.5,5.0,2025-07-11T10:32:00,Günde 1
594,400,5,2,6.0,12.0,2025-07-11T10:32:00,Aç karna
595,401,21,4,5.5,22.0,2025-07-11T11:55:00,Uyku öncesi
596,401,22,2,3.0,6.0,2025-07-11T11:55:00,Yemekle
597,402,28,4,11.0,44.0,2025-07-11T15:04:00,Aç karna
598,402,29,1,5.0,5.0,2025-07-11T15:04:00,Uyku öncesi
599,402,26,2,7.0,14.0,2025-07-11T15:04:00,Aç karna
600,403,36,2,3.5,7.0,2025-07-11T15:20:00,Aç karna
601,404,31,1,14.0,14.0,2025-07-11T16:32:00,Günde 3
602,406,31,2,14.0,28.0,2025-07-11T17:06:00,Günde 1
603,407,20,3,24.0,72.0,2025-07-11T17:57:00,Günde 3
604,408,38,1,5.0,5.0,2025-07-12T09:16:00,Günde 1
605,409,24,2,22.0,44.0,2025-07-12T09:47:00,Yemekle
606,409,25,2,8.5,17.0,2025-07-12T09:47:00,Günde 1
607,409,22,1,3.0,3.0,2025-07-12T09:47:00,Aç karna
608,410,26,2,7.0,14.0,2025-07-12T11:45:00,Günde 2
609,410,29,2,5.0,10.0,2025-07-12T11:45:00,Günde 3
610,412,20,1,24.0,24.0,2025-07-12T13:28:00,Aç karna
611,413,19,1,32.0,32.0,2025-07-12T13:49:00,Aç karna
612,415,31,2,14.0,28.0,2025-07-12T16:11:00,Yemekle
613,415,35,4,19.5,78.0,2025-07-12T16:11:00,Günde 1
614,416,36,3,3.5,10.5,2025-07-13T08:33:00,Günde 2
615,417,20,2,24.0,48.0,2025-07-13T10:47:00,Uyku öncesi
616,417,16,1,4.0,4.0,2025-07-13T10:47:00,Aç karna
617,418,18,3,18.5,55.5,2025-07-13T16:23:00,Aç karna
618,419,15,1,6.8,6.8,2025-07-14T10:27:00,Yemekle
619,419,14,4,7.5,30.0,2025-07-14T10:27:00,Günde 1
620,419,12,1,6.0,6.0,2025-07-14T10:27:00,Aç karna
621,420,35,2,19.5,39.0,2025-07-14T12:22:00,Günde 1
622,421,23,4,9.0,36.0,2025-07-14T12:45:00,Günde 1
623,421,25,3,8.5,25.5,2025-07-14T12:45:00,Günde 3
624,422,32,1,28.0,28.0,2025-07-14T15:22:00,Yemekle
625,422,34,4,16.0,64.0,2025-07-14T15:22:00,Yemekle
626,422,35,2,19.5,39.0,2025-07-14T15:22:00,Uyku öncesi
627,424,36,1,3.5,3.5,2025-07-14T17:57:00,Uyku öncesi
628,425,39,2,4.8,9.6,2025-07-14T17:46:00,Uyku öncesi
629,425,38,3,5.0,15.0,2025-07-14T17:46:00,Aç karna
630,426,13,1,4.2,4.2,2025-07-15T09:06:00,Yemekle
631,427,23,3,9.0,27.0,2025-07-15T14:05:00,Uyku öncesi
632,428,18,3,18.5,55.5,2025-07-15T14:31:00,Günde 2
633,429,14,2,7.5,15.0,2025-07-15T16:32:00,Uyku öncesi
634,429,12,1,6.0,6.0,2025-07-15T16:32:00,Günde 1
635,430,28,1,11.0,11.0,2025-07-15T17:26:00,Günde 3
636,430,29,1,5.0,5.0,2025-07-15T17:26:00,Uyku öncesi
637,430,26,1,7.0,7.0,2025-07-15T17:26:00,Uyku öncesi
638,431,36,3,3.5,10.5,2025-07-15T18:15:00,Uyku öncesi
639,431,38,3,5.0,15.0,2025-07-15T18:15:00,Yemekle
640,434,38,3,5.0,15.0,2025-07-16T11:05:00,Yemekle
641,435,36,1,3.5,3.5,2025-07-16T12:33:00,Uyku öncesi
642,437,33,3,5.0,15.0,2025-07-16T14:21:00,Aç karna
643,437,34,2,16.0,32.0,2025-07-16T14:21:00,Yemekle
644,437,32,2,28.0,56.0,2025-07-16T14:21:00,Günde 3
645,438,7,2,9.0,18.0,2025-07-16T18:01:00,Günde 2
646,438,8,1,7.5,7.5,2025-07-16T18:01:00,Aç karna
647,438,6,1,2.2,2.2,2025-07-16T18:01:00,Günde 2
648,439,38,1,5.0,5.0,2025-07-16T19:01:00,Günde 2
649,440,35,3,19.5,58.5,2025-07-17T08:45:00,Günde 1
650,440,31,1,14.0,14.0,2025-07-17T08:45:00,Yemekle
651,440,34,4,16.0,64.0,2025-07-17T08:45:00,Uyku öncesi
652,441,18,3,18.5,55.5,2025-07-17T08:32:00,Günde 1
653,444,36,4,3.5,14.0,2025-07-17T13:22:00,Uyku öncesi
654,444,38,4,5.0,20.0,2025-07-17T13:22:00,Yemekle
655,445,24,1,22.0,22.0,2025-07-17T13:39:00,Uyku öncesi
656,445,22,4,3.0,12.0,2025-07-17T13:39:00,Günde 2
657,446,22,1,3.0,3.0,2025-07-17T14:59:00,Uyku öncesi
658,446,24,1,22.0,22.0,2025-07-17T14:59:00,Yemekle
659,446,23,3,9.0,27.0,2025-07-17T14:59:00,Yemekle
660,447,4,2,8.0,16.0,2025-07-17T15:30:00,Uyku öncesi
661,447,5,3,6.0,18.0,2025-07-17T15:30:00,Aç karna
662,449,38,3,5.0,15.0,2025-07-17T18:29:00,Yemekle
663,450,11,1,5.0,5.0,2025-07-18T11:13:00,Günde 2
664,450,13,4,4.2,16.8,2025-07-18T11:13:00,Aç karna
665,450,12,2,6.0,12.0,2025-07-18T11:13:00,Günde 2
666,451,1,4,2.5,10.0,2025-07-18T13:03:00,Uyku öncesi
667,451,3,4,12.0,48.0,2025-07-18T13:03:00,Günde 3
668,452,6,4,2.2,8.8,2025-07-18T14:09:00,Aç karna
669,453,38,1,5.0,5.0,2025-07-18T17:01:00,Günde 3
670,454,32,1,28.0,28.0,2025-07-18T17:58:00,Yemekle
671,454,34,2,16.0,32.0,2025-07-18T17:58:00,Yemekle
672,454,35,1,19.5,19.5,2025-07-18T17:58:00,Günde 2
673,456,2,4,4.5,18.0,2025-07-18T18:07:00,Aç karna
674,456,1,1,2.5,2.5,2025-07-18T18:07:00,Günde 1
675,458,21,4,5.5,22.0,2025-07-18T18:53:00,Aç karna
676,458,24,4,22.0,88.0,2025-07-18T18:53:00,Aç karna
677,459,38,2,5.0,10.0,2025-07-19T08:47:00,Yemekle
678,460,1,2,2.5,5.0,2025-07-19T09:21:00,Yemekle
679,461,19,4,32.0,128.0,2025-07-19T09:44:00,Günde 2
680,461,16,4,4.0,16.0,2025-07-19T09:44:00,Günde 2
681,461,18,1,18.5,18.5,2025-07-19T09:44:00,Yemekle
682,462,36,4,3.5,14.0,2025-07-19T11:02:00,Aç karna
683,462,38,4,5.0,20.0,2025-07-19T11:02:00,Uyku öncesi
684,463,39,1,4.8,4.8,2025-07-19T11:54:00,Günde 2
685,464,36,1,3.5,3.5,2025-07-19T13:07:00,Günde 1
686,464,38,3,5.0,15.0,2025-07-19T13:07:00,Günde 3
687,466,4,1,8.0,8.0,2025-07-19T19:35:00,Uyku öncesi
688,467,35,4,19.5,78.0,2025-07-20T10:10:00,Uyku öncesi
689,467,31,2,14.0,28.0,2025-07-20T10:10:00,Yemekle
690,467,33,4,5.0,20.0,2025-07-20T10:10:00,Günde 3
691,469,12,2,6.0,12.0,2025-07-20T15:09:00,Yemekle
692,470,35,4,19.5,78.0,2025-07-20T15:44:00,Uyku öncesi
693,470,32,4,28.0,112.0,2025-07-20T15:44:00,Günde 2
694,470,34,2,16.0,32.0,2025-07-20T15:44:00,Yemekle
695,471,27,1,22.0,22.0,2025-07-20T16:19:00,Günde 3
696,471,26,2,7.0,14.0,2025-07-20T16:19:00,Günde 2
697,472,28,1,11.0,11.0,2025-07-20T18:14:00,Yemekle
698,473,38,3,5.0,15.0,2025-07-21T09:52:00,Aç karna
699,476,8,2,7.5,15.0,2025-07-21T12:38:00,Uyku öncesi
700,476,10,3,38.0,114.0,2025-07-21T12:38:00,Yemekle
701,476,6,1,2.2,2.2,2025-07-21T12:38:00,Aç karna
702,477,34,1,16.0,16.0,2025-07-21T13:58:00,Günde 1
703,478,36,4,3.5,14.0,2025-07-21T14:57:00,Günde 2
704,479,23,3,9.0,27.0,2025-07-21T15:24:00,Günde 2
705,482,14,3,7.5,22.5,2025-07-22T09:39:00,Aç karna
706,483,36,1,3.5,3.5,2025-07-22T10:41:00,Yemekle
707,484,31,3,14.0,42.0,2025-07-22T11:12:00,Günde 1
708,484,34,3,16.0,48.0,2025-07-22T11:12:00,Aç karna
709,484,32,4,28.0,112.0,2025-07-22T11:12:00,Yemekle
710,485,39,3,4.8,14.399999999999999,2025-07-22T12:13:00,Günde 1
711,485,38,3,5.0,15.0,2025-07-22T12:13:00,Uyku öncesi
712,487,36,1,3.5,3.5,2025-07-22T13:23:00,Aç karna
713,487,39,4,4.8,19.2,2025-07-22T13:23:00,Günde 3
714,489,31,1,14.0,14.0,2025-07-22T18:05:00,Uyku öncesi
715,489,34,2,16.0,32.0,2025-07-22T18:05:00,Uyku öncesi
716,489,35,2,19.5,39.0,2025-07-22T18:05:00,Günde 2
717,491,21,1,5.5,5.5,2025-07-23T10:34:00,Günde 3
718,491,24,1,22.0,22.0,2025-07-23T10:34:00,Aç karna
719,492,38,4,5.0,20.0,2025-07-23T10:54:00,Aç karna
720,492,36,2,3.5,7.0,2025-07-23T10:54:00,Uyku öncesi
721,493,19,3,32.0,96.0,2025-07-23T13:21:00,Günde 1
722,493,18,2,18.5,37.0,2025-07-23T13:21:00,Günde 2
723,494,23,1,9.0,9.0,2025-07-23T14:02:00,Aç karna
724,494,24,4,22.0,88.0,2025-07-23T14:02:00,Aç karna
725,495,10,1,38.0,38.0,2025-07-23T15:29:00,Aç karna
726,496,32,3,28.0,84.0,2025-07-23T18:42:00,Uyku öncesi
727,496,33,4,5.0,20.0,2025-07-23T18:42:00,Günde 1
728,496,34,3,16.0,48.0,2025-07-23T18:42:00,Günde 2
729,497,12,1,6.0,6.0,2025-07-23T18:51:00,Günde 2
730,499,21,3,5.5,16.5,2025-07-24T09:43:00,Yemekle
731,499,24,4,22.0,88.0,2025-07-24T09:43:00,Günde 1
732,499,23,1,9.0,9.0,2025-07-24T09:43:00,Uyku öncesi
733,504,13,1,4.2,4.2,2025-07-24T19:08:00,Aç karna
734,504,14,1,7.5,7.5,2025-07-24T19:08:00,Uyku öncesi
735,505,35,3,19.5,58.5,2025-07-25T09:46:00,Günde 3
736,506,31,2,14.0,28.0,2025-07-25T13:26:00,Günde 2
737,506,35,1,19.5,19.5,2025-07-25T13:26:00,Günde 3
738,506,34,3,16.0,48.0,2025-07-25T13:26:00,Aç karna
739,507,20,3,24.0,72.0,2025-07-25T16:34:00,Günde 3
740,511,22,1,3.0,3.0,2025-07-25T18:26:00,Uyku öncesi
741,512,38,2,5.0,10.0,2025-07-26T08:18:00,Aç karna
742,512,36,3,3.5,10.5,2025-07-26T08:18:00,Uyku öncesi
743,513,21,1,5.5,5.5,2025-07-26T11:22:00,Günde 2
744,514,16,2,4.0,8.0,2025-07-26T13:31:00,Günde 1
745,515,31,4,14.0,56.0,2025-07-26T15:07:00,Yemekle
746,516,24,2,22.0,44.0,2025-07-27T13:13:00,Aç karna
747,516,22,3,3.0,9.0,2025-07-27T13:13:00,Yemekle
748,517,33,3,5.0,15.0,2025-07-27T14:57:00,Yemekle
749,519,39,3,4.8,14.399999999999999,2025-07-27T15:36:00,Aç karna
750,521,3,2,12.0,24.0,2025-07-27T17:36:00,Günde 1
751,521,1,3,2.5,7.5,2025-07-27T17:36:00,Günde 2
752,521,4,1,8.0,8.0,2025-07-27T17:36:00,Aç karna
753,523,25,4,8.5,34.0,2025-07-28T09:59:00,Uyku öncesi
754,523,24,1,22.0,22.0,2025-07-28T09:59:00,Yemekle
755,523,23,3,9.0,27.0,2025-07-28T09:59:00,Günde 1
756,526,38,3,5.0,15.0,2025-07-28T14:23:00,Günde 2
757,526,39,3,4.8,14.399999999999999,2025-07-28T14:23:00,Aç karna
758,527,3,1,12.0,12.0,2025-07-28T15:43:00,Günde 3
759,527,4,2,8.0,16.0,2025-07-28T15:43:00,Uyku öncesi
760,527,5,2,6.0,12.0,2025-07-28T15:43:00,Uyku öncesi
761,528,16,2,4.0,8.0,2025-07-28T17:56:00,Yemekle
762,528,19,3,32.0,96.0,2025-07-28T17:56:00,Günde 2
763,529,2,1,4.5,4.5,2025-07-28T19:17:00,Günde 1
764,529,3,3,12.0,36.0,2025-07-28T19:17:00,Günde 2
765,529,4,3,8.0,24.0,2025-07-28T19:17:00,Yemekle
766,532,38,3,5.0,15.0,2025-07-29T10:39:00,Aç karna
767,533,12,1,6.0,6.0,2025-07-29T12:04:00,Günde 1
768,533,15,2,6.8,13.6,2025-07-29T12:04:00,Uyku öncesi
769,534,23,3,9.0,27.0,2025-07-29T12:22:00,Uyku öncesi
770,535,22,1,3.0,3.0,2025-07-29T14:33:00,Günde 3
771,535,21,2,5.5,11.0,2025-07-29T14:33:00,Günde 1
772,537,39,3,4.8,14.399999999999999,2025-07-29T16:06:00,Günde 3
773,538,5,4,6.0,24.0,2025-07-29T18:00:00,Günde 2
774,538,4,3,8.0,24.0,2025-07-29T18:00:00,Aç karna
775,538,3,3,12.0,36.0,2025-07-29T18:00:00,Günde 1
776,539,38,3,5.0,15.0,2025-07-29T19:11:00,Günde 3
777,539,39,2,4.8,9.6,2025-07-29T19:11:00,Yemekle
778,541,4,1,8.0,8.0,2025-07-30T12:22:00,Günde 2
779,543,18,3,18.5,55.5,2025-07-30T14:08:00,Günde 3
780,544,3,3,12.0,36.0,2025-07-30T14:24:00,Günde 2
781,544,4,2,8.0,16.0,2025-07-30T14:24:00,Günde 3
782,546,23,4,9.0,36.0,2025-07-30T15:45:00,Günde 2
783,548,35,1,19.5,19.5,2025-07-31T11:46:00,Uyku öncesi
784,549,36,4,3.5,14.0,2025-07-31T12:24:00,Aç karna
785,550,16,4,4.0,16.0,2025-07-31T15:34:00,Günde 3
786,550,18,3,18.5,55.5,2025-07-31T15:34:00,Günde 1
787,553,39,2,4.8,9.6,2025-08-01T10:37:00,Aç karna
788,554,25,2,8.5,17.0,2025-08-01T13:35:00,Günde 2
789,554,23,3,9.0,27.0,2025-08-01T13:35:00,Günde 2
790,554,21,4,5.5,22.0,2025-08-01T13:35:00,Yemekle
791,555,4,3,8.0,24.0,2025-08-01T17:05:00,Aç karna
792,556,38,4,5.0,20.0,2025-08-02T18:21:00,Günde 1
793,556,36,3,3.5,10.5,2025-08-02T18:21:00,Günde 3
794,557,3,1,12.0,12.0,2025-08-02T19:14:00,Günde 2
795,557,1,3,2.5,7.5,2025-08-02T19:14:00,Yemekle
796,557,5,4,6.0,24.0,2025-08-02T19:14:00,Uyku öncesi
797,558,13,1,4.2,4.2,2025-08-03T12:48:00,Günde 1
798,558,12,1,6.0,6.0,2025-08-03T12:48:00,Günde 2
799,558,15,1,6.8,6.8,2025-08-03T12:48:00,Aç karna
800,559,16,4,4.0,16.0,2025-08-03T12:43:00,Günde 1
801,560,19,1,32.0,32.0,2025-08-04T09:47:00,Uyku öncesi
802,560,18,1,18.5,18.5,2025-08-04T09:47:00,Günde 2
803,561,2,4,4.5,18.0,2025-08-04T10:33:00,Günde 3
804,562,13,1,4.2,4.2,2025-08-04T10:54:00,Günde 1
805,562,14,3,7.5,22.5,2025-08-04T10:54:00,Günde 3
806,563,16,4,4.0,16.0,2025-08-04T10:46:00,Yemekle
807,563,20,4,24.0,96.0,2025-08-04T10:46:00,Günde 3
808,563,18,1,18.5,18.5,2025-08-04T10:46:00,Günde 3
809,565,30,3,9.5,28.5,2025-08-04T18:44:00,Aç karna
810,565,28,3,11.0,33.0,2025-08-04T18:44:00,Yemekle
811,566,13,2,4.2,8.4,2025-08-04T18:57:00,Günde 2
812,566,11,3,5.0,15.0,2025-08-04T18:57:00,Yemekle
813,566,12,1,6.0,6.0,2025-08-04T18:57:00,Yemekle
814,567,12,2,6.0,12.0,2025-08-04T18:56:00,Günde 2
815,567,13,1,4.2,4.2,2025-08-04T18:56:00,Aç karna
816,567,11,4,5.0,20.0,2025-08-04T18:56:00,Yemekle
817,568,31,2,14.0,28.0,2025-08-04T19:22:00,Günde 1
818,569,5,2,6.0,12.0,2025-08-05T09:09:00,Yemekle
819,569,2,2,4.5,9.0,2025-08-05T09:09:00,Uyku öncesi
820,569,1,3,2.5,7.5,2025-08-05T09:09:00,Aç karna
821,572,29,4,5.0,20.0,2025-08-05T12:49:00,Yemekle
822,572,30,1,9.5,9.5,2025-08-05T12:49:00,Uyku öncesi
823,573,38,1,5.0,5.0,2025-08-05T13:11:00,Günde 2
824,573,36,4,3.5,14.0,2025-08-05T13:11:00,Yemekle
825,574,16,2,4.0,8.0,2025-08-05T13:57:00,Günde 2
826,575,25,4,8.5,34.0,2025-08-05T18:07:00,Günde 1
827,575,23,2,9.0,18.0,2025-08-05T18:07:00,Günde 3
828,575,24,1,22.0,22.0,2025-08-05T18:07:00,Yemekle
829,576,39,1,4.8,4.8,2025-08-05T19:05:00,Günde 3
830,578,30,1,9.5,9.5,2025-08-06T10:06:00,Aç karna
831,578,27,1,22.0,22.0,2025-08-06T10:06:00,Aç karna
832,578,29,2,5.0,10.0,2025-08-06T10:06:00,Günde 2
833,579,38,3,5.0,15.0,2025-08-06T11:44:00,Günde 2
834,579,36,3,3.5,10.5,2025-08-06T11:44:00,Uyku öncesi
835,581,32,1,28.0,28.0,2025-08-06T12:57:00,Aç karna
836,582,11,4,5.0,20.0,2025-08-06T13:30:00,Aç karna
837,582,12,4,6.0,24.0,2025-08-06T13:30:00,Günde 1
838,583,13,4,4.2,16.8,2025-08-06T14:49:00,Günde 2
839,583,12,1,6.0,6.0,2025-08-06T14:49:00,Günde 2
840,583,15,2,6.8,13.6,2025-08-06T14:49:00,Aç karna
841,584,22,1,3.0,3.0,2025-08-06T16:15:00,Günde 3
842,584,24,2,22.0,44.0,2025-08-06T16:15:00,Günde 2
843,585,13,4,4.2,16.8,2025-08-06T16:08:00,Günde 1
844,585,11,3,5.0,15.0,2025-08-06T16:08:00,Uyku öncesi
845,586,24,2,22.0,44.0,2025-08-07T10:57:00,Günde 1
846,586,23,1,9.0,9.0,2025-08-07T10:57:00,Günde 3
847,586,21,2,5.5,11.0,2025-08-07T10:57:00,Aç karna
848,587,5,2,6.0,12.0,2025-08-07T15:46:00,Aç karna
849,587,4,4,8.0,32.0,2025-08-07T15:46:00,Günde 3
850,588,31,4,14.0,56.0,2025-08-07T15:46:00,Aç karna
851,588,32,3,28.0,84.0,2025-08-07T15:46:00,Aç karna
852,588,34,1,16.0,16.0,2025-08-07T15:46:00,Yemekle
853,590,19,1,32.0,32.0,2025-08-07T18:16:00,Günde 3
854,591,34,2,16.0,32.0,2025-08-07T18:04:00,Günde 2
855,591,32,2,28.0,56.0,2025-08-07T18:04:00,Aç karna
856,592,22,4,3.0,12.0,2025-08-08T10:04:00,Günde 2
857,593,31,1,14.0,14.0,2025-08-08T11:32:00,Günde 2
858,593,33,1,5.0,5.0,2025-08-08T11:32:00,Yemekle
859,594,1,2,2.5,5.0,2025-08-08T13:46:00,Uyku öncesi
860,594,2,1,4.5,4.5,2025-08-08T13:46:00,Günde 3
861,594,4,4,8.0,32.0,2025-08-08T13:46:00,Uyku öncesi
862,595,36,1,3.5,3.5,2025-08-08T15:51:00,Günde 2
863,595,38,1,5.0,5.0,2025-08-08T15:51:00,Yemekle
864,597,34,3,16.0,48.0,2025-08-08T17:21:00,Uyku öncesi
865,597,31,4,14.0,56.0,2025-08-08T17:21:00,Aç karna
866,597,35,1,19.5,19.5,2025-08-08T17:21:00,Uyku öncesi
867,598,21,1,5.5,5.5,2025-08-08T18:49:00,Aç karna
868,598,22,2,3.0,6.0,2025-08-08T18:49:00,Uyku öncesi
869,599,8,1,7.5,7.5,2025-08-08T19:10:00,Günde 2
870,602,20,2,24.0,48.0,2025-08-09T13:26:00,Günde 2
871,602,16,3,4.0,12.0,2025-08-09T13:26:00,Günde 3
872,603,1,4,2.5,10.0,2025-08-09T13:27:00,Aç karna
873,603,4,1,8.0,8.0,2025-08-09T13:27:00,Yemekle
874,603,3,2,12.0,24.0,2025-08-09T13:27:00,Günde 1
875,604,29,4,5.0,20.0,2025-08-09T13:50:00,Yemekle
876,604,26,2,7.0,14.0,2025-08-09T13:50:00,Günde 1
877,605,36,2,3.5,7.0,2025-08-09T14:38:00,Günde 1
878,605,39,1,4.8,4.8,2025-08-09T14:38:00,Yemekle
879,608,28,1,11.0,11.0,2025-08-09T17:07:00,Yemekle
880,608,30,1,9.5,9.5,2025-08-09T17:07:00,Aç karna
881,609,12,4,6.0,24.0,2025-08-09T17:17:00,Aç karna
882,609,15,2,6.8,13.6,2025-08-09T17:17:00,Günde 2
883,609,13,2,4.2,8.4,2025-08-09T17:17:00,Günde 2
884,610,25,3,8.5,25.5,2025-08-09T18:10:00,Günde 2
885,610,23,3,9.0,27.0,2025-08-09T18:10:00,Uyku öncesi
886,610,21,1,5.5,5.5,2025-08-09T18:10:00,Yemekle
887,611,31,3,14.0,42.0,2025-08-09T18:33:00,Günde 3
888,611,32,3,28.0,84.0,2025-08-09T18:33:00,Günde 2
889,611,35,3,19.5,58.5,2025-08-09T18:33:00,Aç karna
890,612,36,1,3.5,3.5,2025-08-10T13:26:00,Günde 1
891,613,11,2,5.0,10.0,2025-08-10T14:28:00,Günde 1
892,614,1,1,2.5,2.5,2025-08-10T17:32:00,Günde 1
893,614,4,2,8.0,16.0,2025-08-10T17:32:00,Uyku öncesi
894,614,3,4,12.0,48.0,2025-08-10T17:32:00,Yemekle
895,615,12,3,6.0,18.0,2025-08-10T18:56:00,Aç karna
896,616,33,2,5.0,10.0,2025-08-10T19:09:00,Günde 3
897,617,3,1,12.0,12.0,2025-08-11T11:43:00,Yemekle
898,617,4,4,8.0,32.0,2025-08-11T11:43:00,Günde 1
899,618,18,2,18.5,37.0,2025-08-11T11:50:00,Günde 2
900,619,1,4,2.5,10.0,2025-08-11T12:07:00,Günde 1
901,619,3,2,12.0,24.0,2025-08-11T12:07:00,Uyku öncesi
902,619,4,2,8.0,16.0,2025-08-11T12:07:00,Yemekle
903,620,16,3,4.0,12.0,2025-08-11T13:54:00,Aç karna
904,622,16,4,4.0,16.0,2025-08-11T15:54:00,Günde 2
905,623,27,4,22.0,88.0,2025-08-11T17:29:00,Yemekle
906,623,28,2,11.0,22.0,2025-08-11T17:29:00,Aç karna
907,623,29,1,5.0,5.0,2025-08-11T17:29:00,Günde 2
908,624,31,3,14.0,42.0,2025-08-11T17:47:00,Günde 1
909,624,33,4,5.0,20.0,2025-08-11T17:47:00,Günde 2
910,624,34,3,16.0,48.0,2025-08-11T17:47:00,Günde 2
911,625,18,4,18.5,74.0,2025-08-11T18:03:00,Aç karna
912,626,38,3,5.0,15.0,2025-08-11T18:30:00,Uyku öncesi
913,626,39,3,4.8,14.399999999999999,2025-08-11T18:30:00,Günde 2
914,629,5,4,6.0,24.0,2025-08-12T12:59:00,Günde 3
915,629,1,2,2.5,5.0,2025-08-12T12:59:00,Günde 3
916,629,3,2,12.0,24.0,2025-08-12T12:59:00,Aç karna
917,630,16,3,4.0,12.0,2025-08-12T15:59:00,Uyku öncesi
918,631,26,4,7.0,28.0,2025-08-12T16:08:00,Uyku öncesi
919,631,27,1,22.0,22.0,2025-08-12T16:08:00,Yemekle
920,631,28,2,11.0,22.0,2025-08-12T16:08:00,Yemekle
921,632,24,2,22.0,44.0,2025-08-12T19:03:00,Günde 3
922,633,19,3,32.0,96.0,2025-08-13T10:10:00,Günde 1
923,633,18,4,18.5,74.0,2025-08-13T10:10:00,Günde 1
924,635,3,3,12.0,36.0,2025-08-13T15:39:00,Yemekle
925,635,4,4,8.0,32.0,2025-08-13T15:39:00,Uyku öncesi
926,637,36,1,3.5,3.5,2025-08-14T12:39:00,Uyku öncesi
927,638,25,4,8.5,34.0,2025-08-14T14:51:00,Günde 2
928,638,22,4,3.0,12.0,2025-08-14T14:51:00,Günde 1
929,638,23,4,9.0,36.0,2025-08-14T14:51:00,Uyku öncesi
930,640,27,2,22.0,44.0,2025-08-15T11:34:00,Aç karna
931,641,36,1,3.5,3.5,2025-08-15T12:12:00,Uyku öncesi
932,641,38,1,5.0,5.0,2025-08-15T12:12:00,Aç karna
933,642,18,3,18.5,55.5,2025-08-15T14:19:00,Uyku öncesi
934,642,20,3,24.0,72.0,2025-08-15T14:19:00,Yemekle
935,642,16,1,4.0,4.0,2025-08-15T14:19:00,Günde 2
936,644,26,4,7.0,28.0,2025-08-15T16:34:00,Günde 2
937,644,27,2,22.0,44.0,2025-08-15T16:34:00,Günde 2
938,644,30,2,9.5,19.0,2025-08-15T16:34:00,Günde 3
939,646,35,2,19.5,39.0,2025-08-16T12:11:00,Günde 2
940,646,32,2,28.0,56.0,2025-08-16T12:11:00,Günde 2
941,646,33,4,5.0,20.0,2025-08-16T12:11:00,Uyku öncesi
942,647,25,2,8.5,17.0,2025-08-16T12:55:00,Aç karna
943,647,21,3,5.5,16.5,2025-08-16T12:55:00,Aç karna
944,647,22,1,3.0,3.0,2025-08-16T12:55:00,Günde 3
945,648,23,3,9.0,27.0,2025-08-16T14:53:00,Yemekle
946,650,28,1,11.0,11.0,2025-08-17T10:37:00,Günde 3
947,650,29,4,5.0,20.0,2025-08-17T10:37:00,Günde 1
948,651,25,2,8.5,17.0,2025-08-17T10:30:00,Aç karna
949,651,21,3,5.5,16.5,2025-08-17T10:30:00,Uyku öncesi
950,652,24,1,22.0,22.0,2025-08-17T11:25:00,Günde 3
951,652,22,4,3.0,12.0,2025-08-17T11:25:00,Günde 1
952,653,23,1,9.0,9.0,2025-08-17T11:25:00,Aç karna
953,654,4,2,8.0,16.0,2025-08-17T12:53:00,Günde 1
954,654,5,1,6.0,6.0,2025-08-17T12:53:00,Aç karna
955,656,18,1,18.5,18.5,2025-08-17T14:50:00,Günde 2
956,656,16,2,4.0,8.0,2025-08-17T14:50:00,Günde 2
957,656,20,2,24.0,48.0,2025-08-17T14:50:00,Günde 1
958,657,21,1,5.5,5.5,2025-08-17T16:56:00,Yemekle
959,657,24,1,22.0,22.0,2025-08-17T16:56:00,Aç karna
960,657,22,3,3.0,9.0,2025-08-17T16:56:00,Günde 1
961,658,5,3,6.0,18.0,2025-08-17T17:51:00,Günde 3
962,658,3,2,12.0,24.0,2025-08-17T17:51:00,Uyku öncesi
963,659,22,1,3.0,3.0,2025-08-18T09:44:00,Günde 3
964,659,23,2,9.0,18.0,2025-08-18T09:44:00,Günde 3
965,661,39,3,4.8,14.399999999999999,2025-08-18T15:43:00,Günde 3
966,661,36,4,3.5,14.0,2025-08-18T15:43:00,Günde 3
967,664,39,4,4.8,19.2,2025-08-19T10:55:00,Aç karna
968,665,34,2,16.0,32.0,2025-08-19T18:49:00,Yemekle
969,666,34,1,16.0,16.0,2025-08-19T19:06:00,Yemekle
970,666,31,1,14.0,14.0,2025-08-19T19:06:00,Günde 2
971,666,32,2,28.0,56.0,2025-08-19T19:06:00,Günde 3
972,667,2,3,4.5,13.5,2025-08-19T19:05:00,Günde 1
973,667,3,2,12.0,24.0,2025-08-19T19:05:00,Günde 3
974,668,32,3,28.0,84.0,2025-08-20T09:04:00,Yemekle
975,669,16,3,4.0,12.0,2025-08-20T09:22:00,Yemekle
976,670,32,4,28.0,112.0,2025-08-20T09:57:00,Uyku öncesi
977,670,35,1,19.5,19.5,2025-08-20T09:57:00,Günde 1
978,671,34,3,16.0,48.0,2025-08-20T11:08:00,Günde 2
979,672,25,3,8.5,25.5,2025-08-20T11:57:00,Uyku öncesi
980,672,24,2,22.0,44.0,2025-08-20T11:57:00,Günde 2
981,673,20,3,24.0,72.0,2025-08-20T11:57:00,Yemekle
982,675,24,3,22.0,66.0,2025-08-20T14:22:00,Günde 3
983,675,22,1,3.0,3.0,2025-08-20T14:22:00,Aç karna
984,677,36,1,3.5,3.5,2025-08-20T15:15:00,Aç karna
985,678,36,1,3.5,3.5,2025-08-20T15:13:00,Günde 1
986,679,4,3,8.0,24.0,2025-08-20T16:09:00,Aç karna
987,679,5,2,6.0,12.0,2025-08-20T16:09:00,Uyku öncesi
988,679,3,3,12.0,36.0,2025-08-20T16:09:00,Yemekle
989,680,39,4,4.8,19.2,2025-08-20T16:36:00,Aç karna
990,680,36,2,3.5,7.0,2025-08-20T16:36:00,Günde 3
991,680,38,2,5.0,10.0,2025-08-20T16:36:00,Günde 2
992,681,35,1,19.5,19.5,2025-08-20T17:15:00,Yemekle
993,681,31,3,14.0,42.0,2025-08-20T17:15:00,Günde 1
994,682,26,1,7.0,7.0,2025-08-21T10:58:00,Yemekle
995,682,27,1,22.0,22.0,2025-08-21T10:58:00,Günde 3
996,683,25,1,8.5,8.5,2025-08-21T11:01:00,Günde 1
997,683,24,2,22.0,44.0,2025-08-21T11:01:00,Günde 1
998,683,23,1,9.0,9.0,2025-08-21T11:01:00,Günde 2
999,684,38,3,5.0,15.0,2025-08-21T15:29:00,Yemekle
1000,686,22,4,3.0,12.0,2025-08-21T17:49:00,Günde 2
1001,687,30,3,9.5,28.5,2025-08-22T10:14:00,Aç karna
1002,689,36,1,3.5,3.5,2025-08-22T11:20:00,Günde 3
1003,691,36,1,3.5,3.5,2025-08-22T15:03:00,Günde 3
1004,691,39,3,4.8,14.399999999999999,2025-08-22T15:03:00,Yemekle
1005,692,18,3,18.5,55.5,2025-08-22T16:24:00,Günde 3
1006,692,20,2,24.0,48.0,2025-08-22T16:24:00,Aç karna
1007,693,26,1,7.0,7.0,2025-08-23T11:39:00,Yemekle
1008,693,27,3,22.0,66.0,2025-08-23T11:39:00,Günde 3
1009,694,27,2,22.0,44.0,2025-08-23T13:37:00,Günde 2
1010,695,36,2,3.5,7.0,2025-08-23T19:10:00,Aç karna
1011,695,39,4,4.8,19.2,2025-08-23T19:10:00,Günde 1
1012,696,34,1,16.0,16.0,2025-08-24T09:14:00,Günde 1
1013,698,36,2,3.5,7.0,2025-08-24T12:02:00,Aç karna
1014,699,8,1,7.5,7.5,2025-08-24T12:43:00,Yemekle
1015,699,7,3,9.0,27.0,2025-08-24T12:43:00,Uyku öncesi
1016,703,25,1,8.5,8.5,2025-08-25T09:57:00,Aç karna
1017,704,14,3,7.5,22.5,2025-08-25T09:37:00,Uyku öncesi
1018,705,1,2,2.5,5.0,2025-08-25T10:12:00,Uyku öncesi
1019,706,21,4,5.5,22.0,2025-08-25T10:47:00,Aç karna
1020,706,25,2,8.5,17.0,2025-08-25T10:47:00,Yemekle
1021,707,36,4,3.5,14.0,2025-08-25T10:43:00,Uyku öncesi
1022,708,38,4,5.0,20.0,2025-08-25T10:43:00,Günde 2
1023,709,30,3,9.5,28.5,2025-08-25T10:59:00,Günde 3
1024,710,39,1,4.8,4.8,2025-08-25T11:36:00,Günde 2
1025,710,38,1,5.0,5.0,2025-08-25T11:36:00,Uyku öncesi
1026,711,1,2,2.5,5.0,2025-08-26T08:35:00,Günde 2
1027,711,4,2,8.0,16.0,2025-08-26T08:35:00,Aç karna
1028,711,3,3,12.0,36.0,2025-08-26T08:35:00,Günde 2
1029,712,38,2,5.0,10.0,2025-08-26T09:14:00,Uyku öncesi
1030,712,36,1,3.5,3.5,2025-08-26T09:14:00,Uyku öncesi
1031,714,28,1,11.0,11.0,2025-08-26T09:45:00,Aç karna
1032,714,27,4,22.0,88.0,2025-08-26T09:45:00,Günde 2
1033,714,30,3,9.5,28.5,2025-08-26T09:45:00,Günde 2
1034,715,39,2,4.8,9.6,2025-08-26T09:54:00,Günde 2
1035,715,38,3,5.0,15.0,2025-08-26T09:54:00,Günde 2
1036,715,36,3,3.5,10.5,2025-08-26T09:54:00,Aç karna
1037,716,22,3,3.0,9.0,2025-08-26T10:29:00,Günde 3
1038,716,24,3,22.0,66.0,2025-08-26T10:29:00,Aç karna
1039,716,21,2,5.5,11.0,2025-08-26T10:29:00,Günde 1
1040,718,29,4,5.0,20.0,2025-08-26T14:20:00,Günde 2
1041,719,25,4,8.5,34.0,2025-08-26T14:11:00,Günde 2
1042,719,21,3,5.5,16.5,2025-08-26T14:11:00,Günde 3
1043,720,19,3,32.0,96.0,2025-08-26T14:20:00,Günde 3
1044,722,21,4,5.5,22.0,2025-08-26T15:10:00,Yemekle
1045,723,28,2,11.0,22.0,2025-08-26T17:27:00,Günde 3
1046,723,26,2,7.0,14.0,2025-08-26T17:27:00,Günde 3
1047,724,36,4,3.5,14.0,2025-08-26T18:22:00,Uyku öncesi
1048,725,1,1,2.5,2.5,2025-08-26T19:15:00,Günde 3
1049,725,2,3,4.5,13.5,2025-08-26T19:15:00,Aç karna
1050,728,13,1,4.2,4.2,2025-08-27T13:55:00,Uyku öncesi
1051,729,22,4,3.0,12.0,2025-08-27T15:19:00,Uyku öncesi
1052,729,25,1,8.5,8.5,2025-08-27T15:19:00,Uyku öncesi
1053,730,28,4,11.0,44.0,2025-08-27T16:43:00,Aç karna
1054,730,29,2,5.0,10.0,2025-08-27T16:43:00,Günde 2
1055,730,27,2,22.0,44.0,2025-08-27T16:43:00,Aç karna
1056,731,36,2,3.5,7.0,2025-08-27T17:42:00,Uyku öncesi
1057,731,38,1,5.0,5.0,2025-08-27T17:42:00,Günde 3
1058,732,30,3,9.5,28.5,2025-08-28T08:51:00,Günde 1
1059,732,29,3,5.0,15.0,2025-08-28T08:51:00,Günde 1
1060,732,28,2,11.0,22.0,2025-08-28T08:51:00,Günde 1
1061,733,32,3,28.0,84.0,2025-08-28T09:51:00,Günde 2
1062,733,34,2,16.0,32.0,2025-08-28T09:51:00,Yemekle
1063,734,38,3,5.0,15.0,2025-08-28T12:18:00,Günde 1
1064,735,6,2,2.2,4.4,2025-08-28T12:43:00,Günde 3
1065,736,31,4,14.0,56.0,2025-08-28T12:45:00,Günde 3
1066,736,34,3,16.0,48.0,2025-08-28T12:45:00,Günde 2
1067,737,38,3,5.0,15.0,2025-08-28T12:55:00,Yemekle
1068,738,36,2,3.5,7.0,2025-08-28T13:23:00,Günde 2
1069,740,35,4,19.5,78.0,2025-08-29T11:59:00,Günde 2
1070,740,31,1,14.0,14.0,2025-08-29T11:59:00,Aç karna
1071,740,34,2,16.0,32.0,2025-08-29T11:59:00,Günde 3
1072,743,15,1,6.8,6.8,2025-08-29T15:54:00,Günde 1
1073,743,14,2,7.5,15.0,2025-08-29T15:54:00,Uyku öncesi
1074,744,21,4,5.5,22.0,2025-08-29T15:34:00,Günde 2
1075,745,31,1,14.0,14.0,2025-08-29T16:11:00,Günde 3
1076,746,20,1,24.0,24.0,2025-08-29T16:24:00,Uyku öncesi
1077,746,16,3,4.0,12.0,2025-08-29T16:24:00,Yemekle
1078,747,23,4,9.0,36.0,2025-08-29T16:45:00,Günde 2
1079,747,21,3,5.5,16.5,2025-08-29T16:45:00,Günde 1
1080,747,25,3,8.5,25.5,2025-08-29T16:45:00,Günde 3
1081,748,20,2,24.0,48.0,2025-08-29T17:47:00,Günde 2
1082,749,10,2,38.0,76.0,2025-08-29T18:29:00,Günde 2
1083,749,8,3,7.5,22.5,2025-08-29T18:29:00,Yemekle
1084,749,6,2,2.2,4.4,2025-08-29T18:29:00,Uyku öncesi
1085,750,38,2,5.0,10.0,2025-08-29T18:31:00,Yemekle
1086,750,36,4,3.5,14.0,2025-08-29T18:31:00,Aç karna
1087,751,9,2,12.0,24.0,2025-08-30T08:36:00,Yemekle
1088,751,10,3,38.0,114.0,2025-08-30T08:36:00,Yemekle
1089,751,8,1,7.5,7.5,2025-08-30T08:36:00,Uyku öncesi
1090,752,38,2,5.0,10.0,2025-08-30T10:26:00,Günde 1
1091,753,39,3,4.8,14.399999999999999,2025-08-30T13:58:00,Aç karna
1092,753,38,1,5.0,5.0,2025-08-30T13:58:00,Günde 1
1093,754,38,3,5.0,15.0,2025-08-30T15:22:00,Günde 1
1094,755,32,3,28.0,84.0,2025-08-30T15:12:00,Uyku öncesi
1095,755,33,4,5.0,20.0,2025-08-30T15:12:00,Aç karna
1096,755,34,1,16.0,16.0,2025-08-30T15:12:00,Uyku öncesi
1097,757,16,4,4.0,16.0,2025-08-30T19:02:00,Günde 1
1098,757,19,4,32.0,128.0,2025-08-30T19:02:00,Günde 2
1099,758,25,1,8.5,8.5,2025-08-30T19:03:00,Günde 1
1100,758,22,1,3.0,3.0,2025-08-30T19:03:00,Aç karna
1101,758,24,3,22.0,66.0,2025-08-30T19:03:00,Yemekle
1102,759,22,2,3.0,6.0,2025-08-31T09:50:00,Uyku öncesi
1103,760,23,1,9.0,9.0,2025-08-31T11:37:00,Günde 1
1104,760,25,4,8.5,34.0,2025-08-31T11:37:00,Günde 2
1105,760,24,1,22.0,22.0,2025-08-31T11:37:00,Günde 1
1106,761,20,1,24.0,24.0,2025-08-31T14:30:00,Yemekle
1107,762,5,2,6.0,12.0,2025-08-31T14:53:00,Aç karna
1108,763,16,4,4.0,16.0,2025-08-31T15:20:00,Günde 2
1109,763,18,3,18.5,55.5,2025-08-31T15:20:00,Günde 3
1110,764,7,2,9.0,18.0,2025-08-31T15:26:00,Aç karna
1111,764,8,4,7.5,30.0,2025-08-31T15:26:00,Yemekle
1112,765,22,1,3.0,3.0,2025-08-31T15:50:00,Günde 2
1113,765,25,2,8.5,17.0,2025-08-31T15:50:00,Aç karna
1114,766,4,1,8.0,8.0,2025-08-31T17:32:00,Aç karna
1115,767,2,2,4.5,9.0,2025-09-01T11:30:00,Günde 2
1116,767,4,2,8.0,16.0,2025-09-01T11:30:00,Günde 2
1117,767,1,1,2.5,2.5,2025-09-01T11:30:00,Aç karna
1118,768,30,1,9.5,9.5,2025-09-01T12:19:00,Uyku öncesi
1119,768,29,3,5.0,15.0,2025-09-01T12:19:00,Günde 2
1120,768,27,2,22.0,44.0,2025-09-01T12:19:00,Aç karna
1121,769,38,2,5.0,10.0,2025-09-01T13:00:00,Günde 2
1122,770,30,1,9.5,9.5,2025-09-01T14:19:00,Günde 2
1123,771,30,1,9.5,9.5,2025-09-01T15:56:00,Uyku öncesi
1124,772,25,2,8.5,17.0,2025-09-01T16:25:00,Uyku öncesi
1125,772,22,2,3.0,6.0,2025-09-01T16:25:00,Uyku öncesi
1126,773,35,1,19.5,19.5,2025-09-01T16:57:00,Aç karna
1127,774,39,2,4.8,9.6,2025-09-02T10:57:00,Uyku öncesi
1128,776,25,4,8.5,34.0,2025-09-02T11:18:00,Uyku öncesi
1129,776,21,1,5.5,5.5,2025-09-02T11:18:00,Yemekle
1130,777,33,2,5.0,10.0,2025-09-02T11:44:00,Yemekle
1131,777,34,4,16.0,64.0,2025-09-02T11:44:00,Günde 2
1132,778,24,4,22.0,88.0,2025-09-02T12:56:00,Günde 3
1133,778,25,2,8.5,17.0,2025-09-02T12:56:00,Aç karna
1134,778,21,4,5.5,22.0,2025-09-02T12:56:00,Yemekle
1135,779,23,1,9.0,9.0,2025-09-03T10:43:00,Uyku öncesi
1136,779,22,2,3.0,6.0,2025-09-03T10:43:00,Günde 1
1137,779,21,4,5.5,22.0,2025-09-03T10:43:00,Aç karna
1138,780,18,3,18.5,55.5,2025-09-03T11:14:00,Günde 2
1139,780,20,1,24.0,24.0,2025-09-03T11:14:00,Günde 3
1140,781,12,4,6.0,24.0,2025-09-03T12:47:00,Günde 3
1141,781,14,4,7.5,30.0,2025-09-03T12:47:00,Günde 3
1142,782,32,4,28.0,112.0,2025-09-03T13:15:00,Günde 1
1143,784,5,1,6.0,6.0,2025-09-03T14:12:00,Aç karna
1144,784,3,4,12.0,48.0,2025-09-03T14:12:00,Günde 2
1145,784,1,4,2.5,10.0,2025-09-03T14:12:00,Günde 3
1146,786,33,3,5.0,15.0,2025-09-04T10:31:00,Yemekle
1147,786,35,2,19.5,39.0,2025-09-04T10:31:00,Günde 2
1148,786,31,4,14.0,56.0,2025-09-04T10:31:00,Günde 3
1149,787,23,3,9.0,27.0,2025-09-04T11:30:00,Aç karna
1150,787,21,4,5.5,22.0,2025-09-04T11:30:00,Günde 3
1151,787,25,4,8.5,34.0,2025-09-04T11:30:00,Günde 3
1152,789,36,3,3.5,10.5,2025-09-04T12:19:00,Uyku öncesi
1153,790,34,2,16.0,32.0,2025-09-04T17:03:00,Yemekle
1154,791,16,1,4.0,4.0,2025-09-04T18:34:00,Günde 3
1155,791,20,2,24.0,48.0,2025-09-04T18:34:00,Uyku öncesi
1156,792,35,1,19.5,19.5,2025-09-04T18:57:00,Günde 3
1157,793,39,3,4.8,14.399999999999999,2025-09-05T10:13:00,Günde 2
1158,793,36,3,3.5,10.5,2025-09-05T10:13:00,Yemekle
1159,794,20,1,24.0,24.0,2025-09-05T11:34:00,Yemekle
1160,794,18,1,18.5,18.5,2025-09-05T11:34:00,Yemekle
1161,794,19,1,32.0,32.0,2025-09-05T11:34:00,Günde 2
1162,795,39,2,4.8,9.6,2025-09-05T12:22:00,Yemekle
1163,795,36,4,3.5,14.0,2025-09-05T12:22:00,Yemekle
1164,797,23,4,9.0,36.0,2025-09-05T12:36:00,Günde 1
1165,797,25,1,8.5,8.5,2025-09-05T12:36:00,Yemekle
1166,798,29,1,5.0,5.0,2025-09-05T14:52:00,Yemekle
1167,798,26,1,7.0,7.0,2025-09-05T14:52:00,Günde 3
1168,798,28,3,11.0,33.0,2025-09-05T14:52:00,Uyku öncesi
1169,799,28,3,11.0,33.0,2025-09-05T17:22:00,Günde 1
1170,800,20,1,24.0,24.0,2025-09-05T18:23:00,Uyku öncesi
1171,801,24,1,22.0,22.0,2025-09-06T12:10:00,Günde 1
1172,801,21,4,5.5,22.0,2025-09-06T12:10:00,Günde 2
1173,802,26,3,7.0,21.0,2025-09-06T14:45:00,Uyku öncesi
1174,802,29,1,5.0,5.0,2025-09-06T14:45:00,Uyku öncesi
1175,803,8,1,7.5,7.5,2025-09-06T17:08:00,Uyku öncesi
1176,803,10,2,38.0,76.0,2025-09-06T17:08:00,Aç karna
1177,803,7,2,9.0,18.0,2025-09-06T17:08:00,Yemekle
1178,804,31,4,14.0,56.0,2025-09-06T17:07:00,Günde 3
1179,804,35,4,19.5,78.0,2025-09-06T17:07:00,Günde 2
1180,804,32,3,28.0,84.0,2025-09-06T17:07:00,Aç karna
1181,805,15,1,6.8,6.8,2025-09-06T17:05:00,Günde 2
1182,805,13,2,4.2,8.4,2025-09-06T17:05:00,Yemekle
1183,806,36,1,3.5,3.5,2025-09-06T17:45:00,Aç karna
1184,807,28,2,11.0,22.0,2025-09-06T17:44:00,Aç karna
1185,807,29,2,5.0,10.0,2025-09-06T17:44:00,Günde 3
1186,808,39,3,4.8,14.399999999999999,2025-09-07T10:57:00,Uyku öncesi
1187,808,38,1,5.0,5.0,2025-09-07T10:57:00,Günde 2
1188,809,34,1,16.0,16.0,2025-09-07T12:59:00,Günde 2
1189,809,32,4,28.0,112.0,2025-09-07T12:59:00,Günde 1
1190,810,38,2,5.0,10.0,2025-09-07T14:03:00,Yemekle
1191,811,39,1,4.8,4.8,2025-09-08T08:55:00,Günde 1
1192,811,38,3,5.0,15.0,2025-09-08T08:55:00,Aç karna
1193,811,36,2,3.5,7.0,2025-09-08T08:55:00,Uyku öncesi
1194,813,38,3,5.0,15.0,2025-09-08T12:16:00,Uyku öncesi
1195,814,33,3,5.0,15.0,2025-09-08T12:57:00,Uyku öncesi
1196,814,35,4,19.5,78.0,2025-09-08T12:57:00,Günde 1
1197,815,1,1,2.5,2.5,2025-09-08T13:10:00,Günde 2
1198,815,3,4,12.0,48.0,2025-09-08T13:10:00,Günde 3
1199,816,22,4,3.0,12.0,2025-09-08T18:29:00,Yemekle
1200,816,25,4,8.5,34.0,2025-09-08T18:29:00,Günde 2
1201,816,21,1,5.5,5.5,2025-09-08T18:29:00,Günde 3
1202,817,36,4,3.5,14.0,2025-09-09T10:00:00,Günde 1
1203,817,39,4,4.8,19.2,2025-09-09T10:00:00,Aç karna
1204,818,39,2,4.8,9.6,2025-09-09T10:30:00,Günde 2
1205,818,36,4,3.5,14.0,2025-09-09T10:30:00,Uyku öncesi
1206,819,38,1,5.0,5.0,2025-09-09T10:35:00,Uyku öncesi
1207,820,1,4,2.5,10.0,2025-09-09T11:48:00,Uyku öncesi
1208,820,2,2,4.5,9.0,2025-09-09T11:48:00,Günde 1
1209,820,3,3,12.0,36.0,2025-09-09T11:48:00,Uyku öncesi
1210,822,34,1,16.0,16.0,2025-09-09T17:03:00,Uyku öncesi
1211,823,2,1,4.5,4.5,2025-09-09T18:51:00,Uyku öncesi
1212,823,1,4,2.5,10.0,2025-09-09T18:51:00,Aç karna
1213,824,29,1,5.0,5.0,2025-09-10T08:57:00,Yemekle
1214,824,28,2,11.0,22.0,2025-09-10T08:57:00,Günde 1
1215,825,29,1,5.0,5.0,2025-09-10T09:42:00,Yemekle
1216,825,27,4,22.0,88.0,2025-09-10T09:42:00,Günde 3
1217,826,32,4,28.0,112.0,2025-09-10T11:29:00,Günde 2
1218,826,34,3,16.0,48.0,2025-09-10T11:29:00,Günde 2
1219,827,38,3,5.0,15.0,2025-09-10T11:45:00,Aç karna
1220,829,39,2,4.8,9.6,2025-09-10T11:36:00,Uyku öncesi
1221,829,38,3,5.0,15.0,2025-09-10T11:36:00,Günde 1
1222,829,36,4,3.5,14.0,2025-09-10T11:36:00,Uyku öncesi
1223,830,10,2,38.0,76.0,2025-09-10T12:51:00,Aç karna
1224,830,7,1,9.0,9.0,2025-09-10T12:51:00,Uyku öncesi
1225,830,6,4,2.2,8.8,2025-09-10T12:51:00,Günde 1
1226,832,39,4,4.8,19.2,2025-09-10T19:04:00,Günde 3
1227,832,38,2,5.0,10.0,2025-09-10T19:04:00,Günde 2
1228,833,3,1,12.0,12.0,2025-09-11T08:49:00,Uyku öncesi
1229,833,5,4,6.0,24.0,2025-09-11T08:49:00,Yemekle
1230,833,2,1,4.5,4.5,2025-09-11T08:49:00,Günde 2
1231,834,31,4,14.0,56.0,2025-09-11T09:21:00,Uyku öncesi
1232,834,34,4,16.0,64.0,2025-09-11T09:21:00,Uyku öncesi
1233,834,33,3,5.0,15.0,2025-09-11T09:21:00,Yemekle
1234,835,18,4,18.5,74.0,2025-09-11T09:45:00,Yemekle
1235,837,39,4,4.8,19.2,2025-09-11T11:51:00,Yemekle
1236,837,38,4,5.0,20.0,2025-09-11T11:51:00,Günde 2
1237,838,28,4,11.0,44.0,2025-09-11T14:32:00,Günde 1
1238,838,26,2,7.0,14.0,2025-09-11T14:32:00,Günde 2
1239,838,27,4,22.0,88.0,2025-09-11T14:32:00,Aç karna
1240,840,33,3,5.0,15.0,2025-09-11T15:16:00,Yemekle
1241,841,22,2,3.0,6.0,2025-09-11T16:28:00,Aç karna
1242,842,21,2,5.5,11.0,2025-09-11T17:16:00,Uyku öncesi
1243,842,23,4,9.0,36.0,2025-09-11T17:16:00,Uyku öncesi
1244,842,24,3,22.0,66.0,2025-09-11T17:16:00,Uyku öncesi
1245,844,18,2,18.5,37.0,2025-09-11T18:44:00,Günde 1
1246,845,30,1,9.5,9.5,2025-09-12T09:31:00,Günde 1
1247,845,27,3,22.0,66.0,2025-09-12T09:31:00,Uyku öncesi
1248,847,12,1,6.0,6.0,2025-09-12T14:46:00,Yemekle
1249,847,11,3,5.0,15.0,2025-09-12T14:46:00,Aç karna
1250,849,6,1,2.2,2.2,2025-09-12T18:12:00,Aç karna
1251,849,8,3,7.5,22.5,2025-09-12T18:12:00,Uyku öncesi
1252,849,7,2,9.0,18.0,2025-09-12T18:12:00,Günde 1
1253,850,22,2,3.0,6.0,2025-09-12T18:32:00,Günde 2
1254,851,16,2,4.0,8.0,2025-09-13T15:23:00,Günde 2
1255,851,19,4,32.0,128.0,2025-09-13T15:23:00,Günde 3
1256,852,4,3,8.0,24.0,2025-09-13T15:46:00,Uyku öncesi
1257,852,5,1,6.0,6.0,2025-09-13T15:46:00,Günde 1
1258,852,3,1,12.0,12.0,2025-09-13T15:46:00,Uyku öncesi
1259,854,28,4,11.0,44.0,2025-09-14T08:55:00,Günde 1
1260,856,32,3,28.0,84.0,2025-09-14T11:11:00,Yemekle
1261,856,31,2,14.0,28.0,2025-09-14T11:11:00,Günde 2
1262,856,33,3,5.0,15.0,2025-09-14T11:11:00,Yemekle
1263,857,10,3,38.0,114.0,2025-09-14T11:35:00,Uyku öncesi
1264,857,6,2,2.2,4.4,2025-09-14T11:35:00,Yemekle
1265,857,8,1,7.5,7.5,2025-09-14T11:35:00,Günde 1
1266,858,38,4,5.0,20.0,2025-09-14T11:33:00,Günde 3
1267,858,39,1,4.8,4.8,2025-09-14T11:33:00,Yemekle
1268,860,19,1,32.0,32.0,2025-09-14T16:51:00,Aç karna
1269,860,18,2,18.5,37.0,2025-09-14T16:51:00,Günde 1
1270,863,16,3,4.0,12.0,2025-09-15T08:46:00,Aç karna
1271,863,19,4,32.0,128.0,2025-09-15T08:46:00,Günde 3
1272,864,21,1,5.5,5.5,2025-09-15T09:10:00,Uyku öncesi
1273,864,23,3,9.0,27.0,2025-09-15T09:10:00,Yemekle
1274,864,24,4,22.0,88.0,2025-09-15T09:10:00,Günde 2
1275,866,35,4,19.5,78.0,2025-09-15T14:47:00,Yemekle
1276,867,39,1,4.8,4.8,2025-09-15T14:55:00,Günde 3
1277,868,26,2,7.0,14.0,2025-09-15T15:22:00,Yemekle
1278,868,27,2,22.0,44.0,2025-09-15T15:22:00,Günde 2
1279,868,28,2,11.0,22.0,2025-09-15T15:22:00,Aç karna
1280,870,31,2,14.0,28.0,2025-09-15T18:08:00,Aç karna
1281,870,34,4,16.0,64.0,2025-09-15T18:08:00,Yemekle
1282,870,32,4,28.0,112.0,2025-09-15T18:08:00,Günde 3
1283,873,36,4,3.5,14.0,2025-09-16T10:24:00,Uyku öncesi
1284,873,39,3,4.8,14.399999999999999,2025-09-16T10:24:00,Günde 1
1285,874,14,1,7.5,7.5,2025-09-16T14:51:00,Günde 1
1286,875,15,2,6.8,13.6,2025-09-16T17:40:00,Yemekle
1287,876,15,4,6.8,27.2,2025-09-16T17:44:00,Günde 1
1288,876,11,3,5.0,15.0,2025-09-16T17:44:00,Günde 2
1289,876,14,4,7.5,30.0,2025-09-16T17:44:00,Günde 3
1290,877,12,1,6.0,6.0,2025-09-16T18:18:00,Aç karna
1291,877,13,2,4.2,8.4,2025-09-16T18:18:00,Yemekle
1292,877,11,3,5.0,15.0,2025-09-16T18:18:00,Aç karna
1293,878,19,2,32.0,64.0,2025-09-17T15:35:00,Yemekle
1294,879,39,4,4.8,19.2,2025-09-17T17:48:00,Aç karna
1295,881,24,3,22.0,66.0,2025-09-18T08:22:00,Günde 1
1296,881,21,1,5.5,5.5,2025-09-18T08:22:00,Yemekle
1297,881,22,1,3.0,3.0,2025-09-18T08:22:00,Günde 2
1298,882,15,1,6.8,6.8,2025-09-18T09:02:00,Yemekle
1299,883,23,3,9.0,27.0,2025-09-18T09:38:00,Günde 2
1300,883,25,4,8.5,34.0,2025-09-18T09:38:00,Günde 2
1301,883,22,3,3.0,9.0,2025-09-18T09:38:00,Günde 3
1302,884,5,2,6.0,12.0,2025-09-18T11:18:00,Uyku öncesi
1303,884,4,1,8.0,8.0,2025-09-18T11:18:00,Günde 1
1304,884,3,3,12.0,36.0,2025-09-18T11:18:00,Aç karna
1305,885,33,4,5.0,20.0,2025-09-18T12:12:00,Aç karna
1306,886,4,3,8.0,24.0,2025-09-18T13:10:00,Günde 3
1307,887,36,3,3.5,10.5,2025-09-18T13:25:00,Günde 3
1308,888,31,4,14.0,56.0,2025-09-18T13:45:00,Yemekle
1309,890,19,1,32.0,32.0,2025-09-18T17:27:00,Günde 1
1310,891,21,4,5.5,22.0,2025-09-19T09:18:00,Günde 2
1311,892,24,1,22.0,22.0,2025-09-19T12:43:00,Günde 1
1312,893,39,1,4.8,4.8,2025-09-19T15:53:00,Yemekle
1313,894,14,3,7.5,22.5,2025-09-19T15:47:00,Günde 1
1314,896,39,2,4.8,9.6,2025-09-20T08:37:00,Günde 3
1315,897,11,1,5.0,5.0,2025-09-20T10:14:00,Uyku öncesi
1316,898,20,4,24.0,96.0,2025-09-20T13:39:00,Aç karna
1317,900,36,2,3.5,7.0,2025-09-20T16:52:00,Günde 3
1318,900,39,2,4.8,9.6,2025-09-20T16:52:00,Uyku öncesi
1319,902,22,1,3.0,3.0,2025-09-21T16:35:00,Günde 2
1320,902,25,4,8.5,34.0,2025-09-21T16:35:00,Uyku öncesi
1321,902,23,1,9.0,9.0,2025-09-21T16:35:00,Günde 2
1322,903,3,4,12.0,48.0,2025-09-22T08:37:00,Uyku öncesi
1323,905,24,4,22.0,88.0,2025-09-22T11:12:00,Yemekle
1324,905,21,4,5.5,22.0,2025-09-22T11:12:00,Yemekle
1325,905,23,3,9.0,27.0,2025-09-22T11:12:00,Günde 3
1326,906,28,4,11.0,44.0,2025-09-22T12:19:00,Aç karna
1327,907,35,1,19.5,19.5,2025-09-22T13:29:00,Günde 2
1328,908,36,1,3.5,3.5,2025-09-22T14:04:00,Günde 3
1329,911,9,4,12.0,48.0,2025-09-23T12:20:00,Günde 2
1330,911,7,3,9.0,27.0,2025-09-23T12:20:00,Günde 2
1331,912,16,4,4.0,16.0,2025-09-23T12:31:00,Günde 2
1332,913,22,1,3.0,3.0,2025-09-23T12:54:00,Günde 2
1333,913,24,2,22.0,44.0,2025-09-23T12:54:00,Aç karna
1334,914,31,1,14.0,14.0,2025-09-23T13:42:00,Günde 2
1335,915,20,4,24.0,96.0,2025-09-23T14:47:00,Günde 3
1336,916,39,1,4.8,4.8,2025-09-23T19:22:00,Yemekle
1337,918,12,3,6.0,18.0,2025-09-24T11:56:00,Uyku öncesi
1338,919,21,1,5.5,5.5,2025-09-24T13:43:00,Uyku öncesi
1339,920,1,1,2.5,2.5,2025-09-24T15:32:00,Günde 2
1340,920,2,2,4.5,9.0,2025-09-24T15:32:00,Uyku öncesi
1341,923,4,2,8.0,16.0,2025-09-24T18:36:00,Günde 2
1342,923,1,1,2.5,2.5,2025-09-24T18:36:00,Günde 3
1343,923,2,2,4.5,9.0,2025-09-24T18:36:00,Aç karna
1344,925,14,4,7.5,30.0,2025-09-25T12:10:00,Günde 2
1345,927,12,4,6.0,24.0,2025-09-25T16:55:00,Yemekle
1346,927,14,3,7.5,22.5,2025-09-25T16:55:00,Aç karna
1347,928,1,2,2.5,5.0,2025-09-26T08:34:00,Yemekle
1348,929,32,3,28.0,84.0,2025-09-26T09:15:00,Günde 1
1349,929,31,1,14.0,14.0,2025-09-26T09:15:00,Günde 2
1350,930,15,3,6.8,20.4,2025-09-26T14:31:00,Günde 2
1351,931,20,3,24.0,72.0,2025-09-26T15:29:00,Günde 1
1352,933,35,1,19.5,19.5,2025-09-26T19:06:00,Günde 2
1353,933,33,1,5.0,5.0,2025-09-26T19:06:00,Günde 1
1354,933,31,3,14.0,42.0,2025-09-26T19:06:00,Uyku öncesi
1355,937,15,3,6.8,20.4,2025-09-27T14:11:00,Günde 2
1356,938,14,1,7.5,7.5,2025-09-27T15:01:00,Yemekle
1357,939,34,3,16.0,48.0,2025-09-27T14:45:00,Uyku öncesi
1358,939,32,3,28.0,84.0,2025-09-27T14:45:00,Yemekle
1359,939,31,2,14.0,28.0,2025-09-27T14:45:00,Yemekle
1360,940,29,3,5.0,15.0,2025-09-27T16:23:00,Uyku öncesi
1361,940,27,3,22.0,66.0,2025-09-27T16:23:00,Günde 1
1362,940,26,4,7.0,28.0,2025-09-27T16:23:00,Günde 2
1363,941,36,3,3.5,10.5,2025-09-27T16:45:00,Aç karna
1364,941,38,3,5.0,15.0,2025-09-27T16:45:00,Günde 3
1365,942,38,3,5.0,15.0,2025-09-27T16:45:00,Günde 3
1366,943,25,1,8.5,8.5,2025-09-27T17:22:00,Uyku öncesi
1367,944,21,4,5.5,22.0,2025-09-27T18:21:00,Günde 1
1368,944,25,1,8.5,8.5,2025-09-27T18:21:00,Günde 1
1369,944,23,4,9.0,36.0,2025-09-27T18:21:00,Günde 3
1370,945,39,1,4.8,4.8,2025-09-28T08:31:00,Günde 1
1371,945,38,1,5.0,5.0,2025-09-28T08:31:00,Günde 3
1372,946,39,1,4.8,4.8,2025-09-28T08:51:00,Günde 2
1373,948,16,2,4.0,8.0,2025-09-28T13:35:00,Uyku öncesi
1374,948,20,3,24.0,72.0,2025-09-28T13:35:00,Günde 2
1375,949,36,4,3.5,14.0,2025-09-28T16:02:00,Yemekle
1376,950,13,4,4.2,16.8,2025-09-29T08:54:00,Aç karna
1377,950,14,4,7.5,30.0,2025-09-29T08:54:00,Uyku öncesi
1378,950,11,3,5.0,15.0,2025-09-29T08:54:00,Günde 3
1379,952,35,4,19.5,78.0,2025-09-29T11:46:00,Günde 1
1380,953,38,2,5.0,10.0,2025-09-29T16:06:00,Uyku öncesi
1381,955,10,3,38.0,114.0,2025-09-30T12:08:00,Günde 1
1382,955,7,4,9.0,36.0,2025-09-30T12:08:00,Uyku öncesi
1383,955,9,4,12.0,48.0,2025-09-30T12:08:00,Günde 2
1384,957,20,2,24.0,48.0,2025-09-30T15:15:00,Uyku öncesi
1385,957,19,3,32.0,96.0,2025-09-30T15:15:00,Günde 1
1386,959,39,1,4.8,4.8,2025-09-30T18:59:00,Günde 3
1387,960,1,2,2.5,5.0,2025-10-01T09:25:00,Günde 3
1388,960,3,2,12.0,24.0,2025-10-01T09:25:00,Aç karna
1389,962,1,3,2.5,7.5,2025-10-01T12:39:00,Aç karna
1390,962,3,2,12.0,24.0,2025-10-01T12:39:00,Uyku öncesi
1391,963,18,2,18.5,37.0,2025-10-01T13:20:00,Yemekle
1392,964,21,4,5.5,22.0,2025-10-01T17:35:00,Yemekle
1393,964,23,3,9.0,27.0,2025-10-01T17:35:00,Günde 2
1394,964,24,2,22.0,44.0,2025-10-01T17:35:00,Yemekle
1395,965,22,3,3.0,9.0,2025-10-02T09:18:00,Günde 2
1396,966,14,1,7.5,7.5,2025-10-02T10:28:00,Uyku öncesi
1397,966,12,1,6.0,6.0,2025-10-02T10:28:00,Yemekle
1398,966,13,1,4.2,4.2,2025-10-02T10:28:00,Günde 1
1399,967,20,1,24.0,24.0,2025-10-02T10:49:00,Günde 1
1400,969,25,3,8.5,25.5,2025-10-02T15:21:00,Günde 2
1401,970,25,4,8.5,34.0,2025-10-02T17:33:00,Aç karna
1402,970,24,4,22.0,88.0,2025-10-02T17:33:00,Uyku öncesi
1403,970,21,2,5.5,11.0,2025-10-02T17:33:00,Günde 3
1404,971,24,4,22.0,88.0,2025-10-02T17:34:00,Uyku öncesi
1405,971,23,3,9.0,27.0,2025-10-02T17:34:00,Uyku öncesi
1406,971,25,1,8.5,8.5,2025-10-02T17:34:00,Günde 3
1407,972,12,2,6.0,12.0,2025-10-02T18:31:00,Yemekle
1408,972,13,4,4.2,16.8,2025-10-02T18:31:00,Günde 3
1409,973,1,2,2.5,5.0,2025-10-02T19:09:00,Uyku öncesi
1410,973,5,4,6.0,24.0,2025-10-02T19:09:00,Günde 2
1411,975,18,4,18.5,74.0,2025-10-03T11:24:00,Aç karna
1412,975,20,2,24.0,48.0,2025-10-03T11:24:00,Aç karna
1413,976,39,1,4.8,4.8,2025-10-03T14:39:00,Uyku öncesi
1414,976,38,2,5.0,10.0,2025-10-03T14:39:00,Günde 2
1415,977,21,4,5.5,22.0,2025-10-03T15:23:00,Yemekle
1416,977,22,4,3.0,12.0,2025-10-03T15:23:00,Günde 1
1417,977,23,4,9.0,36.0,2025-10-03T15:23:00,Günde 3
1418,978,4,4,8.0,32.0,2025-10-03T15:18:00,Uyku öncesi
1419,978,5,1,6.0,6.0,2025-10-03T15:18:00,Günde 3
1420,980,18,3,18.5,55.5,2025-10-04T11:12:00,Günde 1
1421,980,16,4,4.0,16.0,2025-10-04T11:12:00,Günde 3
1422,982,12,1,6.0,6.0,2025-10-04T15:16:00,Yemekle
1423,983,3,2,12.0,24.0,2025-10-04T15:44:00,Aç karna
1424,984,5,1,6.0,6.0,2025-10-04T15:27:00,Yemekle
1425,984,3,4,12.0,48.0,2025-10-04T15:27:00,Günde 1
1426,985,11,1,5.0,5.0,2025-10-04T16:59:00,Yemekle
1427,985,14,2,7.5,15.0,2025-10-04T16:59:00,Günde 2
1428,986,20,1,24.0,24.0,2025-10-04T18:14:00,Günde 1
1429,987,28,3,11.0,33.0,2025-10-04T19:00:00,Yemekle
1430,987,26,2,7.0,14.0,2025-10-04T19:00:00,Aç karna
1431,987,30,2,9.5,19.0,2025-10-04T19:00:00,Uyku öncesi
1432,988,31,4,14.0,56.0,2025-10-05T09:29:00,Günde 1
1433,988,35,2,19.5,39.0,2025-10-05T09:29:00,Günde 2
1434,989,39,2,4.8,9.6,2025-10-05T10:40:00,Günde 2
1435,990,36,1,3.5,3.5,2025-10-05T11:01:00,Günde 3
1436,990,38,2,5.0,10.0,2025-10-05T11:01:00,Uyku öncesi
1437,991,35,1,19.5,19.5,2025-10-05T13:25:00,Yemekle
1438,991,34,4,16.0,64.0,2025-10-05T13:25:00,Günde 3
1439,991,31,4,14.0,56.0,2025-10-05T13:25:00,Yemekle
1440,992,38,1,5.0,5.0,2025-10-05T15:33:00,Aç karna
1441,992,39,3,4.8,14.399999999999999,2025-10-05T15:33:00,Aç karna
1442,993,29,3,5.0,15.0,2025-10-05T15:49:00,Yemekle
1443,993,27,4,22.0,88.0,2025-10-05T15:49:00,Günde 3
1444,993,26,4,7.0,28.0,2025-10-05T15:49:00,Günde 3
1445,995,19,1,32.0,32.0,2025-10-05T17:48:00,Günde 2
1446,995,18,1,18.5,18.5,2025-10-05T17:48:00,Uyku öncesi
1447,995,16,3,4.0,12.0,2025-10-05T17:48:00,Uyku öncesi
1448,996,3,2,12.0,24.0,2025-10-05T18:44:00,Günde 1
1449,997,13,2,4.2,8.4,2025-10-05T18:29:00,Günde 3
1450,998,3,3,12.0,36.0,2025-10-06T09:29:00,Yemekle
1451,999,28,4,11.0,44.0,2025-10-06T12:03:00,Günde 1
1452,999,27,1,22.0,22.0,2025-10-06T12:03:00,Aç karna
1453,999,29,2,5.0,10.0,2025-10-06T12:03:00,Günde 2
1454,1001,27,4,22.0,88.0,2025-10-06T13:51:00,Aç karna
1455,1001,28,2,11.0,22.0,2025-10-06T13:51:00,Uyku öncesi
1456,1002,39,1,4.8,4.8,2025-10-06T13:44:00,Günde 1
1457,1002,36,2,3.5,7.0,2025-10-06T13:44:00,Aç karna
1458,1003,36,2,3.5,7.0,2025-10-06T16:11:00,Günde 3
1459,1003,39,3,4.8,14.399999999999999,2025-10-06T16:11:00,Günde 3
1460,1004,23,2,9.0,18.0,2025-10-06T17:35:00,Aç karna
1461,1004,21,4,5.5,22.0,2025-10-06T17:35:00,Aç karna
1462,1004,24,3,22.0,66.0,2025-10-06T17:35:00,Günde 2
1463,1006,24,1,22.0,22.0,2025-10-06T17:54:00,Uyku öncesi
1464,1006,23,1,9.0,9.0,2025-10-06T17:54:00,Günde 1
1465,1006,21,4,5.5,22.0,2025-10-06T17:54:00,Günde 2
1466,1007,18,3,18.5,55.5,2025-10-06T18:28:00,Günde 3
1467,1007,19,1,32.0,32.0,2025-10-06T18:28:00,Günde 3
1468,1007,16,2,4.0,8.0,2025-10-06T18:28:00,Günde 2
1469,1008,10,3,38.0,114.0,2025-10-07T09:10:00,Günde 3
1470,1008,8,4,7.5,30.0,2025-10-07T09:10:00,Günde 2
1471,1009,1,3,2.5,7.5,2025-10-07T14:07:00,Günde 1
1472,1009,3,2,12.0,24.0,2025-10-07T14:07:00,Uyku öncesi
1473,1010,35,2,19.5,39.0,2025-10-07T15:52:00,Günde 3
1474,1010,31,2,14.0,28.0,2025-10-07T15:52:00,Aç karna
1475,1010,32,3,28.0,84.0,2025-10-07T15:52:00,Aç karna
1476,1011,11,4,5.0,20.0,2025-10-07T16:16:00,Günde 1
1477,1012,20,2,24.0,48.0,2025-10-08T12:23:00,Yemekle
1478,1012,19,2,32.0,64.0,2025-10-08T12:23:00,Günde 1
1479,1014,26,3,7.0,21.0,2025-10-08T12:47:00,Günde 3
1480,1015,20,1,24.0,24.0,2025-10-08T12:51:00,Aç karna
1481,1016,23,3,9.0,27.0,2025-10-08T16:39:00,Aç karna
1482,1017,22,1,3.0,3.0,2025-10-08T19:31:00,Günde 2
1483,1019,27,3,22.0,66.0,2025-10-09T09:34:00,Günde 1
1484,1021,4,2,8.0,16.0,2025-10-09T10:40:00,Günde 2
1485,1021,1,4,2.5,10.0,2025-10-09T10:40:00,Günde 1
1486,1021,3,4,12.0,48.0,2025-10-09T10:40:00,Günde 3
1487,1022,1,3,2.5,7.5,2025-10-09T10:52:00,Günde 3
1488,1022,3,1,12.0,12.0,2025-10-09T10:52:00,Aç karna
1489,1022,2,2,4.5,9.0,2025-10-09T10:52:00,Günde 2
1490,1026,31,2,14.0,28.0,2025-10-09T19:01:00,Günde 2
1491,1026,35,3,19.5,58.5,2025-10-09T19:01:00,Günde 1
1492,1026,32,1,28.0,28.0,2025-10-09T19:01:00,Yemekle
1493,1027,15,2,6.8,13.6,2025-10-10T09:53:00,Günde 2
1494,1027,11,2,5.0,10.0,2025-10-10T09:53:00,Yemekle
1495,1027,13,1,4.2,4.2,2025-10-10T09:53:00,Uyku öncesi
1496,1029,19,4,32.0,128.0,2025-10-10T13:36:00,Günde 2
1497,1029,18,2,18.5,37.0,2025-10-10T13:36:00,Günde 1
1498,1029,16,1,4.0,4.0,2025-10-10T13:36:00,Günde 2
1499,1031,33,3,5.0,15.0,2025-10-10T14:39:00,Günde 3
1500,1032,38,1,5.0,5.0,2025-10-10T17:46:00,Günde 2
1501,1033,3,3,12.0,36.0,2025-10-11T12:34:00,Uyku öncesi
1502,1033,2,1,4.5,4.5,2025-10-11T12:34:00,Günde 2
1503,1033,1,4,2.5,10.0,2025-10-11T12:34:00,Uyku öncesi
1504,1034,25,1,8.5,8.5,2025-10-11T12:49:00,Uyku öncesi
1505,1035,1,1,2.5,2.5,2025-10-11T13:29:00,Aç karna
1506,1035,4,3,8.0,24.0,2025-10-11T13:29:00,Günde 2
1507,1035,5,4,6.0,24.0,2025-10-11T13:29:00,Aç karna
1508,1036,13,1,4.2,4.2,2025-10-12T09:21:00,Aç karna
1509,1037,32,1,28.0,28.0,2025-10-12T09:47:00,Yemekle
1510,1038,18,1,18.5,18.5,2025-10-12T09:53:00,Günde 2
1511,1038,20,3,24.0,72.0,2025-10-12T09:53:00,Aç karna
1512,1038,16,4,4.0,16.0,2025-10-12T09:53:00,Aç karna
1513,1041,31,3,14.0,42.0,2025-10-12T14:10:00,Günde 1
1514,1042,5,4,6.0,24.0,2025-10-12T15:13:00,Günde 2
1515,1043,38,4,5.0,20.0,2025-10-12T17:49:00,Günde 1
1516,1045,34,1,16.0,16.0,2025-10-13T09:21:00,Aç karna
1517,1046,31,3,14.0,42.0,2025-10-13T11:34:00,Günde 3
1518,1046,35,3,19.5,58.5,2025-10-13T11:34:00,Aç karna
1519,1048,35,4,19.5,78.0,2025-10-13T17:37:00,Günde 1
1520,1048,34,1,16.0,16.0,2025-10-13T17:37:00,Aç karna
1521,1048,32,4,28.0,112.0,2025-10-13T17:37:00,Günde 1
1522,1049,39,1,4.8,4.8,2025-10-13T17:57:00,Aç karna
1523,1049,36,1,3.5,3.5,2025-10-13T17:57:00,Günde 2
1524,1050,24,2,22.0,44.0,2025-10-13T18:26:00,Günde 1
1525,1050,23,4,9.0,36.0,2025-10-13T18:26:00,Günde 2
1526,1051,16,4,4.0,16.0,2025-10-14T09:58:00,Günde 3
1527,1051,19,3,32.0,96.0,2025-10-14T09:58:00,Yemekle
1528,1054,36,1,3.5,3.5,2025-10-14T13:16:00,Günde 2
1529,1055,22,2,3.0,6.0,2025-10-14T14:51:00,Günde 2
1530,1056,34,2,16.0,32.0,2025-10-14T15:56:00,Uyku öncesi
1531,1057,31,4,14.0,56.0,2025-10-15T12:18:00,Yemekle
1532,1057,33,1,5.0,5.0,2025-10-15T12:18:00,Aç karna
1533,1060,27,1,22.0,22.0,2025-10-15T17:15:00,Günde 3
1534,1060,26,4,7.0,28.0,2025-10-15T17:15:00,Yemekle
1535,1061,12,1,6.0,6.0,2025-10-15T19:15:00,Günde 1
1536,1061,14,4,7.5,30.0,2025-10-15T19:15:00,Günde 1
1537,1061,11,1,5.0,5.0,2025-10-15T19:15:00,Günde 2
1538,1062,36,2,3.5,7.0,2025-10-16T10:02:00,Uyku öncesi
1539,1062,38,3,5.0,15.0,2025-10-16T10:02:00,Günde 1
1540,1063,34,2,16.0,32.0,2025-10-16T18:53:00,Günde 2
1541,1063,32,1,28.0,28.0,2025-10-16T18:53:00,Uyku öncesi
1542,1064,16,4,4.0,16.0,2025-10-16T19:11:00,Uyku öncesi
1543,1064,20,1,24.0,24.0,2025-10-16T19:11:00,Günde 1
1544,1065,9,3,12.0,36.0,2025-10-17T12:17:00,Yemekle
1545,1066,19,2,32.0,64.0,2025-10-17T15:18:00,Günde 1
1546,1066,16,4,4.0,16.0,2025-10-17T15:18:00,Yemekle
1547,1069,36,1,3.5,3.5,2025-10-18T13:09:00,Aç karna
1548,1069,39,1,4.8,4.8,2025-10-18T13:09:00,Günde 1
1549,1070,29,3,5.0,15.0,2025-10-18T14:22:00,Günde 2
1550,1070,27,4,22.0,88.0,2025-10-18T14:22:00,Günde 3
1551,1072,13,3,4.2,12.600000000000001,2025-10-19T11:28:00,Günde 1
1552,1072,12,3,6.0,18.0,2025-10-19T11:28:00,Günde 3
1553,1072,14,4,7.5,30.0,2025-10-19T11:28:00,Günde 3
1554,1073,31,2,14.0,28.0,2025-10-19T13:43:00,Yemekle
1555,1073,32,3,28.0,84.0,2025-10-19T13:43:00,Günde 1
1556,1073,33,2,5.0,10.0,2025-10-19T13:43:00,Aç karna
1557,1074,36,4,3.5,14.0,2025-10-19T14:59:00,Günde 1
1558,1077,20,2,24.0,48.0,2025-10-19T17:54:00,Günde 3
1559,1077,18,1,18.5,18.5,2025-10-19T17:54:00,Günde 1
1560,1078,26,3,7.0,21.0,2025-10-19T18:34:00,Aç karna
1561,1079,23,1,9.0,9.0,2025-10-20T09:11:00,Günde 2
1562,1079,24,3,22.0,66.0,2025-10-20T09:11:00,Günde 1
1563,1081,19,3,32.0,96.0,2025-10-20T11:06:00,Aç karna
1564,1082,36,4,3.5,14.0,2025-10-20T15:35:00,Yemekle
1565,1082,39,3,4.8,14.399999999999999,2025-10-20T15:35:00,Günde 2
1566,1083,31,4,14.0,56.0,2025-10-21T10:02:00,Günde 1
1567,1083,32,4,28.0,112.0,2025-10-21T10:02:00,Uyku öncesi
1568,1084,13,1,4.2,4.2,2025-10-21T10:27:00,Uyku öncesi
1569,1084,12,1,6.0,6.0,2025-10-21T10:27:00,Günde 2
1570,1084,15,1,6.8,6.8,2025-10-21T10:27:00,Yemekle
1571,1085,16,4,4.0,16.0,2025-10-21T11:21:00,Günde 1
1572,1086,19,3,32.0,96.0,2025-10-21T14:00:00,Aç karna
1573,1086,20,1,24.0,24.0,2025-10-21T14:00:00,Günde 3
1574,1087,11,4,5.0,20.0,2025-10-21T15:11:00,Günde 2
1575,1088,36,4,3.5,14.0,2025-10-21T15:39:00,Günde 2
1576,1090,24,3,22.0,66.0,2025-10-21T19:23:00,Günde 1
1577,1092,36,3,3.5,10.5,2025-10-22T15:51:00,Günde 3
1578,1093,39,2,4.8,9.6,2025-10-22T15:47:00,Aç karna
1579,1094,33,4,5.0,20.0,2025-10-22T16:43:00,Yemekle
1580,1094,32,4,28.0,112.0,2025-10-22T16:43:00,Yemekle
1581,1097,18,4,18.5,74.0,2025-10-23T08:20:00,Yemekle
1582,1097,19,1,32.0,32.0,2025-10-23T08:20:00,Günde 1
1583,1097,20,3,24.0,72.0,2025-10-23T08:20:00,Günde 3
1584,1098,27,3,22.0,66.0,2025-10-23T10:45:00,Günde 2
1585,1098,28,2,11.0,22.0,2025-10-23T10:45:00,Günde 3
1586,1098,26,2,7.0,14.0,2025-10-23T10:45:00,Aç karna
1587,1099,31,4,14.0,56.0,2025-10-23T15:07:00,Günde 2
1588,1099,32,4,28.0,112.0,2025-10-23T15:07:00,Günde 2
1589,1101,3,4,12.0,48.0,2025-10-23T18:59:00,Günde 1
1590,1101,2,3,4.5,13.5,2025-10-23T18:59:00,Uyku öncesi
1591,1102,24,3,22.0,66.0,2025-10-23T19:01:00,Yemekle
1592,1102,22,2,3.0,6.0,2025-10-23T19:01:00,Günde 2
1593,1103,12,3,6.0,18.0,2025-10-24T09:31:00,Günde 2
1594,1103,14,4,7.5,30.0,2025-10-24T09:31:00,Günde 3
1595,1103,13,1,4.2,4.2,2025-10-24T09:31:00,Günde 2
1596,1104,35,3,19.5,58.5,2025-10-24T10:35:00,Aç karna
1597,1104,33,4,5.0,20.0,2025-10-24T10:35:00,Günde 2
1598,1105,34,3,16.0,48.0,2025-10-24T14:03:00,Aç karna
1599,1106,28,3,11.0,33.0,2025-10-24T15:21:00,Günde 3
1600,1107,1,3,2.5,7.5,2025-10-24T15:42:00,Günde 1
1601,1107,3,1,12.0,12.0,2025-10-24T15:42:00,Günde 3
1602,1107,2,2,4.5,9.0,2025-10-24T15:42:00,Günde 3
1603,1108,15,2,6.8,13.6,2025-10-25T08:35:00,Günde 3
1604,1108,12,4,6.0,24.0,2025-10-25T08:35:00,Günde 1
1605,1108,11,4,5.0,20.0,2025-10-25T08:35:00,Yemekle
1606,1112,11,1,5.0,5.0,2025-10-25T14:32:00,Günde 1
1607,1112,13,3,4.2,12.600000000000001,2025-10-25T14:32:00,Yemekle
1608,1113,32,1,28.0,28.0,2025-10-25T14:54:00,Aç karna
1609,1113,34,3,16.0,48.0,2025-10-25T14:54:00,Yemekle
1610,1114,38,3,5.0,15.0,2025-10-25T16:55:00,Günde 2
1611,1117,28,2,11.0,22.0,2025-10-26T12:09:00,Günde 2
1612,1117,29,1,5.0,5.0,2025-10-26T12:09:00,Uyku öncesi
1613,1117,26,4,7.0,28.0,2025-10-26T12:09:00,Aç karna
1614,1118,1,4,2.5,10.0,2025-10-26T16:00:00,Günde 1
1615,1118,5,4,6.0,24.0,2025-10-26T16:00:00,Aç karna
1616,1118,2,1,4.5,4.5,2025-10-26T16:00:00,Uyku öncesi
1617,1119,12,4,6.0,24.0,2025-10-26T17:59:00,Uyku öncesi
1618,1119,14,3,7.5,22.5,2025-10-26T17:59:00,Günde 1
1619,1119,11,3,5.0,15.0,2025-10-26T17:59:00,Uyku öncesi
1620,1120,39,3,4.8,14.399999999999999,2025-10-26T18:32:00,Uyku öncesi
1621,1120,36,3,3.5,10.5,2025-10-26T18:32:00,Günde 2
1622,1122,29,1,5.0,5.0,2025-10-27T12:44:00,Aç karna
1623,1122,30,2,9.5,19.0,2025-10-27T12:44:00,Uyku öncesi
1624,1124,14,4,7.5,30.0,2025-10-27T13:56:00,Günde 3
1625,1124,13,3,4.2,12.600000000000001,2025-10-27T13:56:00,Aç karna
1626,1125,3,4,12.0,48.0,2025-10-27T14:28:00,Aç karna
1627,1126,31,4,14.0,56.0,2025-10-27T17:47:00,Yemekle
1628,1127,33,4,5.0,20.0,2025-10-27T18:24:00,Günde 2
1629,1127,35,4,19.5,78.0,2025-10-27T18:24:00,Günde 3
1630,1128,15,2,6.8,13.6,2025-10-27T18:26:00,Günde 3
1631,1129,20,3,24.0,72.0,2025-10-27T19:34:00,Yemekle
1632,1129,19,3,32.0,96.0,2025-10-27T19:34:00,Günde 2
1633,1130,23,2,9.0,18.0,2025-10-28T08:28:00,Günde 2
1634,1130,24,2,22.0,44.0,2025-10-28T08:28:00,Yemekle
1635,1132,30,3,9.5,28.5,2025-10-28T10:26:00,Günde 2
1636,1132,26,2,7.0,14.0,2025-10-28T10:26:00,Günde 3
1637,1133,11,3,5.0,15.0,2025-10-28T10:20:00,Günde 3
1638,1133,15,3,6.8,20.4,2025-10-28T10:20:00,Günde 2
1639,1133,13,1,4.2,4.2,2025-10-28T10:20:00,Yemekle
1640,1135,20,3,24.0,72.0,2025-10-29T08:21:00,Günde 1
1641,1137,28,4,11.0,44.0,2025-10-29T14:25:00,Günde 3
1642,1138,22,1,3.0,3.0,2025-10-29T15:41:00,Günde 2
1643,1139,39,1,4.8,4.8,2025-10-29T16:05:00,Günde 3
1644,1140,32,3,28.0,84.0,2025-10-29T16:27:00,Uyku öncesi
1645,1141,18,2,18.5,37.0,2025-10-29T18:27:00,Yemekle
1646,1141,16,1,4.0,4.0,2025-10-29T18:27:00,Günde 3
1647,1142,38,1,5.0,5.0,2025-10-30T11:14:00,Yemekle
1648,1144,39,3,4.8,14.399999999999999,2025-10-30T13:45:00,Günde 2
1649,1145,16,4,4.0,16.0,2025-10-30T14:34:00,Yemekle
1650,1146,35,4,19.5,78.0,2025-10-30T15:49:00,Günde 3
1651,1146,31,3,14.0,42.0,2025-10-30T15:49:00,Aç karna
1652,1146,33,1,5.0,5.0,2025-10-30T15:49:00,Günde 3
1653,1147,16,3,4.0,12.0,2025-10-30T16:44:00,Yemekle
1654,1150,39,1,4.8,4.8,2025-10-31T11:18:00,Günde 2
1655,1150,38,4,5.0,20.0,2025-10-31T11:18:00,Günde 1
1656,1151,4,4,8.0,32.0,2025-10-31T13:15:00,Aç karna
1657,1151,1,3,2.5,7.5,2025-10-31T13:15:00,Günde 1
1658,1151,3,4,12.0,48.0,2025-10-31T13:15:00,Aç karna
1659,1152,34,2,16.0,32.0,2025-10-31T16:32:00,Aç karna
1660,1153,3,2,12.0,24.0,2025-11-01T09:07:00,Günde 1
1661,1154,34,2,16.0,32.0,2025-11-01T12:14:00,Aç karna
1662,1154,31,2,14.0,28.0,2025-11-01T12:14:00,Günde 2
1663,1155,3,3,12.0,36.0,2025-11-01T13:50:00,Uyku öncesi
1664,1155,2,2,4.5,9.0,2025-11-01T13:50:00,Uyku öncesi
1665,1155,1,3,2.5,7.5,2025-11-01T13:50:00,Aç karna
1666,1156,11,4,5.0,20.0,2025-11-01T16:12:00,Günde 2
1667,1156,14,3,7.5,22.5,2025-11-01T16:12:00,Uyku öncesi
1668,1158,22,4,3.0,12.0,2025-11-02T09:34:00,Uyku öncesi
1669,1160,35,3,19.5,58.5,2025-11-02T17:22:00,Uyku öncesi
1670,1160,31,2,14.0,28.0,2025-11-02T17:22:00,Günde 1
1671,1160,34,1,16.0,16.0,2025-11-02T17:22:00,Günde 2
1672,1161,31,1,14.0,14.0,2025-11-02T18:11:00,Günde 1
1673,1161,33,4,5.0,20.0,2025-11-02T18:11:00,Yemekle
1674,1163,13,2,4.2,8.4,2025-11-03T12:22:00,Günde 2
1675,1164,39,2,4.8,9.6,2025-11-03T13:01:00,Günde 2
1676,1165,24,4,22.0,88.0,2025-11-03T13:42:00,Günde 2
1677,1165,22,3,3.0,9.0,2025-11-03T13:42:00,Yemekle
1678,1166,38,4,5.0,20.0,2025-11-03T13:38:00,Uyku öncesi
1679,1167,36,4,3.5,14.0,2025-11-03T17:21:00,Günde 3
1680,1168,13,4,4.2,16.8,2025-11-03T18:07:00,Uyku öncesi
1681,1168,11,3,5.0,15.0,2025-11-03T18:07:00,Uyku öncesi
1682,1169,34,4,16.0,64.0,2025-11-04T09:23:00,Uyku öncesi
1683,1171,11,2,5.0,10.0,2025-11-04T11:00:00,Günde 1
1684,1171,13,1,4.2,4.2,2025-11-04T11:00:00,Günde 1
1685,1172,22,1,3.0,3.0,2025-11-04T11:32:00,Aç karna
1686,1173,24,3,22.0,66.0,2025-11-04T13:57:00,Günde 3
1687,1174,31,3,14.0,42.0,2025-11-04T15:23:00,Aç karna
1688,1174,34,1,16.0,16.0,2025-11-04T15:23:00,Uyku öncesi
1689,1174,32,3,28.0,84.0,2025-11-04T15:23:00,Aç karna
1690,1176,38,2,5.0,10.0,2025-11-05T11:16:00,Uyku öncesi
1691,1180,24,1,22.0,22.0,2025-11-05T15:33:00,Günde 1
1692,1180,23,1,9.0,9.0,2025-11-05T15:33:00,Günde 1
1693,1180,22,1,3.0,3.0,2025-11-05T15:33:00,Günde 3
1694,1181,32,4,28.0,112.0,2025-11-05T16:46:00,Günde 3
1695,1184,24,3,22.0,66.0,2025-11-06T09:39:00,Aç karna
1696,1184,22,4,3.0,12.0,2025-11-06T09:39:00,Günde 2
1697,1185,38,1,5.0,5.0,2025-11-06T13:00:00,Günde 3
1698,1186,1,1,2.5,2.5,2025-11-06T13:28:00,Uyku öncesi
1699,1186,5,3,6.0,18.0,2025-11-06T13:28:00,Günde 3
1700,1186,4,3,8.0,24.0,2025-11-06T13:28:00,Yemekle
1701,1187,38,3,5.0,15.0,2025-11-06T16:15:00,Aç karna
1702,1189,38,4,5.0,20.0,2025-11-07T10:00:00,Uyku öncesi
1703,1190,36,3,3.5,10.5,2025-11-07T10:31:00,Uyku öncesi
1704,1192,12,4,6.0,24.0,2025-11-07T13:30:00,Günde 1
1705,1193,35,1,19.5,19.5,2025-11-07T13:58:00,Aç karna
1706,1193,32,1,28.0,28.0,2025-11-07T13:58:00,Günde 2
1707,1193,31,3,14.0,42.0,2025-11-07T13:58:00,Günde 2
1708,1194,34,1,16.0,16.0,2025-11-07T14:10:00,Uyku öncesi
1709,1195,36,3,3.5,10.5,2025-11-07T14:17:00,Yemekle
1710,1195,38,2,5.0,10.0,2025-11-07T14:17:00,Günde 1
1711,1197,24,2,22.0,44.0,2025-11-07T16:07:00,Uyku öncesi
1712,1197,22,1,3.0,3.0,2025-11-07T16:07:00,Aç karna
1713,1198,22,3,3.0,9.0,2025-11-07T18:10:00,Günde 1
1714,1199,36,1,3.5,3.5,2025-11-08T09:22:00,Aç karna
1715,1202,34,2,16.0,32.0,2025-11-08T10:35:00,Günde 1
1716,1202,33,3,5.0,15.0,2025-11-08T10:35:00,Günde 1
1717,1202,32,3,28.0,84.0,2025-11-08T10:35:00,Günde 1
1718,1203,30,1,9.5,9.5,2025-11-08T11:11:00,Aç karna
1719,1204,36,2,3.5,7.0,2025-11-08T13:51:00,Günde 3
1720,1205,36,2,3.5,7.0,2025-11-08T14:08:00,Günde 1
1721,1205,38,3,5.0,15.0,2025-11-08T14:08:00,Yemekle
1722,1206,7,2,9.0,18.0,2025-11-08T15:05:00,Günde 2
1723,1206,6,3,2.2,6.6000000000000005,2025-11-08T15:05:00,Aç karna
1724,1207,38,1,5.0,5.0,2025-11-08T16:01:00,Günde 1
1725,1208,1,2,2.5,5.0,2025-11-09T09:45:00,Günde 2
1726,1209,27,4,22.0,88.0,2025-11-09T11:07:00,Uyku öncesi
1727,1209,30,3,9.5,28.5,2025-11-09T11:07:00,Günde 3
1728,1210,34,4,16.0,64.0,2025-11-09T12:21:00,Uyku öncesi
1729,1211,22,4,3.0,12.0,2025-11-09T12:41:00,Günde 2
1730,1213,16,1,4.0,4.0,2025-11-09T14:14:00,Yemekle
1731,1213,19,2,32.0,64.0,2025-11-09T14:14:00,Aç karna
1732,1213,18,1,18.5,18.5,2025-11-09T14:14:00,Günde 1
1733,1214,21,1,5.5,5.5,2025-11-09T15:14:00,Yemekle
1734,1216,13,2,4.2,8.4,2025-11-09T15:36:00,Günde 3
1735,1217,3,2,12.0,24.0,2025-11-09T16:49:00,Uyku öncesi
1736,1218,29,3,5.0,15.0,2025-11-09T16:38:00,Yemekle
1737,1218,26,4,7.0,28.0,2025-11-09T16:38:00,Aç karna
1738,1218,28,2,11.0,22.0,2025-11-09T16:38:00,Uyku öncesi
1739,1219,33,4,5.0,20.0,2025-11-09T17:31:00,Günde 2
1740,1219,32,4,28.0,112.0,2025-11-09T17:31:00,Aç karna
1741,1219,35,1,19.5,19.5,2025-11-09T17:31:00,Günde 1
1742,1221,28,2,11.0,22.0,2025-11-10T10:15:00,Uyku öncesi
1743,1221,30,2,9.5,19.0,2025-11-10T10:15:00,Aç karna
1744,1221,27,1,22.0,22.0,2025-11-10T10:15:00,Aç karna
1745,1225,38,1,5.0,5.0,2025-11-10T15:04:00,Günde 2
1746,1225,36,2,3.5,7.0,2025-11-10T15:04:00,Aç karna
1747,1227,36,1,3.5,3.5,2025-11-10T16:57:00,Yemekle
1748,1227,38,4,5.0,20.0,2025-11-10T16:57:00,Günde 1
1749,1228,20,4,24.0,96.0,2025-11-10T17:58:00,Günde 3
1750,1229,11,4,5.0,20.0,2025-11-10T17:48:00,Yemekle
1751,1230,39,1,4.8,4.8,2025-11-11T10:33:00,Uyku öncesi
1752,1231,18,3,18.5,55.5,2025-11-11T13:50:00,Günde 2
1753,1234,39,4,4.8,19.2,2025-11-11T17:36:00,Günde 3
1754,1236,36,3,3.5,10.5,2025-11-11T18:25:00,Günde 1
1755,1236,38,2,5.0,10.0,2025-11-11T18:25:00,Aç karna
1756,1236,39,1,4.8,4.8,2025-11-11T18:25:00,Günde 2
1757,1239,35,4,19.5,78.0,2025-11-12T14:52:00,Yemekle
1758,1240,16,4,4.0,16.0,2025-11-12T18:01:00,Yemekle
1759,1243,8,3,7.5,22.5,2025-11-13T11:38:00,Uyku öncesi
1760,1243,6,2,2.2,4.4,2025-11-13T11:38:00,Günde 2
1761,1243,10,2,38.0,76.0,2025-11-13T11:38:00,Uyku öncesi
1762,1244,38,3,5.0,15.0,2025-11-13T15:41:00,Günde 3
1763,1245,3,1,12.0,12.0,2025-11-13T15:45:00,Uyku öncesi
1764,1245,4,2,8.0,16.0,2025-11-13T15:45:00,Yemekle
1765,1247,33,2,5.0,10.0,2025-11-13T19:16:00,Yemekle
1766,1247,35,1,19.5,19.5,2025-11-13T19:16:00,Uyku öncesi
1767,1247,31,1,14.0,14.0,2025-11-13T19:16:00,Günde 1
1768,1250,2,4,4.5,18.0,2025-11-14T12:41:00,Günde 1
1769,1250,5,3,6.0,18.0,2025-11-14T12:41:00,Günde 3
1770,1251,36,3,3.5,10.5,2025-11-14T13:45:00,Aç karna
1771,1252,31,1,14.0,14.0,2025-11-14T14:02:00,Günde 3
1772,1253,38,3,5.0,15.0,2025-11-15T10:02:00,Aç karna
1773,1253,36,1,3.5,3.5,2025-11-15T10:02:00,Uyku öncesi
1774,1254,18,3,18.5,55.5,2025-11-15T11:31:00,Günde 1
1775,1255,13,4,4.2,16.8,2025-11-15T12:19:00,Günde 3
1776,1255,15,2,6.8,13.6,2025-11-15T12:19:00,Günde 3
1777,1255,12,4,6.0,24.0,2025-11-15T12:19:00,Yemekle
1778,1256,18,4,18.5,74.0,2025-11-15T15:04:00,Günde 2
1779,1256,20,2,24.0,48.0,2025-11-15T15:04:00,Günde 1
1780,1259,38,4,5.0,20.0,2025-11-16T11:20:00,Günde 3
1781,1260,22,2,3.0,6.0,2025-11-16T11:42:00,Yemekle
1782,1261,27,2,22.0,44.0,2025-11-16T13:51:00,Aç karna
1783,1261,30,4,9.5,38.0,2025-11-16T13:51:00,Günde 2
1784,1262,14,2,7.5,15.0,2025-11-16T15:07:00,Uyku öncesi
1785,1262,13,4,4.2,16.8,2025-11-16T15:07:00,Uyku öncesi
1786,1262,15,2,6.8,13.6,2025-11-16T15:07:00,Yemekle
1787,1265,34,3,16.0,48.0,2025-11-16T18:37:00,Günde 3
1788,1265,35,1,19.5,19.5,2025-11-16T18:37:00,Yemekle
1789,1266,31,2,14.0,28.0,2025-11-17T10:47:00,Günde 2
1790,1267,3,4,12.0,48.0,2025-11-17T16:17:00,Yemekle
1791,1267,1,2,2.5,5.0,2025-11-17T16:17:00,Uyku öncesi
1792,1267,2,1,4.5,4.5,2025-11-17T16:17:00,Yemekle
1793,1268,36,3,3.5,10.5,2025-11-18T09:16:00,Günde 1
1794,1268,38,1,5.0,5.0,2025-11-18T09:16:00,Uyku öncesi
1795,1269,24,1,22.0,22.0,2025-11-18T10:41:00,Günde 2
1796,1271,15,3,6.8,20.4,2025-11-18T13:00:00,Günde 3
1797,1271,11,4,5.0,20.0,2025-11-18T13:00:00,Günde 1
1798,1271,13,4,4.2,16.8,2025-11-18T13:00:00,Uyku öncesi
1799,1272,3,4,12.0,48.0,2025-11-18T18:19:00,Günde 1
1800,1272,5,3,6.0,18.0,2025-11-18T18:19:00,Günde 1
1801,1273,13,2,4.2,8.4,2025-11-18T18:52:00,Günde 3
1802,1275,18,1,18.5,18.5,2025-11-19T11:32:00,Günde 1
1803,1275,20,4,24.0,96.0,2025-11-19T11:32:00,Uyku öncesi
1804,1275,16,2,4.0,8.0,2025-11-19T11:32:00,Günde 3
1805,1277,36,1,3.5,3.5,2025-11-19T13:36:00,Aç karna
1806,1278,34,3,16.0,48.0,2025-11-19T16:12:00,Günde 1
1807,1280,18,4,18.5,74.0,2025-11-20T11:19:00,Günde 2
1808,1280,16,3,4.0,12.0,2025-11-20T11:19:00,Aç karna
1809,1281,12,2,6.0,12.0,2025-11-20T12:28:00,Günde 3
1810,1282,33,2,5.0,10.0,2025-11-20T12:34:00,Aç karna
1811,1284,36,1,3.5,3.5,2025-11-20T15:45:00,Uyku öncesi
1812,1284,39,3,4.8,14.399999999999999,2025-11-20T15:45:00,Günde 3
1813,1285,32,2,28.0,56.0,2025-11-20T16:40:00,Uyku öncesi
1814,1287,36,4,3.5,14.0,2025-11-20T19:22:00,Aç karna
1815,1288,27,1,22.0,22.0,2025-11-21T08:56:00,Uyku öncesi
1816,1288,29,2,5.0,10.0,2025-11-21T08:56:00,Günde 1
1817,1289,36,4,3.5,14.0,2025-11-21T10:51:00,Günde 3
1818,1289,39,1,4.8,4.8,2025-11-21T10:51:00,Yemekle
1819,1290,20,1,24.0,24.0,2025-11-21T10:34:00,Aç karna
1820,1290,18,2,18.5,37.0,2025-11-21T10:34:00,Aç karna
1821,1290,16,1,4.0,4.0,2025-11-21T10:34:00,Aç karna
1822,1291,16,1,4.0,4.0,2025-11-21T11:15:00,Aç karna
1823,1291,20,1,24.0,24.0,2025-11-21T11:15:00,Yemekle
1824,1291,18,2,18.5,37.0,2025-11-21T11:15:00,Aç karna
1825,1292,39,1,4.8,4.8,2025-11-21T12:37:00,Yemekle
1826,1295,35,1,19.5,19.5,2025-11-22T11:55:00,Günde 2
1827,1295,32,3,28.0,84.0,2025-11-22T11:55:00,Günde 3
1828,1296,38,2,5.0,10.0,2025-11-22T13:12:00,Günde 3
1829,1297,18,2,18.5,37.0,2025-11-22T14:33:00,Günde 1
1830,1300,36,3,3.5,10.5,2025-11-23T17:31:00,Yemekle
1831,1302,7,3,9.0,27.0,2025-11-24T09:11:00,Günde 2
1832,1302,10,1,38.0,38.0,2025-11-24T09:11:00,Aç karna
1833,1302,9,3,12.0,36.0,2025-11-24T09:11:00,Günde 3
1834,1303,28,4,11.0,44.0,2025-11-24T09:22:00,Günde 2
1835,1307,14,4,7.5,30.0,2025-11-24T11:56:00,Günde 1
1836,1308,22,1,3.0,3.0,2025-11-24T11:48:00,Günde 2
1837,1310,39,1,4.8,4.8,2025-11-24T13:41:00,Günde 1
1838,1312,30,2,9.5,19.0,2025-11-24T17:06:00,Aç karna
1839,1313,34,2,16.0,32.0,2025-11-24T17:27:00,Günde 3
1840,1314,34,1,16.0,16.0,2025-11-24T18:22:00,Günde 1
1841,1315,5,4,6.0,24.0,2025-11-25T15:46:00,Aç karna
1842,1315,1,4,2.5,10.0,2025-11-25T15:46:00,Günde 1
1843,1315,3,1,12.0,12.0,2025-11-25T15:46:00,Uyku öncesi
1844,1317,38,3,5.0,15.0,2025-11-26T10:47:00,Uyku öncesi
1845,1318,38,3,5.0,15.0,2025-11-26T14:00:00,Yemekle
1846,1320,22,4,3.0,12.0,2025-11-27T10:48:00,Aç karna
1847,1321,24,1,22.0,22.0,2025-11-27T14:20:00,Günde 1
1848,1322,5,4,6.0,24.0,2025-11-27T16:15:00,Günde 3
1849,1323,16,1,4.0,4.0,2025-11-27T18:36:00,Yemekle
1850,1326,18,1,18.5,18.5,2025-11-28T13:16:00,Günde 1
1851,1327,11,4,5.0,20.0,2025-11-28T16:20:00,Günde 3
1852,1330,39,1,4.8,4.8,2025-11-29T09:56:00,Yemekle
1853,1330,36,2,3.5,7.0,2025-11-29T09:56:00,Aç karna
1854,1332,30,3,9.5,28.5,2025-11-29T13:27:00,Günde 2
1855,1333,16,2,4.0,8.0,2025-11-29T13:37:00,Aç karna
1856,1334,16,3,4.0,12.0,2025-11-29T14:24:00,Günde 2
1857,1334,18,2,18.5,37.0,2025-11-29T14:24:00,Günde 2
1858,1335,36,3,3.5,10.5,2025-11-29T17:23:00,Günde 3
1859,1335,39,2,4.8,9.6,2025-11-29T17:23:00,Uyku öncesi
1860,1336,1,1,2.5,2.5,2025-11-29T19:08:00,Aç karna
1861,1336,5,3,6.0,18.0,2025-11-29T19:08:00,Uyku öncesi
1862,1336,2,1,4.5,4.5,2025-11-29T19:08:00,Uyku öncesi
1863,1337,32,4,28.0,112.0,2025-11-30T08:44:00,Aç karna
1864,1338,15,3,6.8,20.4,2025-11-30T10:26:00,Günde 1
1865,1340,28,4,11.0,44.0,2025-11-30T13:28:00,Günde 2
1866,1340,30,4,9.5,38.0,2025-11-30T13:28:00,Aç karna
1867,1342,27,2,22.0,44.0,2025-11-30T15:11:00,Yemekle
1868,1343,33,4,5.0,20.0,2025-11-30T15:27:00,Aç karna
1869,1345,15,3,6.8,20.4,2025-11-30T18:27:00,Yemekle
1870,1345,11,3,5.0,15.0,2025-11-30T18:27:00,Günde 3
1871,1346,28,1,11.0,11.0,2025-11-30T18:43:00,Günde 1
1872,1348,18,1,18.5,18.5,2025-12-01T11:54:00,Uyku öncesi
1873,1350,15,3,6.8,20.4,2025-12-01T16:23:00,Günde 1
1874,1351,18,4,18.5,74.0,2025-12-01T17:03:00,Günde 1
1875,1352,36,4,3.5,14.0,2025-12-01T18:27:00,Günde 1
1876,1352,39,4,4.8,19.2,2025-12-01T18:27:00,Aç karna
1877,1356,18,4,18.5,74.0,2025-12-02T11:50:00,Günde 3
1878,1357,18,3,18.5,55.5,2025-12-02T13:14:00,Günde 1
1879,1358,18,3,18.5,55.5,2025-12-02T14:59:00,Günde 3
1880,1361,18,2,18.5,37.0,2025-12-02T19:13:00,Yemekle
1881,1362,13,3,4.2,12.600000000000001,2025-12-03T11:45:00,Yemekle
1882,1362,12,4,6.0,24.0,2025-12-03T11:45:00,Günde 1
1883,1362,11,3,5.0,15.0,2025-12-03T11:45:00,Uyku öncesi
1884,1363,4,3,8.0,24.0,2025-12-03T16:51:00,Yemekle
1885,1363,3,2,12.0,24.0,2025-12-03T16:51:00,Uyku öncesi
1886,1363,2,2,4.5,9.0,2025-12-03T16:51:00,Günde 3
1887,1364,38,4,5.0,20.0,2025-12-03T16:55:00,Aç karna
1888,1368,20,3,24.0,72.0,2025-12-05T08:18:00,Günde 2
1889,1369,38,1,5.0,5.0,2025-12-05T09:45:00,Günde 2
1890,1371,20,4,24.0,96.0,2025-12-05T14:13:00,Yemekle
1891,1371,18,4,18.5,74.0,2025-12-05T14:13:00,Günde 3
1892,1372,12,4,6.0,24.0,2025-12-05T15:01:00,Günde 1
1893,1373,34,3,16.0,48.0,2025-12-05T17:36:00,Yemekle
1894,1374,38,2,5.0,10.0,2025-12-05T18:08:00,Günde 3
1895,1374,39,1,4.8,4.8,2025-12-05T18:08:00,Uyku öncesi
1896,1376,13,4,4.2,16.8,2025-12-06T15:04:00,Yemekle
1897,1378,20,2,24.0,48.0,2025-12-06T19:01:00,Günde 3
1898,1380,22,3,3.0,9.0,2025-12-07T09:51:00,Günde 2
1899,1382,8,2,7.5,15.0,2025-12-07T11:47:00,Günde 2
1900,1382,10,1,38.0,38.0,2025-12-07T11:47:00,Yemekle
1901,1385,38,3,5.0,15.0,2025-12-07T15:55:00,Aç karna
1902,1388,38,1,5.0,5.0,2025-12-07T16:28:00,Günde 2
1903,1390,39,2,4.8,9.6,2025-12-08T09:34:00,Günde 3
1904,1390,38,1,5.0,5.0,2025-12-08T09:34:00,Uyku öncesi
1905,1391,28,4,11.0,44.0,2025-12-08T12:53:00,Günde 1
1906,1391,26,4,7.0,28.0,2025-12-08T12:53:00,Aç karna
1907,1391,29,4,5.0,20.0,2025-12-08T12:53:00,Günde 1
1908,1393,1,4,2.5,10.0,2025-12-08T14:29:00,Aç karna
1909,1394,26,4,7.0,28.0,2025-12-08T15:52:00,Günde 3
1910,1394,28,2,11.0,22.0,2025-12-08T15:52:00,Günde 1
1911,1395,26,1,7.0,7.0,2025-12-08T16:40:00,Aç karna
1912,1396,1,1,2.5,2.5,2025-12-09T14:05:00,Yemekle
1913,1398,39,3,4.8,14.399999999999999,2025-12-09T19:04:00,Günde 3
1914,1398,36,1,3.5,3.5,2025-12-09T19:04:00,Uyku öncesi
1915,1399,18,2,18.5,37.0,2025-12-10T09:30:00,Günde 2
1916,1400,36,4,3.5,14.0,2025-12-10T11:09:00,Yemekle
1917,1402,1,4,2.5,10.0,2025-12-10T17:02:00,Günde 2
1918,1402,4,1,8.0,8.0,2025-12-10T17:02:00,Günde 3
1919,1403,18,1,18.5,18.5,2025-12-10T17:47:00,Yemekle
1920,1404,24,1,22.0,22.0,2025-12-10T18:44:00,Günde 3
1921,1406,11,4,5.0,20.0,2025-12-11T10:03:00,Günde 2
1922,1407,27,1,22.0,22.0,2025-12-11T13:33:00,Günde 2
1923,1407,29,1,5.0,5.0,2025-12-11T13:33:00,Aç karna
1924,1407,28,2,11.0,22.0,2025-12-11T13:33:00,Aç karna
1925,1408,24,1,22.0,22.0,2025-12-11T14:57:00,Uyku öncesi
1926,1409,32,3,28.0,84.0,2025-12-11T17:08:00,Günde 2
1927,1409,33,4,5.0,20.0,2025-12-11T17:08:00,Günde 1
1928,1410,39,1,4.8,4.8,2025-12-12T10:09:00,Aç karna
1929,1411,36,3,3.5,10.5,2025-12-12T10:58:00,Günde 3
1930,1412,24,3,22.0,66.0,2025-12-12T11:34:00,Günde 1
1931,1418,30,2,9.5,19.0,2025-12-13T10:06:00,Yemekle
1932,1419,20,1,24.0,24.0,2025-12-13T11:46:00,Yemekle
1933,1420,36,4,3.5,14.0,2025-12-13T12:10:00,Uyku öncesi
1934,1420,39,2,4.8,9.6,2025-12-13T12:10:00,Günde 3
1935,1421,14,2,7.5,15.0,2025-12-13T12:49:00,Aç karna
1936,1424,38,4,5.0,20.0,2025-12-13T14:12:00,Uyku öncesi
1937,1425,11,2,5.0,10.0,2025-12-13T16:16:00,Günde 3
1938,1426,39,4,4.8,19.2,2025-12-13T17:26:00,Günde 2
1939,1429,20,1,24.0,24.0,2025-12-14T09:31:00,Günde 3
1940,1430,16,1,4.0,4.0,2025-12-14T09:59:00,Günde 2
1941,1430,20,4,24.0,96.0,2025-12-14T09:59:00,Günde 2
1942,1431,38,4,5.0,20.0,2025-12-14T12:47:00,Yemekle
1943,1432,34,2,16.0,32.0,2025-12-14T13:04:00,Günde 1
1944,1432,33,4,5.0,20.0,2025-12-14T13:04:00,Günde 2
1945,1432,35,2,19.5,39.0,2025-12-14T13:04:00,Günde 2
1946,1433,15,2,6.8,13.6,2025-12-14T16:29:00,Yemekle
1947,1433,11,3,5.0,15.0,2025-12-14T16:29:00,Günde 2
1948,1433,12,3,6.0,18.0,2025-12-14T16:29:00,Aç karna
1949,1434,15,4,6.8,27.2,2025-12-14T18:07:00,Uyku öncesi
1950,1439,32,4,28.0,112.0,2025-12-15T12:02:00,Günde 3
1951,1439,34,1,16.0,16.0,2025-12-15T12:02:00,Günde 3
1952,1440,15,1,6.8,6.8,2025-12-15T13:39:00,Günde 2
1953,1440,14,1,7.5,7.5,2025-12-15T13:39:00,Günde 2
1954,1440,11,4,5.0,20.0,2025-12-15T13:39:00,Uyku öncesi
1955,1441,2,2,4.5,9.0,2025-12-15T13:47:00,Aç karna
1956,1444,10,4,38.0,152.0,2025-12-15T17:01:00,Günde 1
1957,1444,9,4,12.0,48.0,2025-12-15T17:01:00,Uyku öncesi
1958,1445,14,1,7.5,7.5,2025-12-15T17:33:00,Yemekle
1959,1446,35,2,19.5,39.0,2025-12-15T19:05:00,Günde 2
1960,1446,32,1,28.0,28.0,2025-12-15T19:05:00,Günde 2
1961,1446,33,3,5.0,15.0,2025-12-15T19:05:00,Günde 1
1962,1449,35,4,19.5,78.0,2025-12-16T14:40:00,Uyku öncesi
1963,1449,33,4,5.0,20.0,2025-12-16T14:40:00,Günde 3
1964,1449,32,4,28.0,112.0,2025-12-16T14:40:00,Uyku öncesi
1965,1450,5,3,6.0,18.0,2025-12-16T14:39:00,Günde 2
1966,1453,12,1,6.0,6.0,2025-12-17T09:33:00,Uyku öncesi
1967,1453,15,2,6.8,13.6,2025-12-17T09:33:00,Uyku öncesi
1968,1453,13,2,4.2,8.4,2025-12-17T09:33:00,Yemekle
1969,1454,18,4,18.5,74.0,2025-12-17T10:02:00,Aç karna
1970,1456,34,1,16.0,16.0,2025-12-17T18:30:00,Günde 1
1971,1459,30,3,9.5,28.5,2025-12-18T12:13:00,Yemekle
1972,1460,4,2,8.0,16.0,2025-12-18T13:31:00,Aç karna
1973,1460,2,3,4.5,13.5,2025-12-18T13:31:00,Günde 3
1974,1460,3,1,12.0,12.0,2025-12-18T13:31:00,Uyku öncesi
1975,1462,20,1,24.0,24.0,2025-12-18T15:23:00,Aç karna
1976,1463,6,1,2.2,2.2,2025-12-18T17:28:00,Günde 1
1977,1464,1,3,2.5,7.5,2025-12-18T18:37:00,Aç karna
1978,1464,5,3,6.0,18.0,2025-12-18T18:37:00,Günde 3
1979,1464,3,4,12.0,48.0,2025-12-18T18:37:00,Uyku öncesi
1980,1467,13,3,4.2,12.600000000000001,2025-12-19T13:32:00,Aç karna
1981,1467,14,1,7.5,7.5,2025-12-19T13:32:00,Günde 1
1982,1467,11,1,5.0,5.0,2025-12-19T13:32:00,Günde 3
1983,1468,29,2,5.0,10.0,2025-12-19T13:43:00,Uyku öncesi
1984,1469,32,4,28.0,112.0,2025-12-19T14:33:00,Günde 3
1985,1471,11,4,5.0,20.0,2025-12-19T18:19:00,Yemekle
1986,1473,39,2,4.8,9.6,2025-12-20T10:18:00,Aç karna
1987,1473,38,1,5.0,5.0,2025-12-20T10:18:00,Aç karna
1988,1474,1,2,2.5,5.0,2025-12-20T10:14:00,Yemekle
1989,1474,4,3,8.0,24.0,2025-12-20T10:14:00,Günde 1
1990,1475,22,4,3.0,12.0,2025-12-20T10:28:00,Günde 1
1991,1476,24,1,22.0,22.0,2025-12-20T10:43:00,Günde 3
1992,1478,39,2,4.8,9.6,2025-12-20T11:25:00,Yemekle
1993,1478,36,1,3.5,3.5,2025-12-20T11:25:00,Yemekle
1994,1479,30,4,9.5,38.0,2025-12-20T12:13:00,Uyku öncesi
1995,1479,27,3,22.0,66.0,2025-12-20T12:13:00,Yemekle
1996,1481,36,2,3.5,7.0,2025-12-20T13:14:00,Günde 1
1997,1482,39,2,4.8,9.6,2025-12-20T15:10:00,Yemekle
1998,1482,36,3,3.5,10.5,2025-12-20T15:10:00,Günde 2
1999,1483,39,3,4.8,14.399999999999999,2025-12-20T15:29:00,Uyku öncesi
2000,1484,26,3,7.0,21.0,2025-12-20T18:12:00,Günde 1
2001,1485,28,1,11.0,11.0,2025-12-20T19:07:00,Aç karna
2002,1487,4,3,8.0,24.0,2025-12-21T13:47:00,Günde 1
2003,1487,5,2,6.0,12.0,2025-12-21T13:47:00,Aç karna
2004,1487,1,2,2.5,5.0,2025-12-21T13:47:00,Günde 2
2005,1488,35,3,19.5,58.5,2025-12-21T13:38:00,Günde 2
2006,1491,20,4,24.0,96.0,2025-12-21T19:05:00,Aç karna
2007,1493,36,2,3.5,7.0,2025-12-22T11:06:00,Günde 2
2008,1494,36,2,3.5,7.0,2025-12-22T12:43:00,Günde 1
2009,1494,38,3,5.0,15.0,2025-12-22T12:43:00,Yemekle
2010,1495,35,2,19.5,39.0,2025-12-22T14:52:00,Uyku öncesi
2011,1495,34,4,16.0,64.0,2025-12-22T14:52:00,Günde 3
2012,1495,32,2,28.0,56.0,2025-12-22T14:52:00,Uyku öncesi
2013,1496,30,2,9.5,19.0,2025-12-22T18:09:00,Günde 1
2014,1496,26,3,7.0,21.0,2025-12-22T18:09:00,Uyku öncesi
2015,1496,28,4,11.0,44.0,2025-12-22T18:09:00,Günde 2
2016,1497,24,2,22.0,44.0,2025-12-23T08:39:00,Günde 2
2017,1499,14,1,7.5,7.5,2025-12-23T09:48:00,Günde 1
2018,1500,38,1,5.0,5.0,2025-12-23T10:08:00,Günde 1
2019,1500,39,3,4.8,14.399999999999999,2025-12-23T10:08:00,Aç karna
2020,1501,4,2,8.0,16.0,2025-12-23T10:30:00,Uyku öncesi
2021,1503,14,4,7.5,30.0,2025-12-23T17:42:00,Yemekle
2022,1503,12,4,6.0,24.0,2025-12-23T17:42:00,Günde 2
2023,1503,13,1,4.2,4.2,2025-12-23T17:42:00,Aç karna
2024,1504,39,2,4.8,9.6,2025-12-23T17:54:00,Uyku öncesi
2025,1505,38,3,5.0,15.0,2025-12-24T08:59:00,Günde 1
2026,1505,36,2,3.5,7.0,2025-12-24T08:59:00,Günde 2
2027,1508,27,4,22.0,88.0,2025-12-25T11:00:00,Yemekle
2028,1508,30,2,9.5,19.0,2025-12-25T11:00:00,Günde 1
2029,1508,29,4,5.0,20.0,2025-12-25T11:00:00,Uyku öncesi
2030,1510,20,1,24.0,24.0,2025-12-25T11:54:00,Uyku öncesi
2031,1511,35,2,19.5,39.0,2025-12-25T12:24:00,Günde 2
2032,1511,34,1,16.0,16.0,2025-12-25T12:24:00,Yemekle
2033,1513,22,3,3.0,9.0,2025-12-25T14:30:00,Aç karna
2034,1514,39,1,4.8,4.8,2025-12-26T09:11:00,Günde 1
2035,1515,38,4,5.0,20.0,2025-12-26T10:36:00,Günde 2
2036,1516,24,3,22.0,66.0,2025-12-26T11:41:00,Uyku öncesi
2037,1518,26,4,7.0,28.0,2025-12-26T15:57:00,Günde 3
2038,1520,28,4,11.0,44.0,2025-12-26T16:05:00,Günde 2
2039,1520,29,3,5.0,15.0,2025-12-26T16:05:00,Günde 2
2040,1521,24,1,22.0,22.0,2025-12-27T10:03:00,Aç karna
2041,1522,38,4,5.0,20.0,2025-12-27T10:15:00,Aç karna
2042,1522,39,1,4.8,4.8,2025-12-27T10:15:00,Uyku öncesi
2043,1524,2,2,4.5,9.0,2025-12-27T13:39:00,Yemekle
2044,1524,3,3,12.0,36.0,2025-12-27T13:39:00,Günde 2
2045,1525,14,1,7.5,7.5,2025-12-27T14:41:00,Günde 2
2046,1525,11,4,5.0,20.0,2025-12-27T14:41:00,Günde 3
2047,1525,12,4,6.0,24.0,2025-12-27T14:41:00,Günde 3
2048,1526,24,3,22.0,66.0,2025-12-27T16:14:00,Aç karna
2049,1528,35,1,19.5,19.5,2025-12-27T19:24:00,Yemekle
2050,1529,3,1,12.0,12.0,2025-12-28T11:30:00,Günde 1
2051,1529,1,2,2.5,5.0,2025-12-28T11:30:00,Günde 2
2052,1530,39,2,4.8,9.6,2025-12-28T13:05:00,Günde 2
2053,1533,36,2,3.5,7.0,2025-12-29T12:59:00,Günde 3
2054,1534,4,3,8.0,24.0,2025-12-29T14:37:00,Uyku öncesi
2055,1535,39,4,4.8,19.2,2025-12-29T17:14:00,Uyku öncesi
2056,1535,36,4,3.5,14.0,2025-12-29T17:14:00,Aç karna
2057,1535,38,1,5.0,5.0,2025-12-29T17:14:00,Uyku öncesi
2058,1536,20,3,24.0,72.0,2025-12-29T16:56:00,Günde 1
2059,1538,33,2,5.0,10.0,2025-12-30T09:29:00,Yemekle
2060,1538,35,3,19.5,58.5,2025-12-30T09:29:00,Günde 1
2061,1539,20,3,24.0,72.0,2025-12-30T15:54:00,Yemekle
2062,1540,20,1,24.0,24.0,2025-12-30T16:51:00,Günde 2
2063,1541,24,1,22.0,22.0,2025-12-30T17:58:00,Yemekle
2064,1542,3,2,12.0,24.0,2025-12-30T18:36:00,Günde 2
2065,1542,5,2,6.0,12.0,2025-12-30T18:36:00,Yemekle
2066,1542,1,4,2.5,10.0,2025-12-30T18:36:00,Günde 1
2067,1543,39,4,4.8,19.2,2025-12-31T09:45:00,Günde 2
2068,1544,33,3,5.0,15.0,2025-12-31T14:07:00,Günde 2
2069,1545,4,1,8.0,8.0,2025-12-31T15:33:00,Uyku öncesi
2070,1545,2,4,4.5,18.0,2025-12-31T15:33:00,Yemekle
2071,1546,38,3,5.0,15.0,2025-12-31T16:13:00,Günde 3
2072,1546,36,1,3.5,3.5,2025-12-31T16:13:00,Günde 1
2073,1551,32,1,28.0,28.0,2026-01-01T10:47:00,Günde 2
2074,1551,35,4,19.5,78.0,2026-01-01T10:47:00,Aç karna
2075,1552,24,3,22.0,66.0,2026-01-01T11:19:00,Günde 3
2076,1553,39,3,4.8,14.399999999999999,2026-01-01T14:04:00,Uyku öncesi
2077,1554,35,3,19.5,58.5,2026-01-01T14:26:00,Uyku öncesi
2078,1556,10,2,38.0,76.0,2026-01-02T09:19:00,Günde 2
2079,1556,9,3,12.0,36.0,2026-01-02T09:19:00,Günde 2
2080,1557,3,2,12.0,24.0,2026-01-02T13:06:00,Günde 1
2081,1557,5,1,6.0,6.0,2026-01-02T13:06:00,Günde 1
2082,1557,1,1,2.5,2.5,2026-01-02T13:06:00,Uyku öncesi
2083,1559,29,4,5.0,20.0,2026-01-02T16:16:00,Uyku öncesi
2084,1560,20,2,24.0,48.0,2026-01-02T16:18:00,Günde 3
2085,1561,7,2,9.0,18.0,2026-01-02T17:13:00,Günde 3
2086,1563,5,1,6.0,6.0,2026-01-03T13:37:00,Uyku öncesi
2087,1563,1,3,2.5,7.5,2026-01-03T13:37:00,Yemekle
2088,1563,2,2,4.5,9.0,2026-01-03T13:37:00,Aç karna
2089,1564,39,3,4.8,14.399999999999999,2026-01-03T13:26:00,Uyku öncesi
2090,1565,13,1,4.2,4.2,2026-01-03T16:17:00,Yemekle
2091,1565,11,2,5.0,10.0,2026-01-03T16:17:00,Uyku öncesi
2092,1565,15,2,6.8,13.6,2026-01-03T16:17:00,Yemekle
2093,1566,11,4,5.0,20.0,2026-01-03T16:17:00,Uyku öncesi
2094,1566,15,2,6.8,13.6,2026-01-03T16:17:00,Uyku öncesi
2095,1569,27,4,22.0,88.0,2026-01-03T17:55:00,Günde 1
2096,1569,29,1,5.0,5.0,2026-01-03T17:55:00,Aç karna
2097,1569,28,3,11.0,33.0,2026-01-03T17:55:00,Günde 3
2098,1571,12,3,6.0,18.0,2026-01-04T11:03:00,Günde 2
2099,1571,14,2,7.5,15.0,2026-01-04T11:03:00,Günde 2
2100,1571,15,3,6.8,20.4,2026-01-04T11:03:00,Günde 2
2101,1572,27,2,22.0,44.0,2026-01-04T11:46:00,Günde 3
2102,1572,28,3,11.0,33.0,2026-01-04T11:46:00,Aç karna
2103,1573,36,2,3.5,7.0,2026-01-04T12:55:00,Günde 1
2104,1574,24,1,22.0,22.0,2026-01-04T15:45:00,Yemekle
2105,1575,24,3,22.0,66.0,2026-01-04T16:30:00,Günde 3
2106,1575,22,4,3.0,12.0,2026-01-04T16:30:00,Günde 2
2107,1576,9,1,12.0,12.0,2026-01-05T08:50:00,Aç karna
2108,1576,6,3,2.2,6.6000000000000005,2026-01-05T08:50:00,Yemekle
2109,1577,29,3,5.0,15.0,2026-01-05T10:15:00,Uyku öncesi
2110,1580,2,1,4.5,4.5,2026-01-05T16:27:00,Yemekle
2111,1581,38,1,5.0,5.0,2026-01-05T17:40:00,Günde 2
2112,1581,39,4,4.8,19.2,2026-01-05T17:40:00,Günde 1
2113,1582,7,1,9.0,9.0,2026-01-05T17:34:00,Günde 1
2114,1582,9,2,12.0,24.0,2026-01-05T17:34:00,Yemekle
2115,1582,6,4,2.2,8.8,2026-01-05T17:34:00,Yemekle
2116,1583,10,3,38.0,114.0,2026-01-05T17:58:00,Aç karna
2117,1583,6,3,2.2,6.6000000000000005,2026-01-05T17:58:00,Uyku öncesi
2118,1586,4,2,8.0,16.0,2026-01-06T15:45:00,Günde 2
2119,1588,15,1,6.8,6.8,2026-01-06T15:44:00,Günde 3
2120,1588,12,4,6.0,24.0,2026-01-06T15:44:00,Günde 2
2121,1588,11,4,5.0,20.0,2026-01-06T15:44:00,Yemekle
2122,1589,36,1,3.5,3.5,2026-01-06T16:31:00,Aç karna
2123,1592,27,1,22.0,22.0,2026-01-07T09:57:00,Günde 3
2124,1592,26,3,7.0,21.0,2026-01-07T09:57:00,Günde 2
2125,1592,29,3,5.0,15.0,2026-01-07T09:57:00,Aç karna
2126,1593,1,1,2.5,2.5,2026-01-07T11:13:00,Günde 1
2127,1593,5,3,6.0,18.0,2026-01-07T11:13:00,Aç karna
2128,1593,4,4,8.0,32.0,2026-01-07T11:13:00,Günde 1
2129,1594,27,4,22.0,88.0,2026-01-07T18:58:00,Günde 1
2130,1596,27,1,22.0,22.0,2026-01-08T13:11:00,Aç karna
2131,1597,38,4,5.0,20.0,2026-01-08T13:29:00,Aç karna
2132,1598,3,2,12.0,24.0,2026-01-08T15:04:00,Günde 1
2133,1598,4,1,8.0,8.0,2026-01-08T15:04:00,Uyku öncesi
2134,1599,33,4,5.0,20.0,2026-01-08T16:31:00,Günde 1
2135,1599,34,2,16.0,32.0,2026-01-08T16:31:00,Günde 3
2136,1599,32,2,28.0,56.0,2026-01-08T16:31:00,Aç karna
2137,1601,32,2,28.0,56.0,2026-01-09T08:56:00,Uyku öncesi
2138,1601,34,1,16.0,16.0,2026-01-09T08:56:00,Günde 3
2139,1602,18,1,18.5,18.5,2026-01-09T12:38:00,Yemekle
2140,1603,29,4,5.0,20.0,2026-01-09T15:39:00,Günde 2
2141,1603,26,2,7.0,14.0,2026-01-09T15:39:00,Günde 2
2142,1604,38,4,5.0,20.0,2026-01-10T10:08:00,Günde 2
2143,1607,36,1,3.5,3.5,2026-01-11T11:56:00,Aç karna
2144,1608,5,2,6.0,12.0,2026-01-11T12:56:00,Günde 2
2145,1608,1,4,2.5,10.0,2026-01-11T12:56:00,Aç karna
2146,1608,4,3,8.0,24.0,2026-01-11T12:56:00,Günde 1
2147,1609,32,3,28.0,84.0,2026-01-11T13:40:00,Günde 2
2148,1610,2,4,4.5,18.0,2026-01-11T15:46:00,Günde 3
2149,1612,1,3,2.5,7.5,2026-01-11T19:00:00,Günde 2
2150,1613,34,1,16.0,16.0,2026-01-12T09:11:00,Aç karna
2151,1615,14,4,7.5,30.0,2026-01-12T10:11:00,Uyku öncesi
2152,1615,11,2,5.0,10.0,2026-01-12T10:11:00,Günde 1
2153,1616,15,1,6.8,6.8,2026-01-12T12:38:00,Günde 3
2154,1616,13,2,4.2,8.4,2026-01-12T12:38:00,Günde 1
2155,1616,14,3,7.5,22.5,2026-01-12T12:38:00,Günde 3
2156,1617,24,2,22.0,44.0,2026-01-12T12:50:00,Uyku öncesi
2157,1620,39,1,4.8,4.8,2026-01-13T11:36:00,Aç karna
2158,1622,38,2,5.0,10.0,2026-01-13T13:54:00,Aç karna
2159,1622,39,1,4.8,4.8,2026-01-13T13:54:00,Uyku öncesi
2160,1623,24,2,22.0,44.0,2026-01-13T14:15:00,Uyku öncesi
2161,1627,4,3,8.0,24.0,2026-01-14T14:12:00,Uyku öncesi
2162,1628,24,1,22.0,22.0,2026-01-14T15:14:00,Günde 1
2163,1629,15,1,6.8,6.8,2026-01-14T15:14:00,Günde 2
2164,1630,33,4,5.0,20.0,2026-01-14T15:34:00,Aç karna
2165,1630,35,4,19.5,78.0,2026-01-14T15:34:00,Günde 1
2166,1630,32,3,28.0,84.0,2026-01-14T15:34:00,Uyku öncesi
2167,1632,36,3,3.5,10.5,2026-01-14T18:42:00,Günde 2
2168,1633,26,3,7.0,21.0,2026-01-15T09:00:00,Uyku öncesi
2169,1638,39,1,4.8,4.8,2026-01-16T09:33:00,Günde 3
2170,1640,29,4,5.0,20.0,2026-01-16T13:02:00,Günde 1
2171,1640,26,2,7.0,14.0,2026-01-16T13:02:00,Günde 3
2172,1640,27,2,22.0,44.0,2026-01-16T13:02:00,Günde 1
2173,1642,20,3,24.0,72.0,2026-01-16T16:35:00,Uyku öncesi
2174,1642,18,1,18.5,18.5,2026-01-16T16:35:00,Günde 1
2175,1643,27,3,22.0,66.0,2026-01-16T16:45:00,Günde 1
2176,1643,29,4,5.0,20.0,2026-01-16T16:45:00,Günde 3
2177,1643,30,4,9.5,38.0,2026-01-16T16:45:00,Uyku öncesi
2178,1644,38,2,5.0,10.0,2026-01-16T18:19:00,Günde 3
2179,1645,34,4,16.0,64.0,2026-01-16T19:02:00,Günde 1
2180,1646,9,1,12.0,12.0,2026-01-17T09:14:00,Aç karna
2181,1647,22,4,3.0,12.0,2026-01-17T11:06:00,Yemekle
2182,1648,32,3,28.0,84.0,2026-01-17T15:03:00,Uyku öncesi
2183,1649,22,1,3.0,3.0,2026-01-17T17:14:00,Günde 3
2184,1651,27,3,22.0,66.0,2026-01-17T17:50:00,Yemekle
2185,1651,26,3,7.0,21.0,2026-01-17T17:50:00,Günde 2
2186,1652,35,3,19.5,58.5,2026-01-17T19:01:00,Günde 1
2187,1654,34,2,16.0,32.0,2026-01-18T12:08:00,Aç karna
2188,1654,32,4,28.0,112.0,2026-01-18T12:08:00,Aç karna
2189,1656,36,4,3.5,14.0,2026-01-19T09:07:00,Aç karna
2190,1658,4,3,8.0,24.0,2026-01-19T15:33:00,Günde 2
2191,1658,1,1,2.5,2.5,2026-01-19T15:33:00,Günde 2
2192,1659,36,2,3.5,7.0,2026-01-19T17:48:00,Aç karna
2193,1659,39,4,4.8,19.2,2026-01-19T17:48:00,Uyku öncesi
2194,1660,30,1,9.5,9.5,2026-01-20T10:57:00,Aç karna
2195,1660,26,1,7.0,7.0,2026-01-20T10:57:00,Aç karna
2196,1660,29,1,5.0,5.0,2026-01-20T10:57:00,Yemekle
2197,1661,20,1,24.0,24.0,2026-01-20T11:08:00,Günde 2
2198,1663,36,3,3.5,10.5,2026-01-20T12:58:00,Aç karna
2199,1664,28,1,11.0,11.0,2026-01-20T17:07:00,Aç karna
2200,1664,27,4,22.0,88.0,2026-01-20T17:07:00,Günde 2
2201,1665,30,1,9.5,9.5,2026-01-21T08:51:00,Günde 1
2202,1665,27,4,22.0,88.0,2026-01-21T08:51:00,Yemekle
2203,1666,15,4,6.8,27.2,2026-01-21T08:59:00,Uyku öncesi
2204,1666,12,3,6.0,18.0,2026-01-21T08:59:00,Günde 3
2205,1666,13,2,4.2,8.4,2026-01-21T08:59:00,Yemekle
2206,1669,5,2,6.0,12.0,2026-01-21T14:35:00,Günde 2
2207,1669,2,3,4.5,13.5,2026-01-21T14:35:00,Günde 1
2208,1669,1,1,2.5,2.5,2026-01-21T14:35:00,Günde 2
2209,1670,18,2,18.5,37.0,2026-01-22T09:57:00,Aç karna
2210,1670,20,3,24.0,72.0,2026-01-22T09:57:00,Uyku öncesi
2211,1672,24,2,22.0,44.0,2026-01-22T14:40:00,Uyku öncesi
2212,1672,22,1,3.0,3.0,2026-01-22T14:40:00,Günde 1
2213,1673,9,1,12.0,12.0,2026-01-22T16:42:00,Günde 2
2214,1673,8,1,7.5,7.5,2026-01-22T16:42:00,Günde 1
2215,1673,10,2,38.0,76.0,2026-01-22T16:42:00,Günde 1
2216,1674,28,1,11.0,11.0,2026-01-22T18:40:00,Günde 1
2217,1677,18,3,18.5,55.5,2026-01-23T14:42:00,Aç karna
2218,1678,27,4,22.0,88.0,2026-01-23T16:07:00,Günde 2
2219,1679,38,3,5.0,15.0,2026-01-23T17:23:00,Aç karna
2220,1681,32,1,28.0,28.0,2026-01-24T14:25:00,Günde 3
2221,1681,35,3,19.5,58.5,2026-01-24T14:25:00,Günde 1
2222,1684,39,4,4.8,19.2,2026-01-24T16:17:00,Günde 1
2223,1685,27,3,22.0,66.0,2026-01-24T19:03:00,Aç karna
2224,1686,30,2,9.5,19.0,2026-01-25T08:57:00,Uyku öncesi
2225,1686,28,4,11.0,44.0,2026-01-25T08:57:00,Aç karna
2226,1687,35,1,19.5,19.5,2026-01-25T11:41:00,Günde 2
2227,1688,4,3,8.0,24.0,2026-01-25T15:04:00,Günde 2
2228,1689,39,3,4.8,14.399999999999999,2026-01-25T15:00:00,Günde 2
2229,1691,24,3,22.0,66.0,2026-01-25T15:44:00,Aç karna
2230,1692,5,3,6.0,18.0,2026-01-25T17:49:00,Uyku öncesi
2231,1692,1,3,2.5,7.5,2026-01-25T17:49:00,Yemekle
2232,1693,38,2,5.0,10.0,2026-01-26T09:44:00,Aç karna
2233,1694,3,1,12.0,12.0,2026-01-26T10:57:00,Günde 1
2234,1696,13,3,4.2,12.600000000000001,2026-01-26T14:05:00,Aç karna
2235,1699,39,4,4.8,19.2,2026-01-26T18:15:00,Günde 2
2236,1701,18,1,18.5,18.5,2026-01-27T11:40:00,Yemekle
2237,1704,24,2,22.0,44.0,2026-01-27T12:44:00,Günde 2
2238,1710,39,3,4.8,14.399999999999999,2026-01-28T11:25:00,Günde 2
2239,1711,11,1,5.0,5.0,2026-01-28T11:24:00,Günde 2
2240,1711,13,2,4.2,8.4,2026-01-28T11:24:00,Yemekle
2241,1711,15,1,6.8,6.8,2026-01-28T11:24:00,Günde 3
2242,1712,33,3,5.0,15.0,2026-01-28T14:20:00,Yemekle
2243,1712,35,2,19.5,39.0,2026-01-28T14:20:00,Aç karna
2244,1712,32,2,28.0,56.0,2026-01-28T14:20:00,Günde 2
2245,1714,3,2,12.0,24.0,2026-01-28T17:12:00,Günde 3
2246,1714,4,1,8.0,8.0,2026-01-28T17:12:00,Günde 3
2247,1714,5,3,6.0,18.0,2026-01-28T17:12:00,Günde 1
2248,1715,18,1,18.5,18.5,2026-01-28T18:14:00,Yemekle
2249,1716,18,1,18.5,18.5,2026-01-28T18:26:00,Uyku öncesi
2250,1717,1,1,2.5,2.5,2026-01-28T19:27:00,Günde 2
2251,1717,4,2,8.0,16.0,2026-01-28T19:27:00,Günde 1
2252,1717,3,2,12.0,24.0,2026-01-28T19:27:00,Aç karna
2253,1718,39,1,4.8,4.8,2026-01-29T10:28:00,Uyku öncesi
2254,1718,38,1,5.0,5.0,2026-01-29T10:28:00,Günde 2
2255,1719,20,4,24.0,96.0,2026-01-29T13:27:00,Günde 1
2256,1719,18,1,18.5,18.5,2026-01-29T13:27:00,Günde 2
2257,1720,1,1,2.5,2.5,2026-01-29T14:32:00,Uyku öncesi
2258,1720,4,3,8.0,24.0,2026-01-29T14:32:00,Günde 2
2259,1721,30,4,9.5,38.0,2026-01-29T15:18:00,Günde 1
2260,1721,29,2,5.0,10.0,2026-01-29T15:18:00,Günde 3
2261,1723,2,1,4.5,4.5,2026-01-30T10:08:00,Yemekle
2262,1723,3,4,12.0,48.0,2026-01-30T10:08:00,Günde 2
2263,1724,38,4,5.0,20.0,2026-01-30T10:30:00,Aç karna
2264,1724,39,4,4.8,19.2,2026-01-30T10:30:00,Aç karna
2265,1727,27,4,22.0,88.0,2026-01-31T10:03:00,Uyku öncesi
2266,1727,29,4,5.0,20.0,2026-01-31T10:03:00,Aç karna
2267,1731,1,2,2.5,5.0,2026-01-31T19:11:00,Günde 1
2268,1733,28,3,11.0,33.0,2026-02-01T11:22:00,Yemekle
2269,1735,14,2,7.5,15.0,2026-02-01T11:17:00,Günde 2
2270,1735,11,3,5.0,15.0,2026-02-01T11:17:00,Günde 3
2271,1738,1,4,2.5,10.0,2026-02-01T14:39:00,Yemekle
2272,1738,4,3,8.0,24.0,2026-02-01T14:39:00,Yemekle
2273,1739,35,3,19.5,58.5,2026-02-01T16:03:00,Aç karna
2274,1739,32,3,28.0,84.0,2026-02-01T16:03:00,Günde 3
2275,1740,15,1,6.8,6.8,2026-02-01T17:20:00,Günde 3
2276,1740,11,2,5.0,10.0,2026-02-01T17:20:00,Günde 2
2277,1743,38,2,5.0,10.0,2026-02-02T09:52:00,Günde 3
2278,1743,39,3,4.8,14.399999999999999,2026-02-02T09:52:00,Günde 1
2279,1744,13,3,4.2,12.600000000000001,2026-02-02T11:08:00,Uyku öncesi
2280,1744,11,1,5.0,5.0,2026-02-02T11:08:00,Günde 2
2281,1747,24,2,22.0,44.0,2026-02-02T14:00:00,Aç karna
2282,1749,39,2,4.8,9.6,2026-02-02T14:04:00,Aç karna
2283,1751,24,4,22.0,88.0,2026-02-02T17:17:00,Günde 1
2284,1752,29,2,5.0,10.0,2026-02-03T12:00:00,Günde 3
2285,1753,14,3,7.5,22.5,2026-02-03T14:46:00,Aç karna
2286,1753,12,3,6.0,18.0,2026-02-03T14:46:00,Yemekle
2287,1753,13,3,4.2,12.600000000000001,2026-02-03T14:46:00,Günde 2
2288,1756,33,4,5.0,20.0,2026-02-03T19:25:00,Günde 2
2289,1756,32,4,28.0,112.0,2026-02-03T19:25:00,Günde 2
2290,1756,34,2,16.0,32.0,2026-02-03T19:25:00,Günde 3
2291,1759,38,1,5.0,5.0,2026-02-04T11:38:00,Yemekle
2292,1759,39,1,4.8,4.8,2026-02-04T11:38:00,Günde 2
2293,1760,29,4,5.0,20.0,2026-02-04T13:39:00,Günde 2
2294,1760,26,3,7.0,21.0,2026-02-04T13:39:00,Yemekle
2295,1762,38,2,5.0,10.0,2026-02-05T11:57:00,Günde 2
2296,1762,36,1,3.5,3.5,2026-02-05T11:57:00,Yemekle
2297,1764,22,2,3.0,6.0,2026-02-05T12:17:00,Günde 2
2298,1766,13,1,4.2,4.2,2026-02-05T15:23:00,Yemekle
2299,1766,15,2,6.8,13.6,2026-02-05T15:23:00,Uyku öncesi
2300,1766,14,3,7.5,22.5,2026-02-05T15:23:00,Aç karna
2301,1767,10,4,38.0,152.0,2026-02-06T09:32:00,Aç karna
2302,1768,38,1,5.0,5.0,2026-02-06T09:49:00,Uyku öncesi
2303,1769,2,1,4.5,4.5,2026-02-06T10:01:00,Günde 1
2304,1771,4,2,8.0,16.0,2026-02-06T11:29:00,Günde 2
2305,1771,2,3,4.5,13.5,2026-02-06T11:29:00,Günde 1
2306,1771,1,3,2.5,7.5,2026-02-06T11:29:00,Günde 2
2307,1772,28,3,11.0,33.0,2026-02-06T12:18:00,Aç karna
2308,1773,39,4,4.8,19.2,2026-02-06T13:13:00,Uyku öncesi
2309,1774,14,2,7.5,15.0,2026-02-06T14:49:00,Yemekle
2310,1774,15,2,6.8,13.6,2026-02-06T14:49:00,Günde 1
2311,1779,38,2,5.0,10.0,2026-02-06T17:46:00,Yemekle
2312,1780,3,2,12.0,24.0,2026-02-06T19:27:00,Günde 3
2313,1780,4,4,8.0,32.0,2026-02-06T19:27:00,Günde 1
2314,1780,1,3,2.5,7.5,2026-02-06T19:27:00,Uyku öncesi
2315,1783,33,2,5.0,10.0,2026-02-07T09:27:00,Yemekle
2316,1783,35,4,19.5,78.0,2026-02-07T09:27:00,Günde 3
2317,1783,34,4,16.0,64.0,2026-02-07T09:27:00,Aç karna
2318,1785,22,2,3.0,6.0,2026-02-07T10:45:00,Günde 1
2319,1786,13,3,4.2,12.600000000000001,2026-02-07T11:56:00,Günde 2
2320,1789,24,2,22.0,44.0,2026-02-07T15:31:00,Uyku öncesi
2321,1792,5,3,6.0,18.0,2026-02-08T13:57:00,Günde 1
2322,1792,4,2,8.0,16.0,2026-02-08T13:57:00,Günde 1
2323,1792,2,1,4.5,4.5,2026-02-08T13:57:00,Aç karna
2324,1793,1,2,2.5,5.0,2026-02-08T13:39:00,Günde 1
2325,1793,4,2,8.0,16.0,2026-02-08T13:39:00,Uyku öncesi
2326,1793,3,3,12.0,36.0,2026-02-08T13:39:00,Uyku öncesi
2327,1794,14,4,7.5,30.0,2026-02-08T14:53:00,Uyku öncesi
2328,1794,13,4,4.2,16.8,2026-02-08T14:53:00,Günde 1
2329,1795,28,1,11.0,11.0,2026-02-08T15:21:00,Aç karna
2330,1795,26,4,7.0,28.0,2026-02-08T15:21:00,Günde 1
2331,1795,29,2,5.0,10.0,2026-02-08T15:21:00,Yemekle
2332,1799,20,3,24.0,72.0,2026-02-08T16:50:00,Günde 1
2333,1801,38,1,5.0,5.0,2026-02-08T17:23:00,Aç karna
2334,1803,35,1,19.5,19.5,2026-02-09T11:00:00,Aç karna
2335,1803,34,1,16.0,16.0,2026-02-09T11:00:00,Uyku öncesi
2336,1805,38,2,5.0,10.0,2026-02-09T14:53:00,Günde 2
2337,1807,22,3,3.0,9.0,2026-02-09T16:47:00,Günde 2
2338,1808,14,3,7.5,22.5,2026-02-09T17:18:00,Aç karna
2339,1811,8,4,7.5,30.0,2026-02-10T13:22:00,Günde 3
2340,1813,38,3,5.0,15.0,2026-02-10T15:04:00,Günde 2
2341,1816,3,1,12.0,12.0,2026-02-10T17:08:00,Günde 1
2342,1816,2,4,4.5,18.0,2026-02-10T17:08:00,Uyku öncesi
2343,1817,13,4,4.2,16.8,2026-02-10T18:57:00,Aç karna
2344,1817,12,3,6.0,18.0,2026-02-10T18:57:00,Aç karna
2345,1818,33,2,5.0,10.0,2026-02-11T08:14:00,Günde 3
2346,1818,32,3,28.0,84.0,2026-02-11T08:14:00,Uyku öncesi
2347,1819,4,2,8.0,16.0,2026-02-11T09:12:00,Günde 1
2348,1827,15,2,6.8,13.6,2026-02-12T12:20:00,Günde 3
2349,1827,13,3,4.2,12.600000000000001,2026-02-12T12:20:00,Günde 1
2350,1831,15,4,6.8,27.2,2026-02-12T16:43:00,Uyku öncesi
2351,1831,11,1,5.0,5.0,2026-02-12T16:43:00,Yemekle
2352,1831,14,3,7.5,22.5,2026-02-12T16:43:00,Yemekle
2353,1832,32,2,28.0,56.0,2026-02-12T17:06:00,Aç karna
2354,1833,20,3,24.0,72.0,2026-02-12T17:06:00,Günde 1
2355,1833,18,4,18.5,74.0,2026-02-12T17:06:00,Yemekle
2356,1834,5,3,6.0,18.0,2026-02-13T08:44:00,Günde 2
2357,1834,3,3,12.0,36.0,2026-02-13T08:44:00,Günde 1
2358,1836,33,2,5.0,10.0,2026-02-13T09:52:00,Aç karna
2359,1836,34,1,16.0,16.0,2026-02-13T09:52:00,Günde 2
2360,1838,28,4,11.0,44.0,2026-02-13T13:40:00,Aç karna
2361,1838,27,1,22.0,22.0,2026-02-13T13:40:00,Uyku öncesi
2362,1838,26,3,7.0,21.0,2026-02-13T13:40:00,Uyku öncesi
2363,1839,24,4,22.0,88.0,2026-02-13T13:55:00,Yemekle
2364,1842,20,3,24.0,72.0,2026-02-13T16:58:00,Günde 3
2365,1846,1,2,2.5,5.0,2026-02-14T14:11:00,Uyku öncesi
2366,1846,3,1,12.0,12.0,2026-02-14T14:11:00,Yemekle
2367,1846,4,2,8.0,16.0,2026-02-14T14:11:00,Günde 3
2368,1849,8,2,7.5,15.0,2026-02-15T11:52:00,Aç karna
2369,1850,7,3,9.0,27.0,2026-02-15T13:04:00,Günde 2
2370,1850,9,2,12.0,24.0,2026-02-15T13:04:00,Günde 2
2371,1851,12,1,6.0,6.0,2026-02-15T17:31:00,Günde 3
2372,1851,11,4,5.0,20.0,2026-02-15T17:31:00,Uyku öncesi
2373,1852,26,1,7.0,7.0,2026-02-15T18:06:00,Aç karna
2374,1852,29,3,5.0,15.0,2026-02-15T18:06:00,Günde 3
2375,1852,28,4,11.0,44.0,2026-02-15T18:06:00,Yemekle
2376,1855,34,2,16.0,32.0,2026-02-16T10:21:00,Yemekle
2377,1856,4,1,8.0,8.0,2026-02-16T10:50:00,Günde 2
2378,1859,2,2,4.5,9.0,2026-02-16T15:39:00,Günde 3
2379,1859,4,2,8.0,16.0,2026-02-16T15:39:00,Aç karna
2380,1859,5,4,6.0,24.0,2026-02-16T15:39:00,Yemekle
2381,1860,18,2,18.5,37.0,2026-02-17T09:19:00,Günde 1
2382,1862,11,1,5.0,5.0,2026-02-17T11:15:00,Aç karna
2383,1862,15,3,6.8,20.4,2026-02-17T11:15:00,Günde 1
2384,1862,12,4,6.0,24.0,2026-02-17T11:15:00,Aç karna
2385,1865,32,2,28.0,56.0,2026-02-17T17:26:00,Günde 1
2386,1866,24,3,22.0,66.0,2026-02-17T17:29:00,Aç karna
2387,1868,20,3,24.0,72.0,2026-02-18T11:32:00,Günde 3
2388,1869,12,2,6.0,12.0,2026-02-18T13:30:00,Günde 1
2389,1871,14,1,7.5,7.5,2026-02-18T17:19:00,Aç karna
2390,1874,9,4,12.0,48.0,2026-02-19T12:36:00,Günde 1
2391,1875,18,2,18.5,37.0,2026-02-19T13:26:00,Günde 3
2392,1876,38,3,5.0,15.0,2026-02-19T14:45:00,Günde 3
2393,1878,34,3,16.0,48.0,2026-02-19T16:13:00,Yemekle
2394,1880,26,4,7.0,28.0,2026-02-20T13:58:00,Aç karna
2395,1880,27,2,22.0,44.0,2026-02-20T13:58:00,Günde 3
2396,1884,33,2,5.0,10.0,2026-02-21T13:06:00,Uyku öncesi
2397,1885,20,2,24.0,48.0,2026-02-21T15:32:00,Günde 3
2398,1887,22,4,3.0,12.0,2026-02-21T16:37:00,Yemekle
2399,1887,24,4,22.0,88.0,2026-02-21T16:37:00,Günde 3
2400,1890,30,4,9.5,38.0,2026-02-22T09:42:00,Yemekle
2401,1891,10,3,38.0,114.0,2026-02-22T10:35:00,Aç karna
2402,1891,7,4,9.0,36.0,2026-02-22T10:35:00,Günde 1
2403,1892,20,4,24.0,96.0,2026-02-22T12:58:00,Uyku öncesi
2404,1893,34,2,16.0,32.0,2026-02-22T15:17:00,Uyku öncesi
2405,1893,33,4,5.0,20.0,2026-02-22T15:17:00,Günde 1
2406,1893,35,3,19.5,58.5,2026-02-22T15:17:00,Günde 2
2407,1896,34,2,16.0,32.0,2026-02-23T08:56:00,Uyku öncesi
2408,1896,33,1,5.0,5.0,2026-02-23T08:56:00,Yemekle
2409,1901,18,2,18.5,37.0,2026-02-23T19:02:00,Günde 2
2410,1902,24,2,22.0,44.0,2026-02-24T08:58:00,Günde 3
2411,1903,18,3,18.5,55.5,2026-02-24T09:11:00,Günde 2
2412,1906,22,2,3.0,6.0,2026-02-24T11:54:00,Günde 2
2413,1906,24,4,22.0,88.0,2026-02-24T11:54:00,Uyku öncesi
2414,1908,28,4,11.0,44.0,2026-02-24T17:40:00,Günde 3
2415,1908,29,2,5.0,10.0,2026-02-24T17:40:00,Günde 1
2416,1908,27,3,22.0,66.0,2026-02-24T17:40:00,Yemekle
2417,1914,5,1,6.0,6.0,2026-02-25T16:59:00,Günde 2
2418,1914,1,1,2.5,2.5,2026-02-25T16:59:00,Günde 1
2419,1920,34,2,16.0,32.0,2026-02-26T10:53:00,Yemekle
2420,1920,33,3,5.0,15.0,2026-02-26T10:53:00,Günde 2
2421,1920,35,4,19.5,78.0,2026-02-26T10:53:00,Aç karna
2422,1921,1,4,2.5,10.0,2026-02-26T13:03:00,Günde 1
2423,1922,18,4,18.5,74.0,2026-02-26T13:35:00,Günde 2
2424,1922,20,3,24.0,72.0,2026-02-26T13:35:00,Uyku öncesi
2425,1926,32,1,28.0,28.0,2026-02-27T09:10:00,Günde 3
2426,1926,34,3,16.0,48.0,2026-02-27T09:10:00,Yemekle
2427,1929,18,4,18.5,74.0,2026-02-27T11:51:00,Günde 1
2428,1929,20,4,24.0,96.0,2026-02-27T11:51:00,Günde 3
2429,1936,5,4,6.0,24.0,2026-02-28T10:32:00,Uyku öncesi
2430,1936,1,1,2.5,2.5,2026-02-28T10:32:00,Yemekle
2431,1939,33,3,5.0,15.0,2026-02-28T14:49:00,Aç karna
2432,1939,32,4,28.0,112.0,2026-02-28T14:49:00,Uyku öncesi
2433,1939,34,1,16.0,16.0,2026-02-28T14:49:00,Yemekle
2434,1940,27,2,22.0,44.0,2026-02-28T15:34:00,Yemekle
2435,1940,30,1,9.5,9.5,2026-02-28T15:34:00,Yemekle
2436,1940,26,3,7.0,21.0,2026-02-28T15:34:00,Günde 2
2437,1941,22,3,3.0,9.0,2026-02-28T18:22:00,Günde 2
2438,1942,15,1,6.8,6.8,2026-03-01T09:00:00,Aç karna
2439,1942,13,2,4.2,8.4,2026-03-01T09:00:00,Yemekle
2440,1942,12,3,6.0,18.0,2026-03-01T09:00:00,Aç karna
2441,1944,33,3,5.0,15.0,2026-03-01T12:43:00,Günde 2
2442,1948,13,2,4.2,8.4,2026-03-01T19:02:00,Uyku öncesi
2443,1948,12,3,6.0,18.0,2026-03-01T19:02:00,Günde 3
2444,1948,14,1,7.5,7.5,2026-03-01T19:02:00,Yemekle
2445,1952,12,1,6.0,6.0,2026-03-02T11:02:00,Günde 1
2446,1955,1,4,2.5,10.0,2026-03-02T13:52:00,Yemekle
2447,1955,3,2,12.0,24.0,2026-03-02T13:52:00,Yemekle
2448,1958,7,4,9.0,36.0,2026-03-02T16:38:00,Günde 2
2449,1958,9,1,12.0,12.0,2026-03-02T16:38:00,Günde 1
2450,1960,11,4,5.0,20.0,2026-03-02T18:24:00,Aç karna
2451,1960,13,1,4.2,4.2,2026-03-02T18:24:00,Aç karna
2452,1960,14,2,7.5,15.0,2026-03-02T18:24:00,Günde 1
2453,1961,28,1,11.0,11.0,2026-03-02T18:38:00,Yemekle
2454,1963,24,1,22.0,22.0,2026-03-03T14:10:00,Günde 1
2455,1965,29,1,5.0,5.0,2026-03-03T19:11:00,Yemekle
2456,1965,28,1,11.0,11.0,2026-03-03T19:11:00,Yemekle
2457,1969,30,2,9.5,19.0,2026-03-04T10:43:00,Günde 2
2458,1970,1,4,2.5,10.0,2026-03-04T11:19:00,Günde 3
2459,1970,3,1,12.0,12.0,2026-03-04T11:19:00,Aç karna
2460,1970,5,4,6.0,24.0,2026-03-04T11:19:00,Uyku öncesi
2461,1972,34,4,16.0,64.0,2026-03-04T16:13:00,Yemekle
2462,1972,35,2,19.5,39.0,2026-03-04T16:13:00,Günde 1
2463,1973,22,2,3.0,6.0,2026-03-04T19:06:00,Uyku öncesi
2464,1977,33,3,5.0,15.0,2026-03-05T14:46:00,Yemekle
2465,1978,38,2,5.0,10.0,2026-03-06T10:00:00,Günde 2
2466,1980,20,1,24.0,24.0,2026-03-06T14:26:00,Uyku öncesi
2467,1984,13,3,4.2,12.600000000000001,2026-03-07T16:13:00,Yemekle
2468,1984,11,4,5.0,20.0,2026-03-07T16:13:00,Aç karna
2469,1984,14,3,7.5,22.5,2026-03-07T16:13:00,Aç karna
2470,1987,18,3,18.5,55.5,2026-03-07T18:30:00,Günde 2
2471,1989,8,2,7.5,15.0,2026-03-08T10:17:00,Günde 3
2472,1989,7,1,9.0,9.0,2026-03-08T10:17:00,Günde 2
2473,1989,6,2,2.2,4.4,2026-03-08T10:17:00,Günde 3
2474,1991,34,3,16.0,48.0,2026-03-08T15:23:00,Yemekle
2475,1992,6,4,2.2,8.8,2026-03-08T16:10:00,Uyku öncesi
2476,1992,9,3,12.0,36.0,2026-03-08T16:10:00,Yemekle
2477,1994,11,1,5.0,5.0,2026-03-09T11:34:00,Yemekle
2478,1994,12,4,6.0,24.0,2026-03-09T11:34:00,Günde 1
2479,1995,24,4,22.0,88.0,2026-03-09T13:43:00,Günde 2
2480,1997,32,4,28.0,112.0,2026-03-09T16:09:00,Aç karna
2481,1998,22,4,3.0,12.0,2026-03-09T16:21:00,Günde 2
2482,1998,24,4,22.0,88.0,2026-03-09T16:21:00,Günde 3
2483,2001,22,1,3.0,3.0,2026-03-10T10:09:00,Yemekle
2484,2002,26,2,7.0,14.0,2026-03-10T12:11:00,Günde 1
2485,2004,5,4,6.0,24.0,2026-03-10T14:49:00,Günde 1
2486,2004,3,2,12.0,24.0,2026-03-10T14:49:00,Günde 3
2487,2006,28,1,11.0,11.0,2026-03-10T15:05:00,Günde 3
2488,2006,30,2,9.5,19.0,2026-03-10T15:05:00,Günde 2
2489,2006,27,2,22.0,44.0,2026-03-10T15:05:00,Aç karna
2490,2009,12,3,6.0,18.0,2026-03-10T18:12:00,Günde 1
2491,2009,15,2,6.8,13.6,2026-03-10T18:12:00,Günde 3
2492,2009,13,1,4.2,4.2,2026-03-10T18:12:00,Günde 2
2493,2016,28,2,11.0,22.0,2026-03-13T11:01:00,Uyku öncesi
2494,2016,26,1,7.0,7.0,2026-03-13T11:01:00,Yemekle
2495,2018,3,2,12.0,24.0,2026-03-13T13:59:00,Uyku öncesi
2496,2018,1,2,2.5,5.0,2026-03-13T13:59:00,Uyku öncesi
2497,2019,33,2,5.0,10.0,2026-03-13T14:32:00,Uyku öncesi
2498,2019,32,3,28.0,84.0,2026-03-13T14:32:00,Günde 1
2499,2019,35,1,19.5,19.5,2026-03-13T14:32:00,Uyku öncesi
2500,2021,4,4,8.0,32.0,2026-03-13T18:23:00,Yemekle
2501,2021,3,3,12.0,36.0,2026-03-13T18:23:00,Günde 3
2502,2021,5,2,6.0,12.0,2026-03-13T18:23:00,Uyku öncesi
2503,2022,29,2,5.0,10.0,2026-03-14T12:03:00,Günde 2
2504,2022,28,2,11.0,22.0,2026-03-14T12:03:00,Günde 1
2505,2022,26,1,7.0,7.0,2026-03-14T12:03:00,Günde 3
2506,2025,18,4,18.5,74.0,2026-03-14T15:09:00,Günde 1
2507,2031,34,3,16.0,48.0,2026-03-15T10:39:00,Uyku öncesi
2508,2031,33,4,5.0,20.0,2026-03-15T10:39:00,Günde 1
2509,2031,32,1,28.0,28.0,2026-03-15T10:39:00,Günde 1
2510,2039,18,4,18.5,74.0,2026-03-16T15:36:00,Günde 3
2511,2040,27,2,22.0,44.0,2026-03-16T18:52:00,Uyku öncesi
2512,2040,29,3,5.0,15.0,2026-03-16T18:52:00,Günde 1
2513,2040,26,2,7.0,14.0,2026-03-16T18:52:00,Günde 1
2514,2041,10,4,38.0,152.0,2026-03-17T14:52:00,Günde 2
2515,2041,7,2,9.0,18.0,2026-03-17T14:52:00,Günde 3
2516,2041,6,2,2.2,4.4,2026-03-17T14:52:00,Aç karna
2517,2045,28,3,11.0,33.0,2026-03-18T13:43:00,Günde 1
2518,2045,30,3,9.5,28.5,2026-03-18T13:43:00,Günde 1
2519,2047,22,3,3.0,9.0,2026-03-18T14:56:00,Aç karna
2520,2052,15,1,6.8,6.8,2026-03-19T14:02:00,Günde 3
2521,2052,13,1,4.2,4.2,2026-03-19T14:02:00,Günde 2
2522,2052,12,2,6.0,12.0,2026-03-19T14:02:00,Yemekle
2523,2056,4,1,8.0,8.0,2026-03-19T19:15:00,Günde 2
2524,2058,22,2,3.0,6.0,2026-03-20T12:34:00,Uyku öncesi
2525,2060,34,2,16.0,32.0,2026-03-20T16:11:00,Günde 2
2526,2061,5,4,6.0,24.0,2026-03-20T16:45:00,Günde 3
2527,2063,34,2,16.0,32.0,2026-03-20T18:40:00,Günde 3
2528,2068,12,1,6.0,6.0,2026-03-21T10:42:00,Yemekle
2529,2068,13,1,4.2,4.2,2026-03-21T10:42:00,Günde 3
2530,2069,22,4,3.0,12.0,2026-03-21T10:22:00,Yemekle
2531,2070,12,4,6.0,24.0,2026-03-21T10:56:00,Yemekle
2532,2070,15,4,6.8,27.2,2026-03-21T10:56:00,Uyku öncesi
2533,2073,27,4,22.0,88.0,2026-03-21T12:05:00,Uyku öncesi
2534,2073,30,2,9.5,19.0,2026-03-21T12:05:00,Günde 2
2535,2074,15,4,6.8,27.2,2026-03-21T12:31:00,Uyku öncesi
2536,2074,11,4,5.0,20.0,2026-03-21T12:31:00,Günde 2
2537,2074,14,1,7.5,7.5,2026-03-21T12:31:00,Günde 1
2538,2075,24,4,22.0,88.0,2026-03-21T15:04:00,Yemekle
2539,2075,22,4,3.0,12.0,2026-03-21T15:04:00,Uyku öncesi
2540,2076,9,3,12.0,36.0,2026-03-21T15:48:00,Uyku öncesi
2541,2077,35,1,19.5,19.5,2026-03-21T15:41:00,Günde 1
2542,2078,14,2,7.5,15.0,2026-03-21T17:49:00,Günde 1
2543,2078,12,2,6.0,12.0,2026-03-21T17:49:00,Aç karna
2544,2079,27,3,22.0,66.0,2026-03-21T18:27:00,Günde 1
2545,2079,29,2,5.0,10.0,2026-03-21T18:27:00,Günde 2
2546,2079,28,2,11.0,22.0,2026-03-21T18:27:00,Günde 1
2547,2081,28,1,11.0,11.0,2026-03-22T11:52:00,Günde 2
2548,2086,24,3,22.0,66.0,2026-03-23T11:21:00,Günde 3
2549,2091,11,2,5.0,10.0,2026-03-24T10:58:00,Günde 2
2550,2091,13,4,4.2,16.8,2026-03-24T10:58:00,Günde 2
2551,2092,30,4,9.5,38.0,2026-03-24T12:17:00,Aç karna
2552,2093,11,3,5.0,15.0,2026-03-24T13:29:00,Günde 2
2553,2093,14,1,7.5,7.5,2026-03-24T13:29:00,Uyku öncesi
2554,2099,22,2,3.0,6.0,2026-03-25T09:04:00,Aç karna
2555,2100,4,4,8.0,32.0,2026-03-25T09:09:00,Yemekle
2556,2102,29,3,5.0,15.0,2026-03-25T10:00:00,Günde 3
2557,2103,12,4,6.0,24.0,2026-03-25T11:14:00,Günde 1
2558,2103,11,3,5.0,15.0,2026-03-25T11:14:00,Uyku öncesi
2559,2103,15,4,6.8,27.2,2026-03-25T11:14:00,Günde 3
2560,2105,8,2,7.5,15.0,2026-03-25T13:28:00,Uyku öncesi
2561,2105,10,4,38.0,152.0,2026-03-25T13:28:00,Günde 3
2562,2106,5,4,6.0,24.0,2026-03-25T18:32:00,Uyku öncesi
2563,2110,24,4,22.0,88.0,2026-03-26T18:43:00,Yemekle
2564,2111,6,1,2.2,2.2,2026-03-27T08:16:00,Aç karna
2565,2111,7,2,9.0,18.0,2026-03-27T08:16:00,Aç karna
2566,2111,10,1,38.0,38.0,2026-03-27T08:16:00,Günde 2
2567,2113,33,1,5.0,5.0,2026-03-27T12:40:00,Günde 1
2568,2113,35,1,19.5,19.5,2026-03-27T12:40:00,Günde 2
2569,2114,28,2,11.0,22.0,2026-03-27T13:19:00,Günde 1
2570,2115,28,1,11.0,11.0,2026-03-27T15:22:00,Aç karna
2571,2116,22,2,3.0,6.0,2026-03-28T08:51:00,Aç karna
2572,2117,5,1,6.0,6.0,2026-03-28T11:35:00,Yemekle
2573,2119,13,3,4.2,12.600000000000001,2026-03-28T12:53:00,Aç karna
2574,2120,26,1,7.0,7.0,2026-03-28T15:28:00,Uyku öncesi
2575,2120,27,2,22.0,44.0,2026-03-28T15:28:00,Yemekle
2576,2120,28,2,11.0,22.0,2026-03-28T15:28:00,Günde 3
2577,2121,15,4,6.8,27.2,2026-03-28T15:21:00,Günde 3
2578,2121,13,4,4.2,16.8,2026-03-28T15:21:00,Günde 2
2579,2121,11,1,5.0,5.0,2026-03-28T15:21:00,Günde 2
2580,2122,24,2,22.0,44.0,2026-03-28T17:03:00,Aç karna
2581,2125,7,3,9.0,27.0,2026-03-29T12:04:00,Günde 2
2582,2125,6,1,2.2,2.2,2026-03-29T12:04:00,Uyku öncesi
2583,2126,35,2,19.5,39.0,2026-03-29T12:57:00,Yemekle
2584,2127,27,1,22.0,22.0,2026-03-29T13:18:00,Günde 2
2585,2127,26,3,7.0,21.0,2026-03-29T13:18:00,Uyku öncesi
2586,2129,28,3,11.0,33.0,2026-03-29T14:39:00,Günde 1
2587,2129,29,1,5.0,5.0,2026-03-29T14:39:00,Aç karna
2588,2129,26,3,7.0,21.0,2026-03-29T14:39:00,Günde 2
2589,2130,28,1,11.0,11.0,2026-03-29T15:29:00,Aç karna
2590,2130,27,4,22.0,88.0,2026-03-29T15:29:00,Günde 2
2591,2131,30,4,9.5,38.0,2026-03-29T16:26:00,Günde 1
2592,2131,29,4,5.0,20.0,2026-03-29T16:26:00,Aç karna
2593,2131,27,4,22.0,88.0,2026-03-29T16:26:00,Günde 2
2594,2133,26,1,7.0,7.0,2026-03-30T16:07:00,Uyku öncesi
2595,2133,29,3,5.0,15.0,2026-03-30T16:07:00,Günde 1
2596,2135,15,3,6.8,20.4,2026-03-30T19:16:00,Aç karna
2597,2135,12,2,6.0,12.0,2026-03-30T19:16:00,Uyku öncesi
2598,2139,5,1,6.0,6.0,2026-03-31T10:32:00,Uyku öncesi
2599,2139,3,3,12.0,36.0,2026-03-31T10:32:00,Uyku öncesi
2600,2142,18,1,18.5,18.5,2026-03-31T12:13:00,Yemekle
2601,2145,24,1,22.0,22.0,2026-04-01T12:02:00,Uyku öncesi
2602,2149,22,1,3.0,3.0,2026-04-02T13:24:00,Günde 2
2603,2150,26,4,7.0,28.0,2026-04-02T14:00:00,Günde 1
2604,2150,30,1,9.5,9.5,2026-04-02T14:00:00,Aç karna
2605,2153,11,3,5.0,15.0,2026-04-02T15:39:00,Günde 1
2606,2153,12,2,6.0,12.0,2026-04-02T15:39:00,Yemekle
2607,2155,6,3,2.2,6.6000000000000005,2026-04-03T10:25:00,Günde 1
2608,2155,7,2,9.0,18.0,2026-04-03T10:25:00,Uyku öncesi
2609,2156,9,2,12.0,24.0,2026-04-03T10:24:00,Aç karna
2610,2156,8,1,7.5,7.5,2026-04-03T10:24:00,Günde 1
2611,2156,7,1,9.0,9.0,2026-04-03T10:24:00,Yemekle
2612,2157,30,2,9.5,19.0,2026-04-03T10:35:00,Günde 2
2613,2158,26,3,7.0,21.0,2026-04-03T11:59:00,Günde 1
2614,2158,27,1,22.0,22.0,2026-04-03T11:59:00,Günde 1
2615,2159,22,1,3.0,3.0,2026-04-03T12:59:00,Yemekle
2616,2163,24,4,22.0,88.0,2026-04-03T16:13:00,Günde 2
2617,2165,10,2,38.0,76.0,2026-04-03T16:59:00,Günde 2
2618,2166,22,2,3.0,6.0,2026-04-03T17:36:00,Aç karna
2619,2170,22,3,3.0,9.0,2026-04-04T13:38:00,Günde 1
2620,2172,35,3,19.5,58.5,2026-04-04T16:38:00,Günde 1
2621,2173,3,2,12.0,24.0,2026-04-04T17:15:00,Aç karna
2622,2175,28,4,11.0,44.0,2026-04-04T18:01:00,Yemekle
2623,2175,29,1,5.0,5.0,2026-04-04T18:01:00,Uyku öncesi
2624,2175,27,1,22.0,22.0,2026-04-04T18:01:00,Günde 3
2625,2177,7,4,9.0,36.0,2026-04-05T12:48:00,Günde 1
2626,2177,6,3,2.2,6.6000000000000005,2026-04-05T12:48:00,Günde 1
2627,2178,32,3,28.0,84.0,2026-04-05T12:58:00,Günde 3
2628,2178,34,1,16.0,16.0,2026-04-05T12:58:00,Günde 3
2629,2182,32,2,28.0,56.0,2026-04-05T18:12:00,Yemekle
2630,2183,5,3,6.0,18.0,2026-04-05T18:11:00,Yemekle
2631,2185,24,2,22.0,44.0,2026-04-05T18:55:00,Günde 3
2632,2187,27,2,22.0,44.0,2026-04-07T11:02:00,Günde 1
2633,2187,30,1,9.5,9.5,2026-04-07T11:02:00,Yemekle
2634,2188,26,3,7.0,21.0,2026-04-07T13:40:00,Yemekle
2635,2190,20,2,24.0,48.0,2026-04-07T15:52:00,Günde 1
2636,2191,34,2,16.0,32.0,2026-04-07T15:22:00,Uyku öncesi
2637,2192,24,2,22.0,44.0,2026-04-07T16:37:00,Günde 1
2638,2193,3,3,12.0,36.0,2026-04-07T16:58:00,Uyku öncesi
2639,2193,5,4,6.0,24.0,2026-04-07T16:58:00,Yemekle
2640,2193,2,1,4.5,4.5,2026-04-07T16:58:00,Günde 1
2641,2195,35,1,19.5,19.5,2026-04-07T19:11:00,Yemekle
2642,2195,33,3,5.0,15.0,2026-04-07T19:11:00,Aç karna
2643,2202,22,4,3.0,12.0,2026-04-09T12:24:00,Uyku öncesi
2644,2203,30,2,9.5,19.0,2026-04-09T15:30:00,Günde 3
2645,2203,27,1,22.0,22.0,2026-04-09T15:30:00,Yemekle
2646,2205,13,1,4.2,4.2,2026-04-09T19:23:00,Yemekle
2647,2205,14,4,7.5,30.0,2026-04-09T19:23:00,Yemekle
2648,2205,15,3,6.8,20.4,2026-04-09T19:23:00,Günde 3
2649,2212,15,2,6.8,13.6,2026-04-11T10:27:00,Günde 3
2650,2212,14,3,7.5,22.5,2026-04-11T10:27:00,Günde 3
2651,2217,29,1,5.0,5.0,2026-04-11T15:04:00,Günde 3
2652,2217,30,4,9.5,38.0,2026-04-11T15:04:00,Uyku öncesi
2653,2227,24,1,22.0,22.0,2026-04-13T10:52:00,Günde 2
2654,2227,22,2,3.0,6.0,2026-04-13T10:52:00,Aç karna
2655,2229,22,4,3.0,12.0,2026-04-13T14:05:00,Aç karna
2656,2234,11,2,5.0,10.0,2026-04-15T12:52:00,Uyku öncesi
2657,2234,15,2,6.8,13.6,2026-04-15T12:52:00,Günde 3
2658,2234,12,4,6.0,24.0,2026-04-15T12:52:00,Uyku öncesi
2659,2237,28,4,11.0,44.0,2026-04-15T16:23:00,Uyku öncesi
2660,2239,2,4,4.5,18.0,2026-04-16T10:23:00,Aç karna
2661,2240,3,4,12.0,48.0,2026-04-16T10:35:00,Günde 1
2662,2241,29,2,5.0,10.0,2026-04-16T11:06:00,Günde 3
2663,2241,30,4,9.5,38.0,2026-04-16T11:06:00,Aç karna
2664,2241,26,4,7.0,28.0,2026-04-16T11:06:00,Günde 1
2665,2249,24,1,22.0,22.0,2026-04-17T12:34:00,Yemekle
2666,2255,18,2,18.5,37.0,2026-04-18T09:20:00,Günde 1
2667,2257,34,2,16.0,32.0,2026-04-18T10:54:00,Aç karna
2668,2257,33,4,5.0,20.0,2026-04-18T10:54:00,Günde 3
2669,2259,12,2,6.0,12.0,2026-04-18T16:23:00,Yemekle
2670,2259,14,1,7.5,7.5,2026-04-18T16:23:00,Günde 1
2671,2259,13,2,4.2,8.4,2026-04-18T16:23:00,Günde 3
2672,2263,14,4,7.5,30.0,2026-04-19T14:19:00,Uyku öncesi
2673,2264,32,2,28.0,56.0,2026-04-19T14:19:00,Yemekle
2674,2264,35,4,19.5,78.0,2026-04-19T14:19:00,Yemekle
2675,2269,34,2,16.0,32.0,2026-04-20T10:14:00,Uyku öncesi
2676,2270,15,3,6.8,20.4,2026-04-20T10:33:00,Yemekle
2677,2271,22,3,3.0,9.0,2026-04-20T12:46:00,Günde 2
2678,2274,32,1,28.0,28.0,2026-04-20T15:44:00,Aç karna
2679,2274,33,4,5.0,20.0,2026-04-20T15:44:00,Günde 2
2680,2274,35,3,19.5,58.5,2026-04-20T15:44:00,Aç karna
2681,2275,18,4,18.5,74.0,2026-04-20T15:59:00,Günde 1
2682,2278,32,1,28.0,28.0,2026-04-21T09:44:00,Günde 1
2683,2279,34,4,16.0,64.0,2026-04-21T10:40:00,Aç karna
2684,2280,2,2,4.5,9.0,2026-04-21T11:37:00,Günde 1
2685,2280,5,2,6.0,12.0,2026-04-21T11:37:00,Uyku öncesi
2686,2280,3,3,12.0,36.0,2026-04-21T11:37:00,Günde 2
2687,2283,34,4,16.0,64.0,2026-04-22T11:02:00,Uyku öncesi
2688,2283,35,2,19.5,39.0,2026-04-22T11:02:00,Uyku öncesi
2689,2283,32,1,28.0,28.0,2026-04-22T11:02:00,Günde 2
2690,2284,11,1,5.0,5.0,2026-04-22T15:29:00,Günde 1
2691,2284,15,1,6.8,6.8,2026-04-22T15:29:00,Günde 3
2692,2286,32,4,28.0,112.0,2026-04-22T18:23:00,Günde 1
2693,2286,35,1,19.5,19.5,2026-04-22T18:23:00,Aç karna
2694,2286,34,1,16.0,16.0,2026-04-22T18:23:00,Yemekle
2695,2290,35,2,19.5,39.0,2026-04-23T12:39:00,Günde 2
2696,2292,22,2,3.0,6.0,2026-04-23T15:34:00,Yemekle
2697,2294,11,2,5.0,10.0,2026-04-23T15:41:00,Günde 2
2698,2296,13,3,4.2,12.600000000000001,2026-04-23T19:19:00,Günde 3
2699,2296,14,1,7.5,7.5,2026-04-23T19:19:00,Uyku öncesi
2700,2297,30,2,9.5,19.0,2026-04-24T10:43:00,Günde 2
2701,2299,12,3,6.0,18.0,2026-04-24T16:42:00,Günde 3
2702,2300,11,3,5.0,15.0,2026-04-24T17:44:00,Yemekle
2703,2301,15,4,6.8,27.2,2026-04-24T18:30:00,Günde 2
2704,2303,27,2,22.0,44.0,2026-04-25T12:52:00,Uyku öncesi
2705,2305,14,3,7.5,22.5,2026-04-25T19:04:00,Aç karna
2706,2305,12,3,6.0,18.0,2026-04-25T19:04:00,Aç karna
2707,2313,18,3,18.5,55.5,2026-04-28T11:34:00,Yemekle
2708,2315,30,4,9.5,38.0,2026-04-28T17:55:00,Günde 2
2709,2315,28,2,11.0,22.0,2026-04-28T17:55:00,Uyku öncesi
2710,2316,3,1,12.0,12.0,2026-04-28T18:07:00,Uyku öncesi
2711,2320,26,1,7.0,7.0,2026-04-29T10:41:00,Aç karna
2712,2320,27,1,22.0,22.0,2026-04-29T10:41:00,Günde 3
2713,2320,30,3,9.5,28.5,2026-04-29T10:41:00,Günde 1
2714,2321,28,3,11.0,33.0,2026-04-29T10:46:00,Günde 1
2715,2326,10,3,38.0,114.0,2026-04-29T17:04:00,Günde 3
2716,2327,18,3,18.5,55.5,2026-04-29T17:09:00,Uyku öncesi
2717,2331,13,3,4.2,12.600000000000001,2026-04-30T10:58:00,Günde 3
2718,2331,15,3,6.8,20.4,2026-04-30T10:58:00,Yemekle
2719,2332,18,1,18.5,18.5,2026-04-30T13:39:00,Günde 1
2720,2333,6,1,2.2,2.2,2026-04-30T17:05:00,Yemekle
2721,2333,9,1,12.0,12.0,2026-04-30T17:05:00,Günde 2
2722,2336,18,2,18.5,37.0,2026-05-01T09:01:00,Günde 3
2723,2340,13,4,4.2,16.8,2026-05-03T08:34:00,Günde 3
2724,2342,5,4,6.0,24.0,2026-05-03T10:16:00,Günde 3
2725,2343,28,1,11.0,11.0,2026-05-03T12:55:00,Aç karna
2726,2345,34,2,16.0,32.0,2026-05-03T18:48:00,Aç karna
2727,2349,2,2,4.5,9.0,2026-05-04T11:51:00,Aç karna
2728,2350,5,2,6.0,12.0,2026-05-04T13:25:00,Yemekle
2729,2350,2,3,4.5,13.5,2026-05-04T13:25:00,Aç karna
2730,2351,15,3,6.8,20.4,2026-05-04T13:59:00,Aç karna
2731,2351,13,4,4.2,16.8,2026-05-04T13:59:00,Yemekle
2732,2352,34,4,16.0,64.0,2026-05-04T14:19:00,Günde 2
2733,2358,24,4,22.0,88.0,2026-05-05T17:08:00,Yemekle
2734,2359,5,2,6.0,12.0,2026-05-05T17:41:00,Uyku öncesi
2735,2360,32,4,28.0,112.0,2026-05-06T09:17:00,Günde 3
2736,2360,34,1,16.0,16.0,2026-05-06T09:17:00,Günde 2
2737,2364,3,1,12.0,12.0,2026-05-07T10:52:00,Yemekle
2738,2365,5,3,6.0,18.0,2026-05-07T12:34:00,Yemekle
2739,2365,3,1,12.0,12.0,2026-05-07T12:34:00,Günde 1
2740,2366,18,1,18.5,18.5,2026-05-07T13:55:00,Yemekle
2741,2367,10,2,38.0,76.0,2026-05-07T15:55:00,Günde 1
2742,2367,7,3,9.0,27.0,2026-05-07T15:55:00,Yemekle
2743,2367,8,4,7.5,30.0,2026-05-07T15:55:00,Günde 2
2744,2368,2,1,4.5,4.5,2026-05-07T18:52:00,Günde 2
2745,2368,3,1,12.0,12.0,2026-05-07T18:52:00,Uyku öncesi
2746,2371,14,1,7.5,7.5,2026-05-08T10:18:00,Aç karna
2747,2372,3,4,12.0,48.0,2026-05-08T10:09:00,Günde 2
2748,2373,24,2,22.0,44.0,2026-05-08T10:59:00,Günde 2
2749,2374,27,2,22.0,44.0,2026-05-08T11:05:00,Aç karna
2750,2374,28,1,11.0,11.0,2026-05-08T11:05:00,Uyku öncesi
2751,2375,7,1,9.0,9.0,2026-05-08T13:20:00,Günde 2
2752,2375,9,1,12.0,12.0,2026-05-08T13:20:00,Yemekle
2753,2375,10,4,38.0,152.0,2026-05-08T13:20:00,Yemekle
2754,2376,2,1,4.5,4.5,2026-05-08T14:19:00,Günde 3
2755,2376,5,1,6.0,6.0,2026-05-08T14:19:00,Günde 1
2756,2377,12,3,6.0,18.0,2026-05-09T09:22:00,Aç karna
2757,2380,15,3,6.8,20.4,2026-05-09T14:15:00,Günde 2
2758,2380,14,2,7.5,15.0,2026-05-09T14:15:00,Günde 1
2759,2380,12,3,6.0,18.0,2026-05-09T14:15:00,Uyku öncesi
2760,2382,34,1,16.0,16.0,2026-05-09T18:07:00,Uyku öncesi
2761,2382,32,3,28.0,84.0,2026-05-09T18:07:00,Günde 1
2762,2382,33,2,5.0,10.0,2026-05-09T18:07:00,Uyku öncesi
2763,2394,5,1,6.0,6.0,2026-05-11T18:50:00,Günde 1
2764,2395,5,2,6.0,12.0,2026-05-11T19:26:00,Günde 1
2765,2396,9,2,12.0,24.0,2026-05-12T08:23:00,Aç karna
2766,2396,8,2,7.5,15.0,2026-05-12T08:23:00,Uyku öncesi
2767,2396,7,2,9.0,18.0,2026-05-12T08:23:00,Yemekle
2768,2399,29,3,5.0,15.0,2026-05-12T16:46:00,Aç karna
2769,2404,15,4,6.8,27.2,2026-05-12T17:37:00,Günde 1
2770,2408,33,2,5.0,10.0,2026-05-13T11:37:00,Uyku öncesi
2771,2411,34,2,16.0,32.0,2026-05-13T16:26:00,Günde 2
2772,2411,35,1,19.5,19.5,2026-05-13T16:26:00,Yemekle
